-- MySQL dump 10.13  Distrib 8.0.19, for Win64 (x86_64)
--
-- Host: localhost    Database: thehouse
-- ------------------------------------------------------
-- Server version	8.0.19

/*!40101 SET @OLD_CHARACTER_SET_CLIENT=@@CHARACTER_SET_CLIENT */;
/*!40101 SET @OLD_CHARACTER_SET_RESULTS=@@CHARACTER_SET_RESULTS */;
/*!40101 SET @OLD_COLLATION_CONNECTION=@@COLLATION_CONNECTION */;
/*!50503 SET NAMES utf8 */;
/*!40103 SET @OLD_TIME_ZONE=@@TIME_ZONE */;
/*!40103 SET TIME_ZONE='+00:00' */;
/*!40014 SET @OLD_UNIQUE_CHECKS=@@UNIQUE_CHECKS, UNIQUE_CHECKS=0 */;
/*!40014 SET @OLD_FOREIGN_KEY_CHECKS=@@FOREIGN_KEY_CHECKS, FOREIGN_KEY_CHECKS=0 */;
/*!40101 SET @OLD_SQL_MODE=@@SQL_MODE, SQL_MODE='NO_AUTO_VALUE_ON_ZERO' */;
/*!40111 SET @OLD_SQL_NOTES=@@SQL_NOTES, SQL_NOTES=0 */;

--
-- Table structure for table `allmember`
--

DROP TABLE IF EXISTS `allmember`;
/*!40101 SET @saved_cs_client     = @@character_set_client */;
/*!50503 SET character_set_client = utf8mb4 */;
CREATE TABLE `allmember` (
  `userid` varchar(50) CHARACTER SET utf8 COLLATE utf8_bin NOT NULL COMMENT '아이디',
  `userpw` varchar(100) CHARACTER SET utf8 COLLATE utf8_bin DEFAULT NULL COMMENT '비밀번호',
  `authCode` int NOT NULL COMMENT '권한코드',
  `socialType` varchar(20) CHARACTER SET utf8 COLLATE utf8_bin DEFAULT NULL COMMENT '소셜타입',
  `enabled` varchar(20) CHARACTER SET utf8 COLLATE utf8_bin DEFAULT '1',
  PRIMARY KEY (`userid`),
  KEY `FK_auth_TO_allMember` (`authCode`),
  CONSTRAINT `FK_auth_TO_allMember` FOREIGN KEY (`authCode`) REFERENCES `auth` (`authCode`) ON DELETE CASCADE ON UPDATE CASCADE
) ENGINE=InnoDB DEFAULT CHARSET=utf8 COLLATE=utf8_bin COMMENT='통합멤버';
/*!40101 SET character_set_client = @saved_cs_client */;

--
-- Dumping data for table `allmember`
--

LOCK TABLES `allmember` WRITE;
/*!40000 ALTER TABLE `allmember` DISABLE KEYS */;
INSERT INTO `allmember` VALUES ('adm1','{bcrypt}$2a$10$KmeQMmC62oTmxf6Lv56NDOVCGR5LNh5VkjMe98741HNQg14TBsNPO',3,NULL,'1'),('adm2','{bcrypt}$2a$10$KmeQMmC62oTmxf6Lv56NDOVCGR5LNh5VkjMe98741HNQg14TBsNPO',3,NULL,'1'),('adm3','{bcrypt}$2a$10$KmeQMmC62oTmxf6Lv56NDOVCGR5LNh5VkjMe98741HNQg14TBsNPO',3,NULL,'1'),('adm4','{bcrypt}$2a$10$KmeQMmC62oTmxf6Lv56NDOVCGR5LNh5VkjMe98741HNQg14TBsNPO',3,NULL,'1'),('adm5','{bcrypt}$2a$10$KmeQMmC62oTmxf6Lv56NDOVCGR5LNh5VkjMe98741HNQg14TBsNPO',3,NULL,'1'),('alives','{bcrypt}$2a$10$KmeQMmC62oTmxf6Lv56NDOVCGR5LNh5VkjMe98741HNQg14TBsNPO',2,NULL,'1'),('allliv','{bcrypt}$2a$10$KmeQMmC62oTmxf6Lv56NDOVCGR5LNh5VkjMe98741HNQg14TBsNPO',2,NULL,'1'),('alllumi','{bcrypt}$2a$10$KmeQMmC62oTmxf6Lv56NDOVCGR5LNh5VkjMe98741HNQg14TBsNPO',2,NULL,'1'),('andplastic','{bcrypt}$2a$10$KmeQMmC62oTmxf6Lv56NDOVCGR5LNh5VkjMe98741HNQg14TBsNPO',2,NULL,'1'),('assibang','{bcrypt}$2a$10$KmeQMmC62oTmxf6Lv56NDOVCGR5LNh5VkjMe98741HNQg14TBsNPO',2,NULL,'1'),('banesdeco1','{bcrypt}$2a$10$KmeQMmC62oTmxf6Lv56NDOVCGR5LNh5VkjMe98741HNQg14TBsNPO',2,NULL,'1'),('banzzak','{bcrypt}$2a$10$KmeQMmC62oTmxf6Lv56NDOVCGR5LNh5VkjMe98741HNQg14TBsNPO',2,NULL,'1'),('bonoHouse','{bcrypt}$2a$10$KmeQMmC62oTmxf6Lv56NDOVCGR5LNh5VkjMe98741HNQg14TBsNPO',2,NULL,'1'),('cfactory12','{bcrypt}$2a$10$KmeQMmC62oTmxf6Lv56NDOVCGR5LNh5VkjMe98741HNQg14TBsNPO',2,NULL,'1'),('changsin1','{bcrypt}$2a$10$KmeQMmC62oTmxf6Lv56NDOVCGR5LNh5VkjMe98741HNQg14TBsNPO',2,NULL,'1'),('dks1','{bcrypt}$2a$10$KmeQMmC62oTmxf6Lv56NDOVCGR5LNh5VkjMe98741HNQg14TBsNPO',2,NULL,'1'),('ecohome12','{bcrypt}$2a$10$KmeQMmC62oTmxf6Lv56NDOVCGR5LNh5VkjMe98741HNQg14TBsNPO',2,NULL,'1'),('edenmisul','{bcrypt}$2a$10$KmeQMmC62oTmxf6Lv56NDOVCGR5LNh5VkjMe98741HNQg14TBsNPO',2,NULL,'1'),('ffeeling1','{bcrypt}$2a$10$KmeQMmC62oTmxf6Lv56NDOVCGR5LNh5VkjMe98741HNQg14TBsNPO',2,NULL,'1'),('freemade','{bcrypt}$2a$10$H7qF5hdPtZl5nwRlIuffC.3giamLffi0KgCCiNQJAZ1G/dMVPDvAW',2,NULL,'1'),('gazz','{bcrypt}$2a$10$KmeQMmC62oTmxf6Lv56NDOVCGR5LNh5VkjMe98741HNQg14TBsNPO',2,NULL,'1'),('gkgus1112@gmail.com',NULL,1,'GOOGLE','1'),('ha1','{bcrypt}$2a$10$KmeQMmC62oTmxf6Lv56NDOVCGR5LNh5VkjMe98741HNQg14TBsNPO',1,NULL,'1'),('ha123','{bcrypt}$2a$10$KmeQMmC62oTmxf6Lv56NDOVCGR5LNh5VkjMe98741HNQg14TBsNPO',1,NULL,'1'),('ha2','{bcrypt}$2a$10$KmeQMmC62oTmxf6Lv56NDOVCGR5LNh5VkjMe98741HNQg14TBsNPO',1,NULL,'1'),('ha3','{bcrypt}$2a$10$KmeQMmC62oTmxf6Lv56NDOVCGR5LNh5VkjMe98741HNQg14TBsNPO',1,NULL,'1'),('ha4','{bcrypt}$2a$10$KmeQMmC62oTmxf6Lv56NDOVCGR5LNh5VkjMe98741HNQg14TBsNPO',1,NULL,'1'),('hitmans','{bcrypt}$2a$10$KmeQMmC62oTmxf6Lv56NDOVCGR5LNh5VkjMe98741HNQg14TBsNPO',2,NULL,'1'),('hoho1','{bcrypt}$2a$10$9msDHWiTsP98sF46SDb/TuL8H5N4khOKDwz4bW4aj81wD6FuOgffi',1,NULL,'1'),('housebudy','{bcrypt}$2a$10$KmeQMmC62oTmxf6Lv56NDOVCGR5LNh5VkjMe98741HNQg14TBsNPO',2,NULL,'1'),('houserec12','{bcrypt}$2a$10$KmeQMmC62oTmxf6Lv56NDOVCGR5LNh5VkjMe98741HNQg14TBsNPO',2,NULL,'1'),('ikea','{bcrypt}$2a$10$KmeQMmC62oTmxf6Lv56NDOVCGR5LNh5VkjMe98741HNQg14TBsNPO',2,NULL,'1'),('ilcom123','{bcrypt}$2a$10$KmeQMmC62oTmxf6Lv56NDOVCGR5LNh5VkjMe98741HNQg14TBsNPO',2,NULL,'1'),('irisKorea','{bcrypt}$2a$10$KmeQMmC62oTmxf6Lv56NDOVCGR5LNh5VkjMe98741HNQg14TBsNPO',2,NULL,'1'),('iwb01','{bcrypt}$2a$10$KmeQMmC62oTmxf6Lv56NDOVCGR5LNh5VkjMe98741HNQg14TBsNPO',2,NULL,'1'),('jung123','{bcrypt}$2a$10$KmeQMmC62oTmxf6Lv56NDOVCGR5LNh5VkjMe98741HNQg14TBsNPO',1,NULL,'1'),('kim1','{bcrypt}$2a$10$KmeQMmC62oTmxf6Lv56NDOVCGR5LNh5VkjMe98741HNQg14TBsNPO',1,NULL,'1'),('kim2','{bcrypt}$2a$10$KmeQMmC62oTmxf6Lv56NDOVCGR5LNh5VkjMe98741HNQg14TBsNPO',1,NULL,'1'),('kim3','{bcrypt}$2a$10$KmeQMmC62oTmxf6Lv56NDOVCGR5LNh5VkjMe98741HNQg14TBsNPO',1,NULL,'1'),('kim4','{bcrypt}$2a$10$KmeQMmC62oTmxf6Lv56NDOVCGR5LNh5VkjMe98741HNQg14TBsNPO',1,NULL,'1'),('kim5','{bcrypt}$2a$10$KmeQMmC62oTmxf6Lv56NDOVCGR5LNh5VkjMe98741HNQg14TBsNPO',1,NULL,'1'),('kim6','{bcrypt}$2a$10$KmeQMmC62oTmxf6Lv56NDOVCGR5LNh5VkjMe98741HNQg14TBsNPO',1,NULL,'1'),('ladyf1','{bcrypt}$2a$10$KmeQMmC62oTmxf6Lv56NDOVCGR5LNh5VkjMe98741HNQg14TBsNPO',2,NULL,'1'),('lisent','{bcrypt}$2a$10$KmeQMmC62oTmxf6Lv56NDOVCGR5LNh5VkjMe98741HNQg14TBsNPO',2,NULL,'1'),('lissem','{bcrypt}$2a$10$KmeQMmC62oTmxf6Lv56NDOVCGR5LNh5VkjMe98741HNQg14TBsNPO',2,NULL,'1'),('livart','{bcrypt}$2a$10$KmeQMmC62oTmxf6Lv56NDOVCGR5LNh5VkjMe98741HNQg14TBsNPO',2,NULL,'1'),('marenco1','{bcrypt}$2a$10$KmeQMmC62oTmxf6Lv56NDOVCGR5LNh5VkjMe98741HNQg14TBsNPO',2,NULL,'1'),('marketb','{bcrypt}$2a$10$KmeQMmC62oTmxf6Lv56NDOVCGR5LNh5VkjMe98741HNQg14TBsNPO',2,NULL,'1'),('mdtop1','$10$KmeQMmC62oTmxf6Lv56NDOVCGR5LNh5VkjMe98741HNQg14TBsNPO',1,NULL,'1'),('mfmagic','{bcrypt}$2a$10$KmeQMmC62oTmxf6Lv56NDOVCGR5LNh5VkjMe98741HNQg14TBsNPO',2,NULL,'1'),('min123','{bcrypt}$2a$10$KmeQMmC62oTmxf6Lv56NDOVCGR5LNh5VkjMe98741HNQg14TBsNPO',1,NULL,'1'),('mooas','{bcrypt}$2a$10$KmeQMmC62oTmxf6Lv56NDOVCGR5LNh5VkjMe98741HNQg14TBsNPO',2,NULL,'1'),('nam1','{bcrypt}$2a$10$9zupnWceijBuw8Pi72V6Kuzlwh/SkoT8p25nmtdTuiJXx609d.Wc6',1,NULL,'1'),('naturelib12','{bcrypt}$2a$10$KmeQMmC62oTmxf6Lv56NDOVCGR5LNh5VkjMe98741HNQg14TBsNPO',2,NULL,'1'),('oa','{bcrypt}$2a$10$KmeQMmC62oTmxf6Lv56NDOVCGR5LNh5VkjMe98741HNQg14TBsNPO',2,NULL,'1'),('oholive','{bcrypt}$2a$10$KmeQMmC62oTmxf6Lv56NDOVCGR5LNh5VkjMe98741HNQg14TBsNPO',2,NULL,'1'),('oleg123','{bcrypt}$2a$10$KmeQMmC62oTmxf6Lv56NDOVCGR5LNh5VkjMe98741HNQg14TBsNPO',1,NULL,'1'),('philips','{bcrypt}$2a$10$KmeQMmC62oTmxf6Lv56NDOVCGR5LNh5VkjMe98741HNQg14TBsNPO',2,NULL,'1'),('plobaum11','{bcrypt}$2a$10$KmeQMmC62oTmxf6Lv56NDOVCGR5LNh5VkjMe98741HNQg14TBsNPO',2,NULL,'1'),('polimoly01','{bcrypt}$2a$10$KmeQMmC62oTmxf6Lv56NDOVCGR5LNh5VkjMe98741HNQg14TBsNPO',2,NULL,'1'),('raymoon','{bcrypt}$2a$10$KmeQMmC62oTmxf6Lv56NDOVCGR5LNh5VkjMe98741HNQg14TBsNPO',2,NULL,'1'),('revense','{bcrypt}$2a$10$KmeQMmC62oTmxf6Lv56NDOVCGR5LNh5VkjMe98741HNQg14TBsNPO',2,NULL,'1'),('roomandhome1','{bcrypt}$2a$10$KmeQMmC62oTmxf6Lv56NDOVCGR5LNh5VkjMe98741HNQg14TBsNPO',2,NULL,'1'),('sangdof1','{bcrypt}$2a$10$KmeQMmC62oTmxf6Lv56NDOVCGR5LNh5VkjMe98741HNQg14TBsNPO',1,NULL,'1'),('sangil111','{bcrypt}$2a$10$KmeQMmC62oTmxf6Lv56NDOVCGR5LNh5VkjMe98741HNQg14TBsNPO',1,NULL,'1'),('selesta','{bcrypt}$2a$10$KmeQMmC62oTmxf6Lv56NDOVCGR5LNh5VkjMe98741HNQg14TBsNPO',2,NULL,'1'),('shabas','{bcrypt}$2a$10$KmeQMmC62oTmxf6Lv56NDOVCGR5LNh5VkjMe98741HNQg14TBsNPO',2,NULL,'1'),('snailLiving','{bcrypt}$2a$10$KmeQMmC62oTmxf6Lv56NDOVCGR5LNh5VkjMe98741HNQg14TBsNPO',2,NULL,'1'),('spiano','{bcrypt}$2a$10$KmeQMmC62oTmxf6Lv56NDOVCGR5LNh5VkjMe98741HNQg14TBsNPO',2,NULL,'1'),('sr100','{bcrypt}$2a$10$KmeQMmC62oTmxf6Lv56NDOVCGR5LNh5VkjMe98741HNQg14TBsNPO',2,NULL,'1'),('ssd','{bcrypt}$2a$10$KmeQMmC62oTmxf6Lv56NDOVCGR5LNh5VkjMe98741HNQg14TBsNPO',2,NULL,'1'),('test0706','{bcrypt}$2a$10$3pr2IHwd.0cVeuFhjXP9b.Ut5RO3CM175viW4VDTllR0oRCibHEZ.',1,NULL,'1'),('thehaki','{bcrypt}$2a$10$KmeQMmC62oTmxf6Lv56NDOVCGR5LNh5VkjMe98741HNQg14TBsNPO',2,NULL,'1'),('twoplace','{bcrypt}$2a$10$KmeQMmC62oTmxf6Lv56NDOVCGR5LNh5VkjMe98741HNQg14TBsNPO',2,NULL,'1'),('westfrom','{bcrypt}$2a$10$KmeQMmC62oTmxf6Lv56NDOVCGR5LNh5VkjMe98741HNQg14TBsNPO',2,NULL,'1'),('wizhome12','{bcrypt}$2a$10$KmeQMmC62oTmxf6Lv56NDOVCGR5LNh5VkjMe98741HNQg14TBsNPO',2,NULL,'1'),('youn123','{bcrypt}$2a$10$KmeQMmC62oTmxf6Lv56NDOVCGR5LNh5VkjMe98741HNQg14TBsNPO',1,NULL,'1');
/*!40000 ALTER TABLE `allmember` ENABLE KEYS */;
UNLOCK TABLES;

--
-- Table structure for table `area`
--

DROP TABLE IF EXISTS `area`;
/*!40101 SET @saved_cs_client     = @@character_set_client */;
/*!50503 SET character_set_client = utf8mb4 */;
CREATE TABLE `area` (
  `areaCode` varchar(10) CHARACTER SET utf8 COLLATE utf8_bin NOT NULL COMMENT '평수코드',
  `areaType` varchar(20) CHARACTER SET utf8 COLLATE utf8_bin NOT NULL COMMENT '평수',
  PRIMARY KEY (`areaCode`)
) ENGINE=InnoDB DEFAULT CHARSET=utf8 COLLATE=utf8_bin COMMENT='평수코드';
/*!40101 SET character_set_client = @saved_cs_client */;

--
-- Dumping data for table `area`
--

LOCK TABLES `area` WRITE;
/*!40000 ALTER TABLE `area` DISABLE KEYS */;
INSERT INTO `area` VALUES ('a1','10평 미만'),('a2','10평대'),('a3','20평대'),('a4','30평대'),('a5','40평대'),('a6','50평이상');
/*!40000 ALTER TABLE `area` ENABLE KEYS */;
UNLOCK TABLES;

--
-- Table structure for table `askboard`
--

DROP TABLE IF EXISTS `askboard`;
/*!40101 SET @saved_cs_client     = @@character_set_client */;
/*!50503 SET character_set_client = utf8mb4 */;
CREATE TABLE `askboard` (
  `askBoardno` int NOT NULL AUTO_INCREMENT COMMENT '질문글번호',
  `memberId` varchar(50) CHARACTER SET utf8 COLLATE utf8_bin NOT NULL COMMENT '회원아이디',
  `askTitle` varchar(100) CHARACTER SET utf8 COLLATE utf8_bin NOT NULL COMMENT '글제목',
  `askContent` text CHARACTER SET utf8 COLLATE utf8_bin NOT NULL COMMENT '글내용',
  `askDate` date NOT NULL COMMENT '작성일자',
  `askGroupNo` int NOT NULL COMMENT '그룹번호',
  `askIndent` int DEFAULT NULL COMMENT '답글',
  `askStep` int DEFAULT NULL COMMENT '답글2그룹',
  PRIMARY KEY (`askBoardno`),
  KEY `FK_member_TO_askBoard` (`memberId`),
  CONSTRAINT `FK_member_TO_askBoard` FOREIGN KEY (`memberId`) REFERENCES `member` (`memberId`) ON DELETE CASCADE ON UPDATE CASCADE
) ENGINE=InnoDB AUTO_INCREMENT=27 DEFAULT CHARSET=utf8 COLLATE=utf8_bin COMMENT='질문';
/*!40101 SET character_set_client = @saved_cs_client */;

--
-- Dumping data for table `askboard`
--

LOCK TABLES `askboard` WRITE;
/*!40000 ALTER TABLE `askboard` DISABLE KEYS */;
INSERT INTO `askboard` VALUES (1,'youn123','벽 인테리어 추천좀용','<p>텅빈 벽 인테리어 추천 ㅠㅠ 공간이 150센치 정도인데 월세집이라 마땅히 꾸밀게 뭐가 있을까욤...??</p><p>&nbsp;</p><p><img src=\"/uploadImg/board/askboard/2020070205383581e52ed4-eedf-402f-9955-fe41471db0e7.jpeg\" title=\"1.jpeg\" width:\"300px\"=\"\"><br style=\"clear:both;\">&nbsp;</p>','2020-07-02',1,0,0),(2,'kim1','RE: 벽 인테리어 추천좀용','<p>패브릭 포스터나 가랜드, 예쁜 엽서로도 꾸밀수 있구요. 자세한 벽 꾸미기 노하우편 링크 걸어드리니 읽어보시면 도움이 되실꺼에요~!</p><p>☆벽면 꾸미기 인테리어 노하우편☆&nbsp;</p><p><span style=\"color: rgb(66, 66, 66); font-family: &quot;Noto Sans KR&quot;, &quot;Apple SD Gothic Neo&quot;, &quot;맑은 고딕&quot;, &quot;Malgun Gothic&quot;, sans-serif; font-size: 15px; letter-spacing: -0.4px; white-space: pre-line; background-color: rgb(255, 255, 255);\">➡️</span><a href=\"https://ohouse.onelink.me/2107755860/a4f32eba\" target=\"_blank\" rel=\"noopener noreferrer nofollow\" style=\"-webkit-tap-highlight-color: transparent; color: rgb(163, 228, 248); text-decoration-line: none; cursor: pointer; touch-action: manipulation; font-family: &quot;Noto Sans KR&quot;, &quot;Apple SD Gothic Neo&quot;, &quot;맑은 고딕&quot;, &quot;Malgun Gothic&quot;, sans-serif; font-size: 15px; letter-spacing: -0.4px; white-space: pre-line; background-color: rgb(255, 255, 255);\">https://ohouse.onelink.me/2107755860/a4f32eba<br style=\"clear:both;\"></a><img src=\"http://localhost:8080/uploadImg/board/askboard/202007020541517400ba7a-932c-4497-abcb-d892ede299be.jpg\" title=\"2.jpg\" width:\"300px\"=\"\">&nbsp;</p>','2020-07-02',1,1,1),(3,'kim3','붙박이장 3도어 문짝제거','<p><img src=\"http://localhost:8080/uploadImg/board/askboard/202007020558529b41ddb0-621c-4481-b8c5-eb78abeb0c1f.jpg\" title=\"3.jpg\" width:\"300px\"=\"\"></p><p>&nbsp;</p><p><span style=\"color: rgb(66, 66, 66); font-family: &quot;Noto Sans KR&quot;, &quot;Apple SD Gothic Neo&quot;, &quot;맑은 고딕&quot;, &quot;Malgun Gothic&quot;, sans-serif; font-size: 15px; letter-spacing: -0.4px; white-space: pre-line; background-color: rgb(255, 255, 255);\">음 이사온지 11개월이에요 그동안 저 붙박이장문을 어떻게든 하고싶은데 일이고 뭐고 바빠서 손도 못대고 있었어요.\r\n그러다가 이번에 너무 답답해보이기도 하고 오래되서 한쪽문이 잘안열리더라구요 그래서 문을 아예떼고 붙이는 커텐으로 가려볼까해요\r\n근데 길이상 밑에 그 슬라이딩부분?이 보일거같은데 이거 커버를 어떻게 해야할까요?ㅜㅜ\r\n그냥 시트지를 붙이거나 페인트질하면 슬라이딩 가운데 들어가부분이 티날거같구..</span>&nbsp;</p><p>&nbsp;</p><p>&nbsp;</p><p>&nbsp;</p><p><img src=\"/uploadImg/board/askboard/20200702055852e2bdf303-7139-41a2-8173-5d6acf950171.jpg\" title=\"4.jpg\" width:\"300px\"=\"\"><br style=\"clear:both;\">&nbsp;</p>','2020-07-02',3,0,0),(4,'min123','조언부탁드려요','<p><img src=\"/uploadImg/board/askboard/20200702060212be923d0b-60de-4764-9774-2e461dbfd361.jpeg\" title=\"5.jpeg\" width:\"300px\"=\"\"><br style=\"clear:both;\">&nbsp;</p><p><span style=\"color: rgb(66, 66, 66); font-family: &quot;Noto Sans KR&quot;, &quot;Apple SD Gothic Neo&quot;, &quot;맑은 고딕&quot;, &quot;Malgun Gothic&quot;, sans-serif; font-size: 15px; letter-spacing: -0.4px; white-space: pre-line; background-color: rgb(255, 255, 255);\">제가 정말 좋아하는 침대프레임인데\r\n시간이 지나면서 벗겨지고 노랗게 바래고\r\n다시 흰색으로 바꿀수 있는 방법이 뭐가 있을까요?\r\n페인트...밖에 생각이 안나서요</span></p><p>&nbsp;</p><p>&nbsp;</p><p><img src=\"/uploadImg/board/askboard/20200702060212425cba35-0b46-4209-8e9a-103ac2bfc50c.jpeg\" title=\"6.jpeg\" width:\"300px\"=\"\"><br style=\"clear:both;\">&nbsp;</p><p>&nbsp;</p><p><span style=\"color: rgb(66, 66, 66); font-family: &quot;Noto Sans KR&quot;, &quot;Apple SD Gothic Neo&quot;, &quot;맑은 고딕&quot;, &quot;Malgun Gothic&quot;, sans-serif; font-size: 15px; letter-spacing: -0.4px; white-space: pre-line; background-color: rgb(255, 255, 255);\">겉에가 이렇게 뜯어비고 있는데 그냥 다 벗기고 흰색으로 칠하면 괜찮을까요? 버리고 싶진 않은데 조언부탁드려요!</span>&nbsp;</p>','2020-07-02',4,0,0),(5,'oleg123','RE: 조언부탁드려요','<p><span style=\"color: rgb(66, 66, 66); font-family: &quot;Noto Sans KR&quot;, &quot;Apple SD Gothic Neo&quot;, &quot;맑은 고딕&quot;, &quot;Malgun Gothic&quot;, sans-serif; font-size: 15px; letter-spacing: -0.4px; white-space: pre-line; background-color: rgb(255, 255, 255);\">깔끔하긴 페인드가 가장 깔끔할거 같은데, 전 매일 자는 머리 바로 위에 페인트칠하기가 그럴 거 같아요ㅜㅜ</span>&nbsp;</p>','2020-07-02',4,1,1),(6,'ha123','RE: RE: 조언부탁드려요','<p><span style=\"color: rgb(66, 66, 66); font-family: &quot;Noto Sans KR&quot;, &quot;Apple SD Gothic Neo&quot;, &quot;맑은 고딕&quot;, &quot;Malgun Gothic&quot;, sans-serif; font-size: 15px; letter-spacing: -0.4px; white-space: pre-line; background-color: rgb(255, 255, 255);\">요즘은 스티커형식으로 붙일수 있어서 그쪽으로 알아보시는게 좋을거 같아욤</span>&nbsp;</p>','2020-07-02',4,2,2),(7,'jung123','RE: RE: RE: 조언부탁드려요','<p><span style=\"color: rgb(66, 66, 66); font-family: &quot;Noto Sans KR&quot;, &quot;Apple SD Gothic Neo&quot;, &quot;맑은 고딕&quot;, &quot;Malgun Gothic&quot;, sans-serif; font-size: 15px; letter-spacing: -0.4px; white-space: pre-line; background-color: rgb(255, 255, 255);\">요즘은 스티커형식으로 붙일수 있어서 그쪽으로 알아보시는게 좋을거 같아욤</span>&nbsp;</p>','2020-07-02',4,3,3),(8,'ha1','하트 거울 인테리어','<p><img src=\"/uploadImg/board/askboard/20200702060707081c47b7-198b-4877-9a01-20b3f6a21dde.jpeg\" title=\"7.jpeg\" width:\"300px\"=\"\"><br style=\"clear:both;\">&nbsp;</p><p><span style=\"color: rgb(66, 66, 66); font-family: &quot;Noto Sans KR&quot;, &quot;Apple SD Gothic Neo&quot;, &quot;맑은 고딕&quot;, &quot;Malgun Gothic&quot;, sans-serif; font-size: 15px; letter-spacing: -0.4px; white-space: pre-line; background-color: rgb(255, 255, 255);\">이 하트거울 보라색으로 샀는데 주변을 어떻게 꾸미는게 좋을까용 ㅠㅠ 서랍장 위에 세워둘지 벽에 고정할지 고민되네요.. 벽에 고정하면 옆에 엽서 같은거 붙일 생각이에요 !! 서랍장에 세워둔다면 어떻게 꾸미는게 좋을까요 서랍장은 흰색입니당</span>&nbsp;</p><p>&nbsp;</p>','2020-07-02',8,0,0),(9,'hoho1','흰색 서랍장 위','<p><span style=\"color: rgb(66, 66, 66); font-family: &quot;Noto Sans KR&quot;, &quot;Apple SD Gothic Neo&quot;, &quot;맑은 고딕&quot;, &quot;Malgun Gothic&quot;, sans-serif; font-size: 15px; letter-spacing: -0.4px; white-space: pre-line; background-color: rgb(255, 255, 255);\">흰색 서랍장 위는 어떻게 꾸미면 좋을까요\r\n평범한 3단서랍장이에요!!</span>&nbsp;</p>','2020-07-02',9,0,0),(10,'kim3','복층 오피스텔 인테리어 도와주세요','<p><span style=\"color: rgb(66, 66, 66); font-family: &quot;Noto Sans KR&quot;, &quot;Apple SD Gothic Neo&quot;, &quot;맑은 고딕&quot;, &quot;Malgun Gothic&quot;, sans-serif; font-size: 15px; letter-spacing: -0.4px; white-space: pre-line; background-color: rgb(255, 255, 255);\">1층 6평, 2층 2.8평 정도 되는 신축 복층 오피스텔이에요\r\n1층을 퀸침대, 작은 테이블, 흔들의자 등으로 침실로 사용하고\r\n2층을 낮은행거, 빈백, 테이블, 빔프로젝터 등으로 옷방겸 다락 느낌으로 사용하고싶었는데\r\n스타일러 때문에 정말 난감한 상황이에요...&nbsp;\r\n스타일러 하나 때문에 모든 인테리어를 싹 바꿔야하나 고민중입니다ㅠㅠㅠ 침실로 만드려는 1층에 두자니 인테리어를 너무 헤칠거같은데&nbsp;&nbsp;</span>&nbsp;</p><p><span style=\"color: rgb(66, 66, 66); font-family: &quot;Noto Sans KR&quot;, &quot;Apple SD Gothic Neo&quot;, &quot;맑은 고딕&quot;, &quot;Malgun Gothic&quot;, sans-serif; font-size: 15px; letter-spacing: -0.4px; white-space: pre-line; background-color: rgb(255, 255, 255);\"><img src=\"/uploadImg/board/askboard/202007020612531e5f63ce-4fbc-4f19-b1c5-3e42d558334a.jpeg\" title=\"8.jpeg\" width:\"300px\"=\"\"><br style=\"clear:both;\">&nbsp;</span></p><p><span style=\"color: rgb(66, 66, 66); font-family: &quot;Noto Sans KR&quot;, &quot;Apple SD Gothic Neo&quot;, &quot;맑은 고딕&quot;, &quot;Malgun Gothic&quot;, sans-serif; font-size: 15px; letter-spacing: -0.4px; white-space: pre-line; background-color: rgb(255, 255, 255);\">오피스텔은 대략 이렇게 생겼구요 생각해둔 스타일러 자리는 계단밑 에 표시해둔 이 공간이에요\r\n근데 여기두면.. 진짜 너무 안어울리고 튀어 나와보일거같아서 걱정이에요ㅠ</span><span style=\"color: rgb(66, 66, 66); font-family: &quot;Noto Sans KR&quot;, &quot;Apple SD Gothic Neo&quot;, &quot;맑은 고딕&quot;, &quot;Malgun Gothic&quot;, sans-serif; font-size: 15px; letter-spacing: -0.4px; white-space: pre-line; background-color: rgb(255, 255, 255);\">&nbsp;</span></p><p><span style=\"color: rgb(66, 66, 66); font-family: &quot;Noto Sans KR&quot;, &quot;Apple SD Gothic Neo&quot;, &quot;맑은 고딕&quot;, &quot;Malgun Gothic&quot;, sans-serif; font-size: 15px; letter-spacing: -0.4px; white-space: pre-line; background-color: rgb(255, 255, 255);\">&nbsp;</span></p><p><span style=\"color: rgb(66, 66, 66); font-family: &quot;Noto Sans KR&quot;, &quot;Apple SD Gothic Neo&quot;, &quot;맑은 고딕&quot;, &quot;Malgun Gothic&quot;, sans-serif; font-size: 15px; letter-spacing: -0.4px; white-space: pre-line; background-color: rgb(255, 255, 255);\"><img src=\"/uploadImg/board/askboard/202007020614284003c7a2-9fa8-47f1-84bc-6f55d6e58fd6.jpeg\" title=\"9.jpeg\" width:\"300px\"=\"\"><br style=\"clear:both;\"><img src=\"/uploadImg/board/askboard/20200702061428d6c70db7-c9ed-4f20-8fcb-89c8fa64ce8c.jpeg\" title=\"10.jpeg\" width:\"300px\"=\"\"><br style=\"clear:both;\"></span><span style=\"color: rgb(66, 66, 66); font-family: &quot;Noto Sans KR&quot;, &quot;Apple SD Gothic Neo&quot;, &quot;맑은 고딕&quot;, &quot;Malgun Gothic&quot;, sans-serif; font-size: 15px; letter-spacing: -0.4px; white-space: pre-line; background-color: rgb(255, 255, 255);\">이 테이블이랑 침대로 전체적인 인테리어 하고싶었는데 &nbsp;너무 안어울리겠죠ㅠ</span><span style=\"color: rgb(66, 66, 66); font-family: &quot;Noto Sans KR&quot;, &quot;Apple SD Gothic Neo&quot;, &quot;맑은 고딕&quot;, &quot;Malgun Gothic&quot;, sans-serif; font-size: 15px; letter-spacing: -0.4px; white-space: pre-line; background-color: rgb(255, 255, 255);\">&nbsp;</span></p><p><span style=\"color: rgb(66, 66, 66); font-family: &quot;Noto Sans KR&quot;, &quot;Apple SD Gothic Neo&quot;, &quot;맑은 고딕&quot;, &quot;Malgun Gothic&quot;, sans-serif; font-size: 15px; letter-spacing: -0.4px; white-space: pre-line; background-color: rgb(255, 255, 255);\">&nbsp;</span></p><p><span style=\"color: rgb(66, 66, 66); font-family: &quot;Noto Sans KR&quot;, &quot;Apple SD Gothic Neo&quot;, &quot;맑은 고딕&quot;, &quot;Malgun Gothic&quot;, sans-serif; font-size: 15px; letter-spacing: -0.4px; white-space: pre-line; background-color: rgb(255, 255, 255);\"><img src=\"/uploadImg/board/askboard/2020070206145392b833ce-4bd1-4d11-9b0e-a0a0732d93c4.jpeg\" title=\"11.jpeg\" width:\"300px\"=\"\"><br style=\"clear:both;\"></span><span style=\"color: rgb(66, 66, 66); font-family: &quot;Noto Sans KR&quot;, &quot;Apple SD Gothic Neo&quot;, &quot;맑은 고딕&quot;, &quot;Malgun Gothic&quot;, sans-serif; font-size: 15px; letter-spacing: -0.4px; white-space: pre-line; background-color: rgb(255, 255, 255);\">이건 대략적인 도면입니다</span><span style=\"color: rgb(66, 66, 66); font-family: &quot;Noto Sans KR&quot;, &quot;Apple SD Gothic Neo&quot;, &quot;맑은 고딕&quot;, &quot;Malgun Gothic&quot;, sans-serif; font-size: 15px; letter-spacing: -0.4px; white-space: pre-line; background-color: rgb(255, 255, 255);\">&nbsp;</span></p><p><span style=\"color: rgb(66, 66, 66); font-family: &quot;Noto Sans KR&quot;, &quot;Apple SD Gothic Neo&quot;, &quot;맑은 고딕&quot;, &quot;Malgun Gothic&quot;, sans-serif; font-size: 15px; letter-spacing: -0.4px; white-space: pre-line; background-color: rgb(255, 255, 255);\">&nbsp;</span></p><p><span style=\"color: rgb(66, 66, 66); font-family: &quot;Noto Sans KR&quot;, &quot;Apple SD Gothic Neo&quot;, &quot;맑은 고딕&quot;, &quot;Malgun Gothic&quot;, sans-serif; font-size: 15px; letter-spacing: -0.4px; white-space: pre-line; background-color: rgb(255, 255, 255);\"><img src=\"/uploadImg/board/askboard/20200702061513b8eef19f-2bac-4907-8eb7-e2fa869b349e.jpeg\" title=\"12.jpeg\" width:\"300px\"=\"\"><br style=\"clear:both;\">&nbsp;</span></p><p><span style=\"color: rgb(66, 66, 66); font-family: &quot;Noto Sans KR&quot;, &quot;Apple SD Gothic Neo&quot;, &quot;맑은 고딕&quot;, &quot;Malgun Gothic&quot;, sans-serif; font-size: 15px; letter-spacing: -0.4px; white-space: pre-line; background-color: rgb(255, 255, 255);\">유용하지만 너무나 골칫덩어리인 스타일러.. 처분하고 가야할까요ㅠㅠㅠ\r\n\r\n복층의 단점 중 하나가 여름엔 덥고 겨울엔 춥다는 것이 마음에 걸리고\r\n&nbsp;오피스텔이 통창에 뷰가 좋아서 침대를 1층에 두고싶었거든요..&nbsp;\r\n아무래도 침대를 위층으로 올리는게 맞는걸까요?</span><span style=\"color: rgb(66, 66, 66); font-family: &quot;Noto Sans KR&quot;, &quot;Apple SD Gothic Neo&quot;, &quot;맑은 고딕&quot;, &quot;Malgun Gothic&quot;, sans-serif; font-size: 15px; letter-spacing: -0.4px; white-space: pre-line; background-color: rgb(255, 255, 255);\">&nbsp;</span></p>','2020-07-02',10,0,0),(11,'min123','인테리어 같이 해주세요','<p><img src=\"/uploadImg/board/askboard/202007020617126d059227-22b5-4261-8d27-3e6828dd79a9.jpeg\" title=\"13.jpeg\" width:\"300px\"=\"\"><br style=\"clear:both;\"><img src=\"/uploadImg/board/askboard/202007020617129bb28294-9a36-47e6-a924-937515496a91.jpeg\" title=\"14.jpeg\" width:\"300px\"=\"\"><br style=\"clear:both;\">&nbsp;</p><p><span style=\"color: rgb(66, 66, 66); font-family: &quot;Noto Sans KR&quot;, &quot;Apple SD Gothic Neo&quot;, &quot;맑은 고딕&quot;, &quot;Malgun Gothic&quot;, sans-serif; font-size: 15px; letter-spacing: -0.4px; white-space: pre-line; background-color: rgb(255, 255, 255);\">인테리어 질문이요!\r\n2번 사진은 벽지 색깔을 자세히 보여주려고 올렸어요!\r\n여러분은 이렇게 작은 방에 어떻게 예쁘게 인테리어 하실건가요?\r\n\r\n참고로 책상은 올 화이트로 이미 골랐습니다\r\n\r\n침대랑 협탁을 위주로 골라주시면 감사할 것 같아요&nbsp;</span></p><p><span style=\"color: rgb(66, 66, 66); font-family: &quot;Noto Sans KR&quot;, &quot;Apple SD Gothic Neo&quot;, &quot;맑은 고딕&quot;, &quot;Malgun Gothic&quot;, sans-serif; font-size: 15px; letter-spacing: -0.4px; white-space: pre-line; background-color: rgb(255, 255, 255);\">&nbsp;더 추천하고 싶은 가구나 물건들도 말해주세요!!</span>&nbsp;</p><p>&nbsp;</p>','2020-07-02',11,0,0),(12,'jung123','RE: 인테리어 같이 해주세요','<p><span style=\"color: rgb(66, 66, 66); font-family: &quot;Noto Sans KR&quot;, &quot;Apple SD Gothic Neo&quot;, &quot;맑은 고딕&quot;, &quot;Malgun Gothic&quot;, sans-serif; font-size: 15px; letter-spacing: -0.4px; white-space: pre-line; background-color: rgb(255, 255, 255);\">저는 방이 좁아서 침대를 슈퍼싱글이 아니라, 가로 97cm의 싱글 일체형 침대로 두었어요!! 가로 길이가 짧은 침대로 추천드려요</span>&nbsp;</p>','2020-07-02',11,1,3),(13,'ha123','RE: 인테리어 같이 해주세요','<p><span style=\"color: rgb(66, 66, 66); font-family: &quot;Noto Sans KR&quot;, &quot;Apple SD Gothic Neo&quot;, &quot;맑은 고딕&quot;, &quot;Malgun Gothic&quot;, sans-serif; font-size: 15px; letter-spacing: -0.4px; white-space: pre-line; background-color: rgb(255, 255, 255);\">몰딩 부분이 밝은 원목이라 밝은 원목 침대 프레임도 잘 어울릴 것 같아요 ! 화이트와 밝은 원목 가구들로 배치하시면 잘 어울릴 것 같아요 : )\r\n\r\n</span><a href=\"https://ohouse.onelink.me/2107755860/1baa5403\" target=\"_blank\" rel=\"noopener noreferrer nofollow\" style=\"-webkit-tap-highlight-color: transparent; color: rgb(53, 197, 240); text-decoration-line: none; cursor: pointer; touch-action: manipulation; font-family: &quot;Noto Sans KR&quot;, &quot;Apple SD Gothic Neo&quot;, &quot;맑은 고딕&quot;, &quot;Malgun Gothic&quot;, sans-serif; font-size: 15px; letter-spacing: -0.4px; white-space: pre-line; background-color: rgb(255, 255, 255);\">https://ohouse.onelink.me/2107755860/1baa5403</a>&nbsp;</p><p><img src=\"/uploadImg/board/askboard/20200702061853e2c91b6f-ad9b-48a7-b6b3-6d84ab5f5564.jpg\" title=\"15.jpg\" width:\"300px\"=\"\"><br style=\"clear:both;\">&nbsp;</p>','2020-07-02',11,1,1),(14,'oleg123','RE: RE: 인테리어 같이 해주세요','<p><span style=\"color: rgb(66, 66, 66); font-family: &quot;Noto Sans KR&quot;, &quot;Apple SD Gothic Neo&quot;, &quot;맑은 고딕&quot;, &quot;Malgun Gothic&quot;, sans-serif; font-size: 15px; letter-spacing: -0.4px; white-space: pre-line; background-color: rgb(255, 255, 255);\">전체적으로 가구를 올화이트로 두고 최소한의 가구만 놓는게 화사하면서 넓어보일거 같아요:)\r\n책상과 침대, 협탁 정도만 두는걸 추천드려요</span>&nbsp;</p>','2020-07-02',11,2,2),(15,'youn123','정수기는 어디에 설치해야할까요','<p><img src=\"/uploadImg/board/askboard/202007020620436fb6d5b7-9ce7-4527-9dff-67c25f0557f0.jpeg\" title=\"17.jpeg\" width:\"300px\"=\"\"><br style=\"clear:both;\"><img src=\"/uploadImg/board/askboard/20200702062043c9fefcbd-256b-41ad-8bd9-c17e629131da.jpeg\" title=\"16.jpeg\" width:\"300px\"=\"\"><br style=\"clear:both;\">&nbsp;</p><p><span style=\"color: rgb(66, 66, 66); font-family: &quot;Noto Sans KR&quot;, &quot;Apple SD Gothic Neo&quot;, &quot;맑은 고딕&quot;, &quot;Malgun Gothic&quot;, sans-serif; font-size: 15px; letter-spacing: -0.4px; white-space: pre-line; background-color: rgb(255, 255, 255);\">냉장고 자리 옆에 놓고 싶은데 거기까지\r\n직수 정수기 호스? 연결이 가능할까요?\r\n</span></p><div><span style=\"color: rgb(66, 66, 66); font-family: &quot;Noto Sans KR&quot;, &quot;Apple SD Gothic Neo&quot;, &quot;맑은 고딕&quot;, &quot;Malgun Gothic&quot;, sans-serif; font-size: 15px; letter-spacing: -0.4px; white-space: pre-line; background-color: rgb(255, 255, 255);\"><br></span></div>','2020-07-02',15,0,0),(16,'ha2','장판과 방문 문틀 몰딩 색깔 문의드리고 싶습니다','<p><span style=\"color: rgb(66, 66, 66); font-family: &quot;Noto Sans KR&quot;, &quot;Apple SD Gothic Neo&quot;, &quot;맑은 고딕&quot;, &quot;Malgun Gothic&quot;, sans-serif; font-size: 15px; letter-spacing: -0.4px; white-space: pre-line; background-color: rgb(255, 255, 255);\">천장은 하얀색 벽지는 아주 연한 그레이색상으로 도배를\r\n하였는데 전체 몰딩과 창틀 방문 등의 색깔이 아쉽습니다.\r\n장판의 색깔도 애매한 듯하고 어떤 색깔들로 또 어떤 방식으로 바꾸면 깔끔하고 분위기가 있는 집이 될 수 있을까요?</span>&nbsp;</p><p><span style=\"color: rgb(66, 66, 66); font-family: &quot;Noto Sans KR&quot;, &quot;Apple SD Gothic Neo&quot;, &quot;맑은 고딕&quot;, &quot;Malgun Gothic&quot;, sans-serif; font-size: 15px; letter-spacing: -0.4px; white-space: pre-line; background-color: rgb(255, 255, 255);\"><img src=\"/uploadImg/board/askboard/20200702062504721471bb-2813-401e-8977-65bf23e63afe.jpeg\" title=\"18.jpeg\" width:\"300px\"=\"\"><br style=\"clear:both;\"><img src=\"/uploadImg/board/askboard/2020070206250400e983cc-8fd8-4d30-a333-86054cd455ff.jpeg\" title=\"20.jpeg\" width:\"300px\"=\"\"><br style=\"clear:both;\"><img src=\"/uploadImg/board/askboard/20200702062504bd54e480-ab46-4ac6-a43c-87ce18c21f7d.jpeg\" title=\"19.jpeg\" width:\"300px\"=\"\"><br style=\"clear:both;\">&nbsp;</span></p>','2020-07-02',16,0,0),(17,'ha4','몰딩색깔추천이요','<p><span style=\"color: rgb(66, 66, 66); font-family: &quot;Noto Sans KR&quot;, &quot;Apple SD Gothic Neo&quot;, &quot;맑은 고딕&quot;, &quot;Malgun Gothic&quot;, sans-serif; font-size: 15px; letter-spacing: -0.4px; white-space: pre-line; background-color: rgb(255, 255, 255);\">도배지를 연그레이로 통일하는데 몰딩색깔이랑문색깔을 바꾸고싶어요.아님 몰딩색깔에 맞는 색추천좀해주세요</span>&nbsp;</p><div><span style=\"color: rgb(66, 66, 66); font-family: &quot;Noto Sans KR&quot;, &quot;Apple SD Gothic Neo&quot;, &quot;맑은 고딕&quot;, &quot;Malgun Gothic&quot;, sans-serif; font-size: 15px; letter-spacing: -0.4px; white-space: pre-line; background-color: rgb(255, 255, 255);\"><img src=\"/uploadImg/board/askboard/20200702062757a1f56271-1f50-4d49-af07-4e784854b84c.jpeg\" title=\"21.jpeg\" width:\"300px\"=\"\"><br style=\"clear:both;\"><img src=\"/uploadImg/board/askboard/20200702062757f2972743-d381-4eb8-9cca-68c9f9fe58c9.jpeg\" title=\"22.jpeg\" width:\"300px\"=\"\"><br style=\"clear:both;\"><br></span></div><div><span style=\"color: rgb(66, 66, 66); font-family: &quot;Noto Sans KR&quot;, &quot;Apple SD Gothic Neo&quot;, &quot;맑은 고딕&quot;, &quot;Malgun Gothic&quot;, sans-serif; font-size: 15px; letter-spacing: -0.4px; white-space: pre-line; background-color: rgb(255, 255, 255);\"><br></span></div>','2020-07-02',17,0,0),(18,'min123','서랍장 추천 부탁드려요♡','<p><span style=\"color: rgb(66, 66, 66); font-family: &quot;Noto Sans KR&quot;, &quot;Apple SD Gothic Neo&quot;, &quot;맑은 고딕&quot;, &quot;Malgun Gothic&quot;, sans-serif; font-size: 15px; letter-spacing: -0.4px; white-space: pre-line; background-color: rgb(255, 255, 255);\">우드,라탄,화이트로 꾸며진 거실에 놔둘\r\n(예쁜 소품 올려둘,우드트레이,우드거울,캔들,라탄휴지케이스 등등ㅎㅎ)\r\n\r\n서랍장 뭐가 더 예뻐 보여요?ㅎㅎ\r\n\r\n\r\n4단은 다리가 부실해 보이구..애기가 위로 열거 같지만..\r\n예쁘고ㅠ\r\n\r\n\r\n양옆으로 여는 것두 예쁘고ㅠ</span>&nbsp;</p><p><span style=\"color: rgb(66, 66, 66); font-family: &quot;Noto Sans KR&quot;, &quot;Apple SD Gothic Neo&quot;, &quot;맑은 고딕&quot;, &quot;Malgun Gothic&quot;, sans-serif; font-size: 15px; letter-spacing: -0.4px; white-space: pre-line; background-color: rgb(255, 255, 255);\"><img src=\"/uploadImg/board/askboard/20200702063221702d0ed7-1a2e-4edb-9d49-0ccb35744273.jpeg\" title=\"23.jpeg\" width:\"300px\"=\"\"><br style=\"clear:both;\"><img src=\"/uploadImg/board/askboard/20200702063221fd4f7f59-cbea-4fde-8b14-9f92fe6e5d74.jpeg\" title=\"25.jpeg\" width:\"300px\"=\"\"><br style=\"clear:both;\"><img src=\"/uploadImg/board/askboard/20200702063221b10d4546-9af4-409b-96de-8c74af6cf0ed.jpeg\" title=\"24.jpeg\" width:\"300px\"=\"\"><br style=\"clear:both;\"><img src=\"/uploadImg/board/askboard/20200702063221b3cee7ed-83e1-487a-bc05-6e572a484da6.jpeg\" title=\"27.jpeg\" width:\"300px\"=\"\"><br style=\"clear:both;\">&nbsp;</span></p>','2020-07-02',18,0,0),(19,'nam1','거실 베란다 창문','<p><span style=\"color: rgb(66, 66, 66); font-family: &quot;Noto Sans KR&quot;, &quot;Apple SD Gothic Neo&quot;, &quot;맑은 고딕&quot;, &quot;Malgun Gothic&quot;, sans-serif; font-size: 15px; letter-spacing: -0.4px; white-space: pre-line; background-color: rgb(255, 255, 255);\">거실 샤시를 바꾸면서 원래 있던 블라인드를 떼버려서 새로 구매하려고 하는데, 그냥 블라인드는 너무 비싸서요ㅜㅜㅜ\r\n롤스크린(암막)이 나을까요 아니면 콤비 블라인드가 나을까요???\r\n아니면 다른 어떤게 좋을지 추천해주세요</span>&nbsp;</p>','2020-07-02',19,0,0),(20,'jung123','매트리스를 가리고 싶어요!!','<p><img src=\"/uploadImg/board/askboard/2020070209482777d90647-4e2f-4d7d-8bb6-79a957fe369b.jpeg\" title=\"159353592452610936.jpeg\" width:\"300px\"=\"\"><br style=\"clear:both;\">&nbsp;</p><p><span style=\"color: rgb(66, 66, 66); font-family: &quot;Noto Sans KR&quot;, &quot;Apple SD Gothic Neo&quot;, &quot;맑은 고딕&quot;, &quot;Malgun Gothic&quot;, sans-serif; font-size: 15px; letter-spacing: -0.4px; white-space: pre-line; background-color: rgb(255, 255, 255);\">저의 평소 습관이 이불을 정리하는 것이다보니..\r\n다른 분들은 이불을 펴놓으시거나 여러겹으로 해두시던데 아래 두개 서랍장은 잠옷 보관함이라 자주 쓰는 편이에요 ㅠㅠ 매트리스 부분만 가리거나 매트리스 부터 아래 부분이 싹 가려지는 아이디어가 필요해요! ㅠㅠ</span></p><p><span style=\"color: rgb(66, 66, 66); font-family: &quot;Noto Sans KR&quot;, &quot;Apple SD Gothic Neo&quot;, &quot;맑은 고딕&quot;, &quot;Malgun Gothic&quot;, sans-serif; font-size: 15px; letter-spacing: -0.4px; white-space: pre-line; background-color: rgb(255, 255, 255);\">&nbsp;</span></p><p><span style=\"color: rgb(66, 66, 66); font-family: &quot;Noto Sans KR&quot;, &quot;Apple SD Gothic Neo&quot;, &quot;맑은 고딕&quot;, &quot;Malgun Gothic&quot;, sans-serif; font-size: 15px; letter-spacing: -0.4px; white-space: pre-line; background-color: rgb(255, 255, 255);\">이사온지 얼마 안되서 소품들이 많이 아쉬워요 ㅠㅠ 침대를 예쁘게 꾸며주고 싶어요</span>&nbsp;</p>','2020-07-02',20,0,0),(21,'oleg123','RE: 매트리스를 가리고 싶어요!!','<p><span style=\"color: rgb(66, 66, 66); font-family: &quot;Noto Sans KR&quot;, &quot;Apple SD Gothic Neo&quot;, &quot;맑은 고딕&quot;, &quot;Malgun Gothic&quot;, sans-serif; font-size: 15px; letter-spacing: -0.4px; white-space: pre-line; background-color: rgb(255, 255, 255);\">방수 매트리스 커버 추천이용 ~</span>&nbsp;</p>','2020-07-02',20,1,6),(22,'ha1','RE: 매트리스를 가리고 싶어요!!','<p><a href=\"https://ohouse.onelink.me/2107755860/1ae07daa\" target=\"_blank\" rel=\"noopener noreferrer nofollow\" style=\"-webkit-tap-highlight-color: transparent; color: rgb(53, 197, 240); text-decoration-line: none; cursor: pointer; touch-action: manipulation; font-family: &quot;Noto Sans KR&quot;, &quot;Apple SD Gothic Neo&quot;, &quot;맑은 고딕&quot;, &quot;Malgun Gothic&quot;, sans-serif; font-size: 15px; letter-spacing: -0.4px; white-space: pre-line; background-color: rgb(255, 255, 255);\">https://ohouse.onelink.me/2107755860/1ae07daa</a><span style=\"color: rgb(66, 66, 66); font-family: &quot;Noto Sans KR&quot;, &quot;Apple SD Gothic Neo&quot;, &quot;맑은 고딕&quot;, &quot;Malgun Gothic&quot;, sans-serif; font-size: 15px; letter-spacing: -0.4px; white-space: pre-line; background-color: rgb(255, 255, 255);\">\r\n베드 스커트 추천드립니다. 가격이 저렴할걸 구입을 하실때는 후기도 잘 살펴보세요. 너무 얇은거 하시면 후회하실 가능성이 높습니다.</span>&nbsp;</p>','2020-07-02',20,1,4),(23,'min123','RE: 매트리스를 가리고 싶어요!!','<p><span style=\"color: rgb(66, 66, 66); font-family: &quot;Noto Sans KR&quot;, &quot;Apple SD Gothic Neo&quot;, &quot;맑은 고딕&quot;, &quot;Malgun Gothic&quot;, sans-serif; font-size: 15px; letter-spacing: -0.4px; white-space: pre-line; background-color: rgb(255, 255, 255);\">다른분들 추천해주신것처럼 베드스커트를 해두시는게 가장 가리기도 좋고 들어서 서랍을 사용하시기에 괜찮은것 같아 베드스커트 추천드립니다^^</span>&nbsp;</p>','2020-07-02',20,1,1),(24,'min123','RE: RE: 매트리스를 가리고 싶어요!!','<p><span style=\"color: rgb(66, 66, 66); font-family: &quot;Noto Sans KR&quot;, &quot;Apple SD Gothic Neo&quot;, &quot;맑은 고딕&quot;, &quot;Malgun Gothic&quot;, sans-serif; font-size: 15px; letter-spacing: -0.4px; white-space: pre-line; background-color: rgb(255, 255, 255);\">매트리스 커버를 화이트로 했을때 가리지 않고도 티가 덜 나고 깔끔할듯해요.</span></p><p><span style=\"color: rgb(66, 66, 66); font-family: &quot;Noto Sans KR&quot;, &quot;Apple SD Gothic Neo&quot;, &quot;맑은 고딕&quot;, &quot;Malgun Gothic&quot;, sans-serif; font-size: 15px; letter-spacing: -0.4px; white-space: pre-line; background-color: rgb(255, 255, 255);\">&nbsp;</span></p><p><span style=\"color: rgb(66, 66, 66); font-family: &quot;Noto Sans KR&quot;, &quot;Apple SD Gothic Neo&quot;, &quot;맑은 고딕&quot;, &quot;Malgun Gothic&quot;, sans-serif; font-size: 15px; letter-spacing: -0.4px; white-space: pre-line; background-color: rgb(255, 255, 255);\">서랍장을 자주 사용한다면 가리면 불편할듯하구요. 사진상의 매트리스 커버가 그레이색처럼 보여지는데 화이트색으로만 바꾸어 주어도 깔끔한 느낌으로 침대를 사용할 수 있을듯해요~~</span>&nbsp;</p>','2020-07-02',20,2,2),(25,'kim2','RE: RE: RE: 매트리스를 가리고 싶어요!!','<p><span style=\"color: rgb(66, 66, 66); font-family: &quot;Noto Sans KR&quot;, &quot;Apple SD Gothic Neo&quot;, &quot;맑은 고딕&quot;, &quot;Malgun Gothic&quot;, sans-serif; font-size: 15px; letter-spacing: -0.4px; white-space: pre-line; background-color: rgb(255, 255, 255);\">▶️베드스커트</span><a href=\"https://ohouse.onelink.me/2107755860/cc860fb4\" target=\"_blank\" rel=\"noopener noreferrer nofollow\" style=\"-webkit-tap-highlight-color: transparent; color: rgb(53, 197, 240); text-decoration-line: none; cursor: pointer; touch-action: manipulation; font-family: &quot;Noto Sans KR&quot;, &quot;Apple SD Gothic Neo&quot;, &quot;맑은 고딕&quot;, &quot;Malgun Gothic&quot;, sans-serif; font-size: 15px; letter-spacing: -0.4px; white-space: pre-line; background-color: rgb(255, 255, 255);\">https://ohouse.onelink.me/2107755860/cc860fb4</a><span style=\"color: rgb(66, 66, 66); font-family: &quot;Noto Sans KR&quot;, &quot;Apple SD Gothic Neo&quot;, &quot;맑은 고딕&quot;, &quot;Malgun Gothic&quot;, sans-serif; font-size: 15px; letter-spacing: -0.4px; white-space: pre-line; background-color: rgb(255, 255, 255);\">\r\n▶️매트리스커버 </span><a href=\"https://ohouse.onelink.me/2107755860/47af5c9e\" target=\"_blank\" rel=\"noopener noreferrer nofollow\" style=\"-webkit-tap-highlight-color: transparent; color: rgb(53, 197, 240); text-decoration-line: none; cursor: pointer; touch-action: manipulation; font-family: &quot;Noto Sans KR&quot;, &quot;Apple SD Gothic Neo&quot;, &quot;맑은 고딕&quot;, &quot;Malgun Gothic&quot;, sans-serif; font-size: 15px; letter-spacing: -0.4px; white-space: pre-line; background-color: rgb(255, 255, 255);\">https://ohouse.onelink.me/2107755860/47af5c9e</a><span style=\"color: rgb(66, 66, 66); font-family: &quot;Noto Sans KR&quot;, &quot;Apple SD Gothic Neo&quot;, &quot;맑은 고딕&quot;, &quot;Malgun Gothic&quot;, sans-serif; font-size: 15px; letter-spacing: -0.4px; white-space: pre-line; background-color: rgb(255, 255, 255);\">\r\n\r\n굳이 가려주지 않아도 깔끔해보이긴 하는데 침대아래까지 내려오는 베드스커트를 쓰시거나 매트리스커버를 패드와 같은 컬러로 해주시면 눈에 거슬리지 않을 것 같아요. 침대 프레임도 화이트라 화이트 커버 추천 드려요.</span>&nbsp;</p><p><span style=\"color: rgb(66, 66, 66); font-family: &quot;Noto Sans KR&quot;, &quot;Apple SD Gothic Neo&quot;, &quot;맑은 고딕&quot;, &quot;Malgun Gothic&quot;, sans-serif; font-size: 15px; letter-spacing: -0.4px; white-space: pre-line; background-color: rgb(255, 255, 255);\">&nbsp;</span></p><p><span style=\"color: rgb(66, 66, 66); font-family: &quot;Noto Sans KR&quot;, &quot;Apple SD Gothic Neo&quot;, &quot;맑은 고딕&quot;, &quot;Malgun Gothic&quot;, sans-serif; font-size: 15px; letter-spacing: -0.4px; white-space: pre-line; background-color: rgb(255, 255, 255);\"><img src=\"/uploadImg/board/askboard/2020070209511782b24210-048a-4fb6-9cf1-b5ff01f8b05b.jpg\" title=\"1593558759_gCxVB.jpg\" width:\"300px\"=\"\"><br style=\"clear:both;\">&nbsp;</span></p>','2020-07-02',20,3,3),(26,'ha1','RE: RE: 매트리스를 가리고 싶어요!!','<p><span style=\"color: rgb(66, 66, 66); font-family: &quot;Noto Sans KR&quot;, &quot;Apple SD Gothic Neo&quot;, &quot;맑은 고딕&quot;, &quot;Malgun Gothic&quot;, sans-serif; font-size: 15px; letter-spacing: -0.4px; white-space: pre-line; background-color: rgb(255, 255, 255);\">매트리스 커버와 매트가 따로된 거 말고 하나로 되어있는걸 씌우면 깔끔해보이고 좋을 거 같습니다. 기존 커버가 화이트색이라 화이트로 골라봤습니다. 참고하세요 \'◡\'\r\n\r\n</span><a href=\"https://ohouse.onelink.me/2107755860/6748f36e\" target=\"_blank\" rel=\"noopener noreferrer nofollow\" style=\"-webkit-tap-highlight-color: transparent; color: rgb(53, 197, 240); text-decoration-line: none; cursor: pointer; touch-action: manipulation; font-family: &quot;Noto Sans KR&quot;, &quot;Apple SD Gothic Neo&quot;, &quot;맑은 고딕&quot;, &quot;Malgun Gothic&quot;, sans-serif; font-size: 15px; letter-spacing: -0.4px; white-space: pre-line; background-color: rgb(255, 255, 255);\">https://ohouse.onelink.me/2107755860/6748f36e</a>&nbsp;</p><p>&nbsp;</p><p><img src=\"/uploadImg/board/askboard/2020070209515675035ba1-a0bb-4d3a-8167-9f2b8c666186.jpg\" title=\"159355577215891615.jpg\" width:\"300px\"=\"\"><br style=\"clear:both;\">&nbsp;</p>','2020-07-02',20,2,5);
/*!40000 ALTER TABLE `askboard` ENABLE KEYS */;
UNLOCK TABLES;

--
-- Table structure for table `auth`
--

DROP TABLE IF EXISTS `auth`;
/*!40101 SET @saved_cs_client     = @@character_set_client */;
/*!50503 SET character_set_client = utf8mb4 */;
CREATE TABLE `auth` (
  `authCode` int NOT NULL COMMENT '권한코드',
  `roleType` varchar(20) CHARACTER SET utf8 COLLATE utf8_bin NOT NULL COMMENT '권한',
  PRIMARY KEY (`authCode`)
) ENGINE=InnoDB DEFAULT CHARSET=utf8 COLLATE=utf8_bin COMMENT='권한코드';
/*!40101 SET character_set_client = @saved_cs_client */;

--
-- Dumping data for table `auth`
--

LOCK TABLES `auth` WRITE;
/*!40000 ALTER TABLE `auth` DISABLE KEYS */;
INSERT INTO `auth` VALUES (1,'ROLE_MEMBER'),(2,'ROLE_SELLER'),(3,'ROLE_ADMIN');
/*!40000 ALTER TABLE `auth` ENABLE KEYS */;
UNLOCK TABLES;

--
-- Table structure for table `basket`
--

DROP TABLE IF EXISTS `basket`;
/*!40101 SET @saved_cs_client     = @@character_set_client */;
/*!50503 SET character_set_client = utf8mb4 */;
CREATE TABLE `basket` (
  `basketNo` int NOT NULL AUTO_INCREMENT COMMENT '장바구니번호',
  `memberId` varchar(50) CHARACTER SET utf8 COLLATE utf8_bin NOT NULL COMMENT '회원아이디',
  `productNo` varchar(100) CHARACTER SET utf8 COLLATE utf8_bin NOT NULL COMMENT '상품번호',
  `productColor` varchar(20) CHARACTER SET utf8 COLLATE utf8_bin NOT NULL COMMENT '색상',
  `qty` int NOT NULL COMMENT '수량',
  PRIMARY KEY (`basketNo`),
  KEY `FK_member_TO_basket` (`memberId`),
  KEY `FK_product_TO_basket` (`productNo`),
  CONSTRAINT `FK_member_TO_basket` FOREIGN KEY (`memberId`) REFERENCES `member` (`memberId`) ON DELETE CASCADE ON UPDATE CASCADE,
  CONSTRAINT `FK_product_TO_basket` FOREIGN KEY (`productNo`) REFERENCES `product` (`productNo`) ON DELETE CASCADE ON UPDATE CASCADE
) ENGINE=InnoDB AUTO_INCREMENT=11 DEFAULT CHARSET=utf8 COLLATE=utf8_bin COMMENT='장바구니';
/*!40101 SET character_set_client = @saved_cs_client */;

--
-- Dumping data for table `basket`
--

LOCK TABLES `basket` WRITE;
/*!40000 ALTER TABLE `basket` DISABLE KEYS */;
INSERT INTO `basket` VALUES (7,'ha123','LABELLESOFA-100100001','브라운',1),(8,'test0706','MRPUREDRAW-100100002','화이트',1),(9,'test0706','AASSDDFF5-300200001','블랙',1),(10,'test0706','ROOMNHOMETOWERBOOK-200200002','화이트',1);
/*!40000 ALTER TABLE `basket` ENABLE KEYS */;
UNLOCK TABLES;

--
-- Table structure for table `category`
--

DROP TABLE IF EXISTS `category`;
/*!40101 SET @saved_cs_client     = @@character_set_client */;
/*!50503 SET character_set_client = utf8mb4 */;
CREATE TABLE `category` (
  `categoryCode` varchar(20) CHARACTER SET utf8 COLLATE utf8_bin NOT NULL COMMENT '카테고리코드',
  `categoryType` varchar(50) CHARACTER SET utf8 COLLATE utf8_bin NOT NULL COMMENT '분류이름',
  PRIMARY KEY (`categoryCode`)
) ENGINE=InnoDB DEFAULT CHARSET=utf8 COLLATE=utf8_bin COMMENT='카테고리코드';
/*!40101 SET character_set_client = @saved_cs_client */;

--
-- Dumping data for table `category`
--

LOCK TABLES `category` WRITE;
/*!40000 ALTER TABLE `category` DISABLE KEYS */;
INSERT INTO `category` VALUES ('100000000','가구'),('100100000','거실가구'),('100100001','소파'),('100100002','거실장'),('100100003','거실의자'),('100100004','거실테이블'),('100200000','침실가구'),('100200001','침대'),('100200002','서랍장'),('100200003','화장대'),('100200004','매트리스'),('100300000','주방가구'),('100300001','주방수납장'),('100300002','식탁의자'),('100300003','식탁'),('100400000','드레스룸'),('100400001','옷장'),('100400002','행거'),('100400003','서랍장'),('200000000','수납정리'),('200100000','서랍정리'),('200100001','서랍장'),('200100002','이동식정리함'),('200200000','수납정리'),('200200001','리빙박스'),('200200002','기타정리용품'),('200300000','현관/신발정리'),('200300001','신발장'),('200300002','우산꽂이'),('300000000','홈데코'),('300100000','조명'),('300100001','스탠드'),('300100002','무드등'),('300200000','장식'),('300200001','액자'),('300200002','리스/가랜드');
/*!40000 ALTER TABLE `category` ENABLE KEYS */;
UNLOCK TABLES;

--
-- Table structure for table `chat`
--

DROP TABLE IF EXISTS `chat`;
/*!40101 SET @saved_cs_client     = @@character_set_client */;
/*!50503 SET character_set_client = utf8mb4 */;
CREATE TABLE `chat` (
  `chatRoomId` varchar(200) CHARACTER SET utf8 COLLATE utf8_bin NOT NULL COMMENT '채팅방아이디',
  `memberId` varchar(50) CHARACTER SET utf8 COLLATE utf8_bin NOT NULL COMMENT '회원아이디',
  `msg` longtext CHARACTER SET utf8 COLLATE utf8_bin COMMENT '메시지내용',
  `time` datetime NOT NULL COMMENT '시간',
  PRIMARY KEY (`chatRoomId`),
  KEY `FK_member_TO_chat` (`memberId`),
  CONSTRAINT `FK_member_TO_chat` FOREIGN KEY (`memberId`) REFERENCES `member` (`memberId`)
) ENGINE=InnoDB DEFAULT CHARSET=utf8 COLLATE=utf8_bin COMMENT='채팅';
/*!40101 SET character_set_client = @saved_cs_client */;

--
-- Dumping data for table `chat`
--

LOCK TABLES `chat` WRITE;
/*!40000 ALTER TABLE `chat` DISABLE KEYS */;
INSERT INTO `chat` VALUES ('08bf2c07-2bc0-44ee-a0b5-5fed5c289c98','ha123','ha123, 오, 2020-07-02 14:31:59<br>, adm4, 네 안녕하세요 고객님, 2020-07-02 14:32:03<br>, ha123, 아 잘못들어왔습니다., 2020-07-02 14:32:07<br>, adm4, 네 감사합니다, 2020-07-02 14:32:11<br>','2020-07-02 14:31:32'),('0d573106-18bd-4368-82d9-a63ca0ac5771','kim1','kim1, ㅇ, 2020-07-06 12:11:48<br>, kim1, ㅇㅇ, 2020-07-06 12:12:04<br>','2020-07-06 12:10:28'),('19b02b86-6533-440e-a6c9-a89bdca48e26','ha123','ha123, 안녕하세요 반품하고 싶습니다., 2020-07-01 19:27:27<br>, adm1, 네 고객님 어떤 상품도와드릴까요?, 2020-07-01 19:27:33<br>, ha123, 네 이틀전 구입한 전등이 깨져서 와서요, 2020-07-01 19:27:47<br>, adm1, 아 그러시군요 죄송합니다 고객님~, 2020-07-01 19:27:54<br>, adm1, 이틀 전 구매하신 검정 전등 맞으실까요?, 2020-07-01 19:28:08<br>, ha123, 넵, 2020-07-01 19:28:10<br>, adm1, 상품에 문제가 있는 사유라 무료로 반품도와드리도록 하겠습니다., 2020-07-01 19:28:41<br>, adm1, 바로 반품되셨고 결제하신 수단에 따라 2~3일 걸리세요, 2020-07-01 19:28:58<br>, ha123, 네 감사합니다~~~~~, 2020-07-01 19:29:04<br>, adm1, 네 감사합니다 상담원 박땡땡이었습니다., 2020-07-01 19:29:17<br>','2020-07-01 19:27:05'),('1c2eff99-acbf-4555-99ff-c82a0d7a772f','ha123','ha123, ddd, 2020-07-06 14:34:36<br>, adm1, ddd, 2020-07-06 14:34:39<br>','2020-07-06 14:34:16'),('29da41fc-9b1b-40ce-adde-baf50067c85b','ha123','ha123, 궁금합니다!, 2020-07-05 16:39:30<br>, adm1, 네!, 2020-07-05 16:39:32<br>','2020-07-05 16:39:04'),('2cdbb8c6-2a89-4920-b447-2a83dcfce7f1','kim1','kim1, 재고, 2020-07-02 14:33:52<br>, kim1, 있, 2020-07-02 14:33:53<br>, kim1, 나, 2020-07-02 14:33:53<br>, kim1, 요, 2020-07-02 14:33:54<br>, adm2, 네, 2020-07-02 14:33:57<br>, adm2, 고, 2020-07-02 14:33:58<br>, adm2, 객, 2020-07-02 14:33:59<br>, adm2, 님, 2020-07-02 14:33:59<br>, adm2, 어떤, 2020-07-02 14:34:01<br>, adm2, 상품, 2020-07-02 14:34:02<br>, adm2, 도와드릴까요?, 2020-07-02 14:34:04<br>, kim1, http://localhost:8080/productions/productDetails?productNo=UUIIOOPP4-300100002, 2020-07-02 14:34:22<br>, kim1, 이거요!, 2020-07-02 14:34:24<br>, adm2, 네 재고 확인되었습니다., 2020-07-02 14:34:29<br>, adm2, 있습니다., 2020-07-02 14:34:30<br>, adm2, 바로 페이지에 반영시키도록 하겠습니다., 2020-07-02 14:34:42<br>, kim1, 네~, 2020-07-02 14:34:45<br>','2020-07-02 14:33:29'),('2d2ba8af-54c8-4f6c-a5e2-aa1737216987','kim1','kim1, dd, 2020-07-03 22:05:48<br>','2020-07-03 22:03:12'),('429ff4a2-81cb-4237-8bb4-25faac5f30f5','ha123','ha123, 오, 2020-07-05 16:36:22<br>','2020-07-05 16:36:00'),('4f968629-0e38-48a0-882c-ffc53f6e4199','kim2','kim2, ㅎㅎ, 2020-07-06 12:12:00<br>, kim2, ㅇㅇㅇㅇㅇ, 2020-07-06 12:12:08<br>','2020-07-06 12:10:36'),('58d52c1f-119d-4569-96ce-4184e35bcad3','ha123','ha123, 안녕하세요, 2020-07-01 19:17:25<br>, ha123, 교환하고 싶습니다., 2020-07-01 19:17:29<br>, adm1, 네 안녕하세요 고객님?, 2020-07-01 19:17:36<br>, adm1, 어떤 상품 교환을 도와드릴까요?, 2020-07-01 19:17:41<br>, ha123, 네 듀커 소파를 구입했는데 생각보다 크기가 커서요 작은 사이즈로 교환하려구요, 2020-07-01 19:18:00<br>, adm1, 먼저 구매이력을 확인해보겠습니다. , 2020-07-01 19:18:24<br>, adm1, 잠시만 기다려주세요~, 2020-07-01 19:18:27<br>, ha123, 넵, 2020-07-01 19:18:29<br>, adm1, 네 6월 25일에 구매하신 카우치형 풀커버 패브릭 발수 소파가 맞으신가요?, 2020-07-01 19:18:52<br>, ha123, 네 맞아요~, 2020-07-01 19:18:56<br>, adm1, 네 그럼 판매자 측과 확인해보고 연락드리도록 하겠습니다., 2020-07-01 19:19:15<br>, adm1, 고객님의 전화번호로 전화드려도 될까요?, 2020-07-01 19:19:20<br>, ha123, 네~, 2020-07-01 19:19:24<br>, adm1, 네 그럼 빠른 시간내에 연락드리도록하겠습니다., 2020-07-01 19:19:34<br>, adm1, 감사합니다. 상담원 김땡땡이었습니다., 2020-07-01 19:19:43<br>','2020-07-01 19:17:09'),('5b9dc6a7-fbf6-4acb-9fe4-ddbaf5641438','nam1','nam1, 저기여, 2020-07-02 14:28:21<br>, adm1, 네 고객님 말씀하세요~, 2020-07-02 14:28:26<br>, nam1, 물건이 다 깨져서 왔습니다., 2020-07-02 14:28:31<br>, adm1, 죄송합니다 고객님 그런 일이 있으셨군요~, 2020-07-02 14:28:39<br>, adm1, 죄송하지만 어떤 상품을 구매하셨는지 알 수 있을까요?, 2020-07-02 14:28:47<br>, nam1, 6/28일에 주문한 땡땡꽃병이요, 2020-07-02 14:29:02<br>, adm1, 네 고객님 주문 확인했습니다. 죄송하지만 저희 고객센터로 사진을 보내주실 수 있을까요?, 2020-07-02 14:30:00<br>, nam1, 네 보내드릴게요\\, 2020-07-02 14:30:05<br>, adm1, 교환/환불이 가능한데 어떤걸 원하실까요?, 2020-07-02 14:30:31<br>, nam1, 그냥 환불하려구요, 2020-07-02 14:30:36<br>, adm1, 네 그럼 사진이 확인되는데로 바로 환불 처리해드리겠습니다., 2020-07-02 14:30:48<br>, adm1, 다시 한번 불편을 드려 죄송합니다., 2020-07-02 14:30:52<br>, nam1, 네`, 2020-07-02 14:30:54<br>','2020-07-02 14:28:03'),('753354e2-3f09-46a4-ac90-812c6f77d8a2','ha123','ha123, 안녕하세요, 2020-07-01 20:24:01<br>, adm2, 네 안녕하세요 고객님 무엇을 도와드릴까요?, 2020-07-01 20:24:08<br>, ha123, 넵, 2020-07-01 20:24:34<br>, adm2, 네~, 2020-07-01 20:24:37<br>','2020-07-01 19:29:56'),('94d9efb1-8637-4b46-a90c-9e3540c60e19','kim1','kim1, 안녕하세요, 2020-07-01 19:21:06<br>, adm2, 네 안녕하세요 무엇을 도와드릴까요 고객님?, 2020-07-01 19:24:44<br>, kim1, 네 재고 문의좀 하려구요, 2020-07-01 19:24:51<br>, adm2, 어떤 상품이 궁금하신가요?, 2020-07-01 19:24:56<br>, kim1, http://localhost:8080/productions/productDetails?productNo=OOPPAASS2-300100001, 2020-07-01 19:25:23<br>, kim1, 이상품 재고 남아있을까요?, 2020-07-01 19:25:29<br>, kim1, 홈페이지엔 나오지않아서요, 2020-07-01 19:25:33<br>, adm2, 네 이상품은 판매자측과 연락을 해봐야해서 조금만 기다려주실 수 있으세요?, 2020-07-01 19:25:55<br>, kim1, 네~, 2020-07-01 19:25:58<br>, adm2, 판매자 측과 연락후 고객님의 전화번호로 연락드리도록 하겠습니다., 2020-07-01 19:26:19<br>, adm2, 010-0000-0000 이 맞으세요?, 2020-07-01 19:26:25<br>, kim1, 네 연락 기다리겠습니다., 2020-07-01 19:26:30<br>, adm2, 네 감사합니다. 고객님 상담원 이땡댕이었습니다., 2020-07-01 19:26:42<br>, kim1, 감사합니다., 2020-07-01 19:26:45<br>','2020-07-01 19:20:29'),('99804a49-886b-45c3-b755-0d7df62da5fa','ha1','ha1, 안녕하세요~ 문의드릴게 있어요, 2020-07-01 20:24:22<br>, adm5, 네 안녕하세요 고객님!, 2020-07-01 20:24:27<br>, adm5, 무엇을 도와드릴까요?, 2020-07-01 20:24:30<br>, ha1, 이벤트 안하나요?, 2020-07-01 20:24:45<br>, adm5, 아 죄송합니다 고객님 아직 예정중인 이벤트가 없습니다. 죄송합니다., 2020-07-01 20:24:57<br>, ha1, 넵, 2020-07-01 20:25:31<br>','2020-07-01 19:34:04'),('998bad7e-b3df-4295-a786-4c03ddd70b2a','kim2','kim2, 안녕하세요, 2020-07-02 10:42:13<br>, adm3, 안녕하세요 고객님 무엇을 도와드릴까요?, 2020-07-02 10:42:21<br>, kim2, 궁금한게 있습니다!!!!, 2020-07-02 10:42:29<br>, adm3, 넵 어떤게 궁금하세요?, 2020-07-02 10:42:40<br>, kim2, 아 혹시 재고가 있나요?, 2020-07-02 10:42:51<br>, adm3, 없습니다!!~, 2020-07-02 10:43:00<br>, kim2, 넵!!!..ㅇㅇ, 2020-07-02 10:43:07<br>','2020-07-02 10:41:42'),('9a06c1d6-9e78-4ff9-b5ae-c6d9e38936db','ha123','ha123, 안녕~~~~~~~, 2020-07-05 16:34:52<br>, adm2, 넵, 2020-07-05 16:34:54<br>','2020-07-05 16:34:26'),('9a2a357d-7cdb-4e2b-8ae3-84ad9acab370','kim2','kim2, hello?, 2020-07-02 10:47:35<br>, adm2, yes!!!!!, 2020-07-02 10:47:42<br>, kim2, hi?, 2020-07-02 10:47:48<br>, adm2, how can i help you?, 2020-07-02 10:47:53<br>, kim2, nothing, 2020-07-02 10:48:01<br>, adm2, okkkkkkkkk, 2020-07-02 10:48:06<br>','2020-07-02 10:47:05'),('a032dcf2-5f82-4499-a7ca-951105409383','kim1','kim1, 환불되여?, 2020-07-01 20:25:03<br>, adm3, 어떤 상품이요?, 2020-07-01 20:25:07<br>, kim1, 그저께 산거~, 2020-07-01 20:25:11<br>, adm3, 정확히 말씀해주세요~, 2020-07-01 20:25:18<br>, kim1, 소파~, 2020-07-01 20:25:20<br>, adm3, 아 소파~, 2020-07-01 20:25:26<br>','2020-07-01 19:33:39'),('a5174117-6060-41f7-84f5-2c48c1f8cf45','ha123','ha123, 저, 2020-07-05 16:41:27<br>, ha123, 교환해주세요!, 2020-07-05 16:41:31<br>, adm2, 네~, 2020-07-05 16:41:34<br>','2020-07-05 16:41:04'),('b2cfcea5-9242-4b8a-86fc-0d735ec3a018','ha123','ha123, ddd, 2020-07-05 16:38:17<br>','2020-07-05 16:37:51'),('c0521f1a-fcb4-4437-bcb2-0ca6dad0f7b4','ha123','ha123, ㅇㅇㅇㅇㅇㅇㅇㅇㅇ, 2020-07-05 16:36:58<br>','2020-07-05 16:36:35'),('c35a39af-130e-47a9-869a-95fad3540bcb','ha123','ha123, 안녕, 2020-07-05 16:33:59<br>, adm1, 네 안녕하세용, 2020-07-05 16:34:07<br>','2020-07-05 16:32:48'),('ca40886e-19d4-4965-87f4-b7ebb13d5585','ha123','adm3, >, 2020-07-06 12:11:53<br>, ha123, ㄴㄴ, 2020-07-06 12:12:05<br>, adm3, ㅎㅎㅎ, 2020-07-06 12:12:07<br>','2020-07-06 12:10:17'),('cb8be488-e312-4b30-97fc-2de74395a3ac','ha123','ha123, ?, 2020-07-05 16:40:14<br>, adm3, ???, 2020-07-05 16:40:17<br>, ha123, 네?, 2020-07-05 16:40:21<br>, adm3, 무엇이?, 2020-07-05 16:40:27<br>, adm3, 궁금?, 2020-07-05 16:40:28<br>, adm3, 하십니까?, 2020-07-05 16:40:31<br>','2020-07-05 16:39:44'),('cc19549a-0163-4aa0-9013-f79cb8f21ccd','ha123','ha123, 안녕하신가요, 2020-07-02 12:29:07<br>, adm1, 네 안녕하세요 무엇을 도와드릴까요?, 2020-07-02 12:29:15<br>, ha123, 아니에요 잘못 들어왔어요~, 2020-07-02 12:29:20<br>, adm1, 네 좋은 하루되세요, 2020-07-02 12:29:24<br>, adm1, ~, 2020-07-02 12:29:26<br>','2020-07-02 12:28:48'),('cc30d166-c4e3-4ebe-b7e2-b33be27d94c7','kim2','kim2, 안녕하세요!, 2020-07-05 16:51:33<br>, kim2, 오프라인매장도 있나요?, 2020-07-05 16:51:49<br>, adm4, 네 안녕하세요 고객님~ 안타깝지만 저희는 오프라인 매장을 운영하고 있지 않습니다. , 2020-07-05 16:52:11<br>, adm4, 저희 사이트에 입점된 업체마다 오프라인 매장 여부가 다릅니다., 2020-07-05 16:52:37<br>, kim2, 아하!, 2020-07-05 16:52:41<br>, kim2, 네 감사합니다~, 2020-07-05 16:52:44<br>','2020-07-05 16:51:01'),('cc72ddf1-d87c-48f2-a20b-e2cdee9713b9','ha123','ha123, 네, 2020-07-05 16:35:32<br>, ha123, 궁금한 것이 있습니다!, 2020-07-05 16:35:41<br>, adm3, 몰라요, 2020-07-05 16:35:44<br>','2020-07-05 16:35:09'),('d4a0eb96-97c3-4fd2-846c-4f118664c425','ha123','ha123, 넵넵넵넵, 2020-07-05 16:37:37<br>, adm2, ㅇㅇㅇ, 2020-07-05 16:37:38<br>','2020-07-05 16:37:14'),('d7c24a74-6bc7-4b1f-bfea-b84c37e52761','nam1','nam1, 안녕하세요!, 2020-07-02 14:26:35<br>, nam1, 매장에 직접갈순 없나요?, 2020-07-02 14:26:44<br>, adm1, 안녕하세요 고객님!, 2020-07-02 14:26:53<br>, adm1, 니가사는그집의 직영매장은 없고 각 업체마다 다른 부분이라 방문하고 싶은 업체에 문의를 해봐야 알 것 같습니다., 2020-07-02 14:27:17<br>, nam1, 아 그래요?, 2020-07-02 14:27:21<br>, adm1, 네 그렇습니다. 고객님, 2020-07-02 14:27:28<br>, nam1, 네 알겠습니다~, 2020-07-02 14:27:31<br>, nam1, 감사합니다!!!@@@, 2020-07-02 14:27:34<br>, adm1, 네 좋은하루 되세요~ 상담원 땡땡이었습니다., 2020-07-02 14:27:45<br>','2020-07-02 14:26:11'),('db1844c0-d477-4008-a00a-1283b995b7c6','kim1','kim1, ㅎㅇ, 2020-07-06 12:10:06<br>, adm1, ㅎㅎ, 2020-07-06 12:10:08<br>','2020-07-06 12:09:54'),('e7b98d0e-fd63-4dd5-ad52-3daf2d82946a','min123','min123, hello, 2020-07-02 14:32:45<br>, adm1, how can i help u?, 2020-07-02 14:32:52<br>, min123, i have a problem with the product, 2020-07-02 14:32:58<br>, adm1, which one?, 2020-07-02 14:33:03<br>, min123, ~, 2020-07-02 14:33:07<br>','2020-07-02 14:32:24'),('f4e200f0-ae0f-409c-ad63-3cac5511ac7f','kim1','kim1, 안녕하세요 교환을 원합니다., 2020-07-05 16:42:40<br>, adm1, 네 고객님 어떤 상품 교환을 원하십니가?, 2020-07-05 16:42:47<br>, kim1, 소파요, 2020-07-05 16:42:52<br>, adm1, 언제 사신 상품인지 알 수 있을까요?, 2020-07-05 16:42:59<br>, kim1, 어제요, 2020-07-05 16:43:02<br>, adm1, 아 그러시군요 확인해드리겠습니다., 2020-07-05 16:43:09<br>','2020-07-05 16:42:08'),('fc638c46-c76e-4221-b00d-c5897dd73e5a','ha123','ha123, dd11111, 2020-07-03 22:05:48<br>','2020-07-04 22:00:40'),('fc638c46-c76e-4221-b00d-c5897dd73e5b','ha123','ha123, dd22222, 2020-07-03 22:05:48<br>','2020-07-04 12:00:40'),('fc638c46-c76e-4221-b00d-c5897dd73e5c','ha123','ha123, dd33333, 2020-07-03 22:05:48<br>','2020-07-04 20:00:40'),('fc638c46-c76e-4221-b00d-c5897dd73e5d','ha123','ha123, dd55555, 2020-07-03 22:05:48<br>','2020-07-02 02:00:40'),('fc638c46-c76e-4221-b00d-c5897dd73e5e','ha123','ha123, 안녕하세요~, 2020-07-03 22:01:41<br>, ha123, 환불하고 싶습니다~, 2020-07-03 22:01:48<br>, adm1, 네 안녕하세요 고객님 어떤 상품을 구매하셨나요?, 2020-07-03 22:01:58<br>','2020-07-03 22:00:40'),('fc638c46-c76e-4221-b00d-c5897dd73e5f','ha123','ha123, dd44444, 2020-07-03 22:05:48<br>','2020-07-02 22:00:40'),('fc638c46-c76e-4221-b00d-c5897dd73e5g','ha123','ha123, dd666666, 2020-07-03 22:05:48<br>','2020-07-01 22:00:40');
/*!40000 ALTER TABLE `chat` ENABLE KEYS */;
UNLOCK TABLES;

--
-- Table structure for table `clickproduct`
--

DROP TABLE IF EXISTS `clickproduct`;
/*!40101 SET @saved_cs_client     = @@character_set_client */;
/*!50503 SET character_set_client = utf8mb4 */;
CREATE TABLE `clickproduct` (
  `clickProductNo` int NOT NULL AUTO_INCREMENT,
  `memberId` varchar(50) CHARACTER SET utf8 COLLATE utf8_bin NOT NULL COMMENT '회원아이디',
  `productNo` varchar(100) CHARACTER SET utf8 COLLATE utf8_bin NOT NULL COMMENT '상품번호',
  `clickDate` datetime NOT NULL DEFAULT CURRENT_TIMESTAMP COMMENT '조회날짜',
  `clickCount` int NOT NULL COMMENT '조회수',
  PRIMARY KEY (`clickProductNo`),
  KEY `FK_member_TO_clickProduct` (`memberId`),
  KEY `FK_product_TO_clickProduct` (`productNo`),
  CONSTRAINT `FK_member_TO_clickProduct` FOREIGN KEY (`memberId`) REFERENCES `member` (`memberId`) ON DELETE CASCADE ON UPDATE CASCADE,
  CONSTRAINT `FK_product_TO_clickProduct` FOREIGN KEY (`productNo`) REFERENCES `product` (`productNo`) ON DELETE CASCADE ON UPDATE CASCADE
) ENGINE=InnoDB AUTO_INCREMENT=1071 DEFAULT CHARSET=utf8 COLLATE=utf8_bin COMMENT='상품조회';
/*!40101 SET character_set_client = @saved_cs_client */;

--
-- Dumping data for table `clickproduct`
--

LOCK TABLES `clickproduct` WRITE;
/*!40000 ALTER TABLE `clickproduct` DISABLE KEYS */;
INSERT INTO `clickproduct` VALUES (1,'ha123','CAFEFABRICAWB-100100001','2020-06-10 00:00:00',1),(2,'ha123','IWBMILDAQUA-100100001','2020-07-01 15:19:51',4),(3,'ha123','IWBTONYSOFA-100100001','2020-06-09 00:00:00',1),(4,'ha123','PMBB701SOFA-100100001','2020-06-09 00:00:00',1),(5,'ha123','PMBB904SOFA-100100001','2020-06-09 00:00:00',1),(14,'ha123','ALMANGSOFA-100100001','2020-06-09 00:00:00',1),(15,'ha123','BANIELSOFA-100100001','2020-06-09 00:00:00',1),(16,'ha123','BBLINOSOFA-100100001','2020-06-09 00:00:00',1),(17,'ha123','MINIFABSOFA-100100001','2020-06-30 09:37:01',2),(18,'ha123','MVSOFA-100100001','2020-06-30 09:37:03',2),(19,'ha123','NEWALMANGEC-100100001','2020-06-09 00:00:00',1),(20,'jung123','MINIFABSOFA-100100001','2020-01-01 00:00:00',1),(21,'jung123','MVSOFA-100100001','2020-01-01 00:00:00',1),(22,'jung123','NEWALMANGEC-100100001','2020-01-01 00:00:00',1),(23,'jung123','NEWZUTTSOFA-100100001','2020-01-01 00:00:00',1),(24,'jung123','PMBB701SOFA-100100001','2020-01-01 00:00:00',1),(25,'jung123','DK010-100100001','2020-01-01 00:00:00',1),(26,'jung123','PMBB904SOFA-100100001','2020-01-01 00:00:00',1),(27,'jung123','CINDYSOFA-100100001','2020-01-01 00:00:00',1),(28,'jung123','CUSFABSOFA-100100001','2020-01-01 00:00:00',1),(29,'jung123','PMBBGRANDSOFA-100100001','2020-01-01 00:00:00',1),(30,'jung123','DESTRASOFA-100100001','2020-01-01 00:00:00',1),(31,'jung123','DINEASH-100100001','2020-01-01 00:00:00',1),(32,'min123','CINDYSOFA-100100001','2020-02-02 00:00:00',1),(33,'min123','CUSFABSOFA-100100001','2020-02-02 00:00:00',1),(34,'min123','DK010-100100001','2020-02-02 00:00:00',1),(35,'min123','NEWALMANGEC-100100001','2020-02-02 00:00:00',1),(36,'min123','MINIFABSOFA-100100001','2020-02-02 00:00:00',1),(37,'min123','MVSOFA-100100001','2020-02-02 00:00:00',1),(38,'min123','PMBBGRANDSOFA-100100001','2020-02-02 00:00:00',1),(39,'min123','DESTRASOFA-100100001','2020-02-02 00:00:00',1),(40,'min123','SERIOSOFA-100100001','2020-02-02 00:00:00',1),(41,'min123','DINEASHSOFA-100100001','2020-02-02 00:00:00',1),(42,'min123','RABIASOFA-100100001','2020-02-02 00:00:00',1),(43,'min123','FLOSTOOL-100100001','2020-02-02 00:00:00',1),(44,'youn123','DK013-100100001','2020-02-03 00:00:00',1),(45,'youn123','DK028-100100001','2020-02-03 00:00:00',1),(46,'youn123','DK037-100100001','2020-02-03 00:00:00',1),(47,'youn123','PMBBGRANDSOFA-100100001','2020-02-03 00:00:00',1),(48,'youn123','MINIFABSOFA-100100001','2020-02-03 00:00:00',1),(49,'youn123','BBLINOSOFA-100100001','2020-02-03 00:00:00',1),(50,'youn123','ALMANGSOFA-100100001','2020-02-03 00:00:00',1),(51,'youn123','DK055-100100001','2020-02-03 00:00:00',1),(52,'youn123','DK086-100100001','2020-02-03 00:00:00',1),(53,'youn123','SERIOSOFA-100100001','2020-02-03 00:00:00',1),(54,'oleg123','MVSOFA-100100001','2020-02-04 00:00:00',1),(55,'oleg123','SERIOSOFA-100100001','2020-02-04 00:00:00',1),(56,'oleg123','MINIFABSOFA-100100001','2020-02-04 00:00:00',1),(57,'oleg123','DK028-100100001','2020-02-04 00:00:00',1),(58,'oleg123','DK013-100100001','2020-02-04 00:00:00',1),(59,'oleg123','DK037-100100001','2020-02-04 00:00:00',1),(60,'kim1','DK028-100100001','2020-06-30 09:38:00',2),(61,'kim1','DK037-100100001','2020-02-05 00:00:00',1),(62,'kim1','DK086-100100001','2020-06-30 09:38:05',2),(63,'kim1','LABELLESOFA-100100001','2020-06-30 09:38:10',2),(64,'kim1','LUCOSOFA-100100001','2020-02-05 00:00:00',1),(65,'kim1','KANUSOFA-100100001','2020-02-05 00:00:00',1),(66,'kim1','MDFABSOFA-100100001','2020-02-05 00:00:00',1),(67,'kim1','MDSTOOL-100100001','2020-02-05 00:00:00',1),(68,'kim1','DAYATDRAW-100100002','2020-02-05 00:00:00',1),(69,'kim1','MRSTARDRAW-100100002','2020-02-05 00:00:00',1),(70,'kim1','MRWIDEDRAW-100100002','2020-02-05 00:00:00',1),(71,'kim2','NEWALMANGEC-100100001','2020-02-06 00:00:00',1),(72,'kim2','NEWZUTTSOFA-100100001','2020-02-06 00:00:00',1),(73,'kim2','DK010-100100001','2020-02-06 00:00:00',1),(74,'kim2','DESTRASOFA-100100001','2020-02-06 00:00:00',1),(75,'kim2','DINEASHSOFA-100100001','2020-02-06 00:00:00',1),(76,'kim2','RABIASOFA-100100001','2020-02-06 00:00:00',1),(77,'kim2','DK013-100100001','2020-02-06 00:00:00',1),(78,'kim3','DK037-100100001','2020-02-06 00:00:00',1),(79,'kim3','MDSTOOL-100100001','2020-02-06 00:00:00',1),(80,'kim3','MDFABSOFA-100100001','2020-02-06 00:00:00',1),(81,'kim3','LUCOSOFA-100100001','2020-02-06 00:00:00',1),(82,'kim3','KANUSOFA-100100001','2020-02-06 00:00:00',1),(83,'kim3','CUSFABSOFA-100100001','2020-02-06 00:00:00',1),(84,'kim3','PMBBGRANDSOFA-100100001','2020-02-06 00:00:00',1),(85,'kim3','DK086-100100001','2020-02-06 00:00:00',1),(86,'kim3','DK203-100100001','2020-02-06 00:00:00',1),(87,'kim3','DK207-100100001','2020-02-06 00:00:00',1),(88,'kim4','MDSTOOL-100100001','2020-02-07 00:00:00',1),(89,'kim4','MARESOFA-100100001','2020-02-07 00:00:00',1),(90,'kim4','LABELLESOFA-100100001','2020-02-07 00:00:00',1),(91,'kim4','IWBTONYSOFA-100100001','2020-02-07 00:00:00',1),(92,'kim4','IWBMILDAQUA-100100001','2020-02-07 00:00:00',1),(93,'kim4','FPRINCESOFA-100100001','2020-02-07 00:00:00',1),(94,'kim4','FLOSTOOL-100100001','2020-02-07 00:00:00',1),(95,'kim4','KANUSOFA-100100001','2020-02-07 00:00:00',1),(96,'kim4','ZUTTSOFA-100100001','2020-02-07 00:00:00',1),(97,'kim4','WASHFABSOFA-100100001','2020-02-07 00:00:00',1),(98,'kim5','DK207-100100001','2020-02-08 00:00:00',1),(99,'kim5','DK203-100100001','2020-02-08 00:00:00',1),(100,'kim5','DK080-100100001','2020-02-08 00:00:00',1),(101,'kim5','DESTRASOFA-100100001','2020-02-08 00:00:00',1),(102,'kim5','DINESOFA-100100001','2020-02-08 00:00:00',1),(103,'kim5','RABIASOFA-100100001','2020-02-08 00:00:00',1),(104,'kim5','CAFEFABRICAWB-100100001','2020-02-08 00:00:00',1),(105,'kim5','MINIFABSOFA-100100001','2020-02-08 00:00:00',1),(106,'kim5','PMBB701SOFA-100100001','2020-02-08 00:00:00',1),(107,'kim5','FLOSTOOL-100100001','2020-02-08 00:00:00',1),(108,'kim5','MARESOFA-100100001','2020-02-08 00:00:00',1),(109,'ha123','DAYATDRAW-100100002','2020-06-05 00:00:00',1),(110,'ha123','MRSTARDRAW-100100002','2020-06-28 20:04:41',2),(111,'ha123','MRWIDEDRAW-100100002','2020-06-05 00:00:00',1),(112,'ha123','MULBAWDRAW-100100002','2020-06-05 00:00:00',1),(113,'ha123','MULBAWSDRAW-100100002','2020-06-05 00:00:00',1),(114,'ha123','MCODRAW-100100002','2020-06-05 00:00:00',1),(115,'ha123','MCOPOLDRAW-100100002','2020-06-05 00:00:00',1),(116,'ha123','PRAHABDRAW-100100002','2020-06-05 00:00:00',1),(117,'ha123','MRAFDRAW-100100002','2020-06-05 00:00:00',1),(118,'jung123','DAYATDRAW-100100002','2020-01-03 00:00:00',1),(119,'jung123','MRSTARDRAW-100100002','2020-01-03 00:00:00',1),(120,'jung123','MULBAWDRAW-100100002','2020-01-03 00:00:00',1),(121,'jung123','MULBAWSDRAW-100100002','2020-01-03 00:00:00',1),(122,'jung123','MCODRAW-100100002','2020-01-03 00:00:00',1),(123,'jung123','MCOPOLDRAW-100100002','2020-01-03 00:00:00',1),(124,'jung123','PRAHABDRAW-100100002','2020-01-03 00:00:00',1),(125,'jung123','MRAFDRAW-100100002','2020-01-03 00:00:00',1),(126,'jung123','MRSTARDRAW-100100002','2020-01-03 00:00:00',1),(127,'jung123','FLINTDRAW-100100002','2020-01-03 00:00:00',1),(128,'jung123','CFARM-100100003','2020-01-04 00:00:00',1),(129,'jung123','CFDALIA-100100003','2020-01-04 00:00:00',1),(130,'jung123','CFHEY-100100003','2020-01-04 00:00:00',1),(131,'jung123','CFLATAN-100100003','2020-01-04 00:00:00',1),(132,'jung123','CFSERENA-100100003','2020-01-04 00:00:00',1),(133,'jung123','CFWOOD-100100003','2020-01-04 00:00:00',1),(134,'jung123','CFSEVEN-100100003','2020-01-04 00:00:00',1),(135,'jung123','FFBIKING-100100003','2020-01-04 00:00:00',1),(136,'jung123','FFGOLD-100100003','2020-01-04 00:00:00',1),(137,'kim1','CFARM-100100003','2020-07-01 19:03:55',2),(138,'kim1','CFDALIA-100100003','2020-07-01 19:03:53',2),(139,'kim1','CFHEY-100100003','2020-07-01 19:03:52',2),(140,'kim1','CFLATAN-100100003','2020-07-01 19:03:51',2),(141,'kim1','FFROMA-100100003','2020-02-06 00:00:00',1),(142,'kim1','FFGOLD-100100003','2020-02-06 00:00:00',1),(143,'kim1','FFBIKING-100100003','2020-07-01 19:04:01',2),(144,'kim1','CFSEVEN-100100003','2020-02-06 00:00:00',1),(145,'kim1','FFSMITH-100100003','2020-02-06 00:00:00',1),(146,'kim2','MRPUREDRAW-100100002','2020-02-07 00:00:00',1),(147,'kim2','MREDRAW-100100002','2020-02-07 00:00:00',1),(148,'kim2','MRAFDRAW-100100002','2020-02-07 00:00:00',1),(149,'kim2','PRAHABDRAW-100100002','2020-02-07 00:00:00',1),(150,'kim2','FLINTDRAW-100100002','2020-02-07 00:00:00',1),(151,'kim2','MCOPOLDRAW-100100002','2020-02-07 00:00:00',1),(152,'kim2','MCODRAW-100100002','2020-02-07 00:00:00',1),(153,'kim2','MULBAWSDRAW-100100002','2020-02-07 00:00:00',1),(154,'kim2','MULBAWDRAW-100100002','2020-02-07 00:00:00',1),(155,'kim6','ALMANGSOFA-100100001','2020-02-06 00:00:00',1),(156,'kim6','BANIELSOFA-100100001','2020-02-06 00:00:00',1),(157,'kim6','BBLINOSOFA-100100001','2020-02-06 00:00:00',1),(158,'kim6','CAFEFABRICAWB-100100001','2020-02-06 00:00:00',1),(159,'kim6','MINIFABSOFA-100100001','2020-02-06 00:00:00',1),(160,'kim6','NEWALMANGEC-100100001','2020-02-06 00:00:00',1),(161,'kim6','NEWZUTTSOFA-100100001','2020-02-06 00:00:00',1),(162,'kim6','PMBB701SOFA-100100001','2020-02-06 00:00:00',1),(163,'kim6','DK010-100100001','2020-02-06 00:00:00',1),(164,'kim6','PMBBGRANDSOFA-100100001','2020-02-06 00:00:00',1),(165,'kim6','DESTRASOFA-100100001','2020-02-06 00:00:00',1),(166,'kim6','DINEASHSOFA-100100001','2020-02-06 00:00:00',1),(167,'kim6','DAYATDRAW-100100002','2020-02-07 00:00:00',1),(168,'kim6','MRSTARDRAW-100100002','2020-02-07 00:00:00',1),(169,'kim6','MRWIDEDRAW-100100002','2020-02-07 00:00:00',1),(170,'kim6','MULBAWDRAW-100100002','2020-02-07 00:00:00',1),(171,'kim6','MULBAWSDRAW-100100002','2020-02-07 00:00:00',1),(172,'kim6','MCODRAW-100100002','2020-02-07 00:00:00',1),(173,'kim6','MCOPOLDRAW-100100002','2020-02-07 00:00:00',1),(174,'kim6','FLINTDRAW-100100002','2020-02-07 00:00:00',1),(193,'ha123','FLINTDRAW-100100002','2020-06-12 00:00:00',1),(194,'ha123','MCOPOLDRAW-100100002','2020-06-12 10:00:00',1),(195,'kim6','PMBB701SOFA-100100001','2020-06-12 10:00:00',1),(197,'hoho1','AASSDDFF2-300200001','2020-06-16 19:57:56',3),(198,'hoho1','AASSDDFF1-300200001','2020-06-16 20:03:39',1),(199,'hoho1','AASSDDFF3-300200001','2020-06-16 20:03:55',1),(200,'hoho1','AASSDDFF4-300200001','2020-06-16 20:04:35',1),(201,'hoho1','AASSDDFF5-300200001','2020-06-16 20:04:51',1),(202,'hoho1','GGHHJJKK1-300200001','2020-06-16 20:05:44',1),(203,'hoho1','GGHHJJKK5-300200001','2020-06-16 20:05:47',1),(204,'hoho1','GGHHJJKK4-300200001','2020-06-16 20:05:50',1),(205,'hoho1','GGHHJJKK3-300200001','2020-06-16 20:05:52',1),(206,'hoho1','GGHHJJKK2-300200001','2020-06-16 20:05:54',1),(207,'hoho1','ANDPLASTICCHEST-100200002','2020-06-16 20:07:21',1),(208,'hoho1','LISENTCHEST-100200002','2020-06-16 20:07:43',1),(209,'hoho1','LISSEMCHEST-100200002','2020-06-16 20:07:47',1),(210,'hoho1','LIVARTCHEST-100200002','2020-06-16 20:07:52',1),(211,'hoho1','MARKETBCHEST-100200002','2020-06-16 20:07:59',1),(212,'hoho1','SELESTACHEST-100200002','2020-06-16 20:09:02',1),(213,'hoho1','WESTFROMCHEST-100200002','2020-06-16 20:09:11',1),(214,'hoho1','FREEMADEDRESSINGTB-100200003','2020-06-16 20:09:28',1),(215,'hoho1','LIVARTDRESSINGTB-100200003','2020-06-16 20:09:37',1),(216,'hoho1','LISSEMDRESSINGTB-100200003','2020-06-16 20:09:40',1),(217,'hoho1','MARKETBDRESSINGTB-100200003','2020-06-16 20:09:47',1),(218,'hoho1','SELESTADRESSINGTB-100200003','2020-06-16 20:09:55',1),(219,'hoho1','WESTFROMDRESSINGTB-100200003','2020-06-16 20:10:04',1),(220,'hoho1','LISSEMMAT-100200004','2020-06-16 20:10:45',1),(221,'hoho1','LIVARTMAT-100200004','2020-06-16 20:10:51',1),(222,'hoho1','MARKETBMAT-100200004','2020-06-16 20:10:55',1),(223,'hoho1','SELESTAMAT-100200004','2020-06-16 20:10:59',1),(224,'hoho1','LISENTKITCABINET-100300001','2020-06-16 20:11:41',1),(225,'hoho1','LIVARTKITCABINET-100300001','2020-06-16 20:11:46',1),(226,'hoho1','MARKETBKITCABINET-100300001','2020-06-16 20:11:50',1),(227,'hoho1','SELESTAKITCABINET-100300001','2020-06-16 20:11:54',1),(228,'hoho1','FREEMADEDINNINGCH-100300002','2020-07-01 19:03:12',2),(229,'hoho1','LISSEMDINNINGCH-100300002','2020-07-01 19:03:15',2),(230,'hoho1','LIVARTDINNINGCH-100300002','2020-07-01 19:03:16',2),(231,'hoho1','MARKETBDINNINGCH-100300002','2020-07-01 19:03:17',2),(234,'hoho1','LAUMSQUAREA-100300003','2020-07-01 19:03:14',2),(235,'hoho1','LAUMWHITEA-100300003','2020-06-16 20:15:41',1),(236,'hoho1','LAUMWOODA-100300003','2020-07-01 19:01:20',2),(237,'hoho1','LAUMANGELA-100300003','2020-06-16 20:15:48',1),(238,'hoho1','ASSIBANGKYLE-100400001','2020-06-16 20:16:23',1),(239,'hoho1','ASSIBANGLAY-100400001','2020-06-16 20:16:25',1),(240,'hoho1','ASSIBANGSLIDING-100400001','2020-06-16 20:16:29',1),(241,'hoho1','ALLENHANGER-100400002','2020-06-16 20:17:04',1),(242,'hoho1','MFMAGICHANGER-100400002','2020-06-16 20:17:10',1),(243,'hoho1','MILANOHANGER-100400002','2020-06-16 20:17:12',1),(244,'hoho1','SCARLETHANGER600-100400002','2020-06-16 20:17:17',1),(245,'hoho1','SCARLETHANGERBAQI-100400002','2020-06-16 20:17:26',1),(246,'hoho1','SHINEHANGER-100400002','2020-06-16 20:17:31',1),(247,'hoho1','HITDRAWER3Y-100400003','2020-06-16 20:18:18',1),(248,'hoho1','HITLIL4Y-100400003','2020-06-16 20:18:24',1),(249,'hoho1','HITMANGO450-100400003','2020-06-16 20:18:30',1),(250,'hoho1','HITSYNIA600-100400003','2020-06-16 20:18:36',1),(251,'hoho1','BONOESSENTIAL-200100001','2020-06-16 20:19:18',1),(252,'hoho1','BONOKIDSA-200100001','2020-06-16 20:19:22',1),(253,'hoho1','BONOKIDSHAPPY-200100001','2020-06-16 20:19:25',1),(254,'hoho1','BONOKIDSHAPPYOAK-200100001','2020-06-16 20:19:27',1),(255,'hoho1','BONOKIDSPLA-200100001','2020-06-16 20:19:29',1),(256,'hoho1','BONOKIDSWOOD-200100001','2020-06-16 20:19:31',1),(257,'hoho1','BONONATURAL4-200100001','2020-06-16 20:19:36',1),(258,'hoho1','BONONATURAL5-200100001','2020-06-16 20:19:42',1),(259,'hoho1','BONOWHITE4-200100001','2020-06-16 20:19:44',1),(260,'hoho1','BONOWHITE5-200100001','2020-06-16 20:19:45',1),(261,'hoho1','SHABASDRAWER3L-200100001','2020-06-16 20:19:52',1),(262,'hoho1','SHABASDRAWER5L-200100001','2020-06-16 20:19:54',1),(263,'hoho1','SHABASWIDE5L-200100001','2020-06-16 20:19:56',1),(264,'hoho1','SNAILDRAWERA-200100001','2020-06-16 20:20:01',1),(265,'hoho1','SNAILDRAWERB-200100001','2020-06-16 20:20:03',1),(266,'hoho1','SNAILDRAWERC-200100001','2020-06-16 20:20:05',1),(267,'hoho1','BANESDECOLOYDNTROL-200100002','2020-06-16 20:20:51',1),(268,'hoho1','BANESDECOTROL4-200100002','2020-06-16 20:20:52',1),(269,'hoho1','CHANGSLIM4-200100002','2020-06-16 20:21:01',1),(270,'hoho1','ECOTROL32-200100002','2020-06-16 20:21:09',1),(271,'hoho1','HOUSEREPTROL4-200100002','2020-06-16 20:21:22',1),(272,'hoho1','HOUSEREPTROL6-200100002','2020-06-16 20:21:23',1),(273,'hoho1','IKEACARTLENNART-200100002','2020-06-16 20:21:33',1),(274,'hoho1','IKEACARTRASKOG-200100002','2020-06-16 20:21:40',1),(275,'hoho1','ILCMETALTROL3-200100002','2020-06-16 20:21:58',1),(276,'hoho1','ILCMILKTROL-200100002','2020-06-16 20:22:02',1),(277,'hoho1','ILCSQUARETROL-200100002','2020-06-16 20:22:05',1),(278,'hoho1','MARKETBBEKJETROL-200100002','2020-06-16 20:22:15',1),(279,'hoho1','MARKETBGRUETTROL-200100002','2020-06-16 20:22:21',1),(280,'hoho1','MARKETBTANGTROL-200100002','2020-06-16 20:22:30',1),(281,'hoho1','NATURESWINGTROL-200100002','2020-06-16 20:22:40',1),(282,'hoho1','ROOMNHOMEQOOTROL-200100002','2020-06-16 20:22:49',1),(283,'hoho1','ROOMNHOMETROL3-200100002','2020-06-16 20:22:53',1),(284,'hoho1','SSDSLIDINGCAB-200100002','2020-06-16 20:23:02',1),(285,'hoho1','WIZHOMETEDTROL3-200100002','2020-06-16 20:23:10',1),(286,'hoho1','WIZHOMEWOODMOV3-200100002','2020-06-16 20:23:13',1),(287,'hoho1','ALLLIVINGBLACKLIVBOX-200200001','2020-06-16 20:23:42',1),(288,'hoho1','ALLLIVINGCROSSLIVBOX-200200001','2020-06-16 20:23:47',1),(289,'hoho1','ALLLIVINGCURVLIVBOX-200200001','2020-06-16 20:23:50',1),(290,'hoho1','ALLLIVINGJELLIVBOX-200200001','2020-06-16 20:23:53',1),(291,'hoho1','BANESDECOLIVBOX-200200001','2020-06-16 20:24:00',1),(292,'hoho1','CHANGLIVBOX-200200001','2020-06-16 20:24:08',1),(293,'hoho1','GAZZMCRLIVBOX-200200001','2020-06-16 20:24:16',1),(294,'hoho1','HOUSEBUDYBIGLIVBOX-200200001','2020-06-16 20:24:20',1),(295,'hoho1','HOUSEBUDYSLIDINGLIVBOX-200200001','2020-06-16 20:24:23',1),(296,'hoho1','MARKETBKONTINOLIVBOX-200200001','2020-06-16 20:24:32',1),(297,'hoho1','NATUREHANG6-200200002','2020-06-16 20:24:38',1),(298,'hoho1','NATURELIVSLIDING-200200001','2020-06-16 20:24:42',1),(299,'hoho1','REVENSEBASICLIVBOX-200200001','2020-06-16 20:24:55',1),(300,'hoho1','REVENSECLASSICLIVBOX-200200001','2020-06-16 20:25:00',1),(301,'hoho1','REVENSEVANTAGELIVBOX-200200001','2020-06-16 20:26:17',2),(302,'hoho1','WIZHOMELIVBOXOPEN-200200001','2020-06-16 20:25:10',1),(303,'hoho1','CHANGBLANG-200200002','2020-06-16 20:25:31',1),(304,'hoho1','GAZZDYSON-200200002','2020-06-16 20:30:19',2),(305,'hoho1','GAZZMULTITAB-200200002','2020-06-16 20:25:40',1),(306,'hoho1','HOUSEREPFLIP-200200002','2020-06-16 20:25:48',1),(307,'hoho1','IKEAOTHERKVISSLE-200200002','2020-06-16 20:25:53',1),(308,'hoho1','MARKETBPASARLATAN-200200002','2020-06-16 20:26:02',1),(309,'hoho1','MARKETBPECREVINTAGE-200200002','2020-06-16 20:26:06',1),(310,'hoho1','REVENSEBAG-200200002','2020-06-16 20:26:12',1),(311,'hoho1','ROOMNHOMELEAFSHOEHOLD-200200002','2020-06-16 20:26:22',1),(312,'hoho1','ROOMNHOMETOWERBOOK-200200002','2020-06-16 20:26:26',1),(313,'hoho1','SSDCLEANERCAB-200200002','2020-06-16 20:26:31',1),(314,'hoho1','ALLLIVINGWOODSHOE-200300001','2020-06-16 20:26:51',1),(315,'hoho1','CHANGSHOE-200300001','2020-06-16 20:26:59',1),(316,'hoho1','CHANGUMB-200300002','2020-07-01 19:01:52',3),(317,'hoho1','ECOWOODSHOE-200300001','2020-06-16 20:27:15',1),(318,'hoho1','GAZZSHOEMODERN-200300001','2020-06-16 20:27:23',1),(319,'hoho1','GAZZSHOEWOOD-200300001','2020-06-16 20:27:26',1),(320,'hoho1','HOUSEBUDYNOMALSHOE-200300001','2020-06-16 20:27:31',1),(321,'hoho1','HOUSEBUDYWIDESHOE-200300001','2020-06-16 20:27:33',1),(322,'hoho1','HOUSEREPSHOE-200300001','2020-06-16 20:27:39',1),(323,'hoho1','IKEASHOESBISSA-200300001','2020-06-16 20:27:45',1),(324,'hoho1','IKEASHOESHEMNES-200300001','2020-06-16 20:27:46',1),(325,'hoho1','MARKETBMALGOSHOE-200300001','2020-06-16 20:27:54',1),(326,'hoho1','MARKETBPIGOSHOE-200300001','2020-06-16 20:28:00',1),(327,'hoho1','ROOMNHOMELOFTSHOEL-200300001','2020-06-16 20:28:05',1),(328,'hoho1','ILCSTEELUMB-200300002','2020-07-01 19:01:54',2),(329,'hoho1','NATUREUMB-200300002','2020-07-01 19:01:51',2),(330,'hoho1','MARKETBBRELAUMB-200300002','2020-07-01 19:01:55',2),(331,'hoho1','DDFFGGHH1-300100001','2020-06-16 20:29:55',1),(332,'hoho1','DDFFGGHH2-300100001','2020-06-16 20:29:58',1),(333,'hoho1','DDFFGGHH3-300100001','2020-06-16 20:30:00',1),(334,'hoho1','DDFFGGHH4-300100001','2020-06-16 20:30:02',1),(335,'hoho1','DDFFGGHH5-300100001','2020-06-16 20:30:05',1),(336,'hoho1','JJKKLLZZ1-300100001','2020-06-16 20:30:48',1),(337,'hoho1','JJKKLLZZ2-300100001','2020-06-16 20:30:49',1),(338,'hoho1','JJKKLLZZ3-300100001','2020-06-16 20:30:51',1),(339,'hoho1','JJKKLLZZ4-300100001','2020-06-16 20:30:53',1),(340,'hoho1','JJKKLLZZ5-300100001','2020-06-16 20:30:54',1),(341,'hoho1','OOPPAASS1-300100001','2020-06-16 20:31:04',1),(342,'hoho1','OOPPAASS2-300100001','2020-06-16 20:31:06',1),(343,'hoho1','OOPPAASS3-300100001','2020-06-16 20:31:08',1),(344,'hoho1','OOPPAASS4-300100001','2020-06-16 20:31:09',1),(345,'hoho1','OOPPAASS5-300100001','2020-06-16 20:31:11',1),(346,'hoho1','PPOOAASS1-300100002','2020-06-16 20:33:15',2),(347,'hoho1','QQWWEERR1-300100001','2020-06-16 20:31:25',1),(348,'hoho1','QQWWEERR2-300100001','2020-06-16 20:31:27',1),(349,'hoho1','QQWWEERR3-300100001','2020-06-16 20:31:29',1),(350,'hoho1','QQWWEERR4-300100001','2020-06-16 20:31:30',1),(351,'hoho1','QQWWEERR5-300100001','2020-06-16 20:31:33',1),(352,'hoho1','TTYYUUII1-300100001','2020-06-16 20:31:45',1),(353,'hoho1','TTYYUUII2-300100001','2020-06-16 20:31:49',1),(354,'hoho1','TTYYUUII3-300100001','2020-06-16 20:31:51',1),(355,'hoho1','TTYYUUII4-300100001','2020-06-16 20:31:53',1),(356,'hoho1','TTYYUUII5-300100001','2020-06-16 20:31:55',1),(357,'hoho1','EERRTTYY1-300100002','2020-06-16 20:32:27',1),(358,'hoho1','EERRTTYY2-300100002','2020-06-16 20:32:29',1),(359,'hoho1','EERRTTYY3-300100002','2020-06-16 20:32:30',1),(360,'hoho1','EERRTTYY4-300100002','2020-06-16 20:32:32',1),(361,'hoho1','EERRTTYY5-300100002','2020-06-16 20:32:34',1),(362,'hoho1','NNMMQQWW1-300100002','2020-06-16 20:32:39',1),(363,'hoho1','NNMMQQWW2-300100002','2020-06-16 20:32:41',1),(364,'hoho1','NNMMQQWW3-300100002','2020-06-16 20:32:43',1),(365,'hoho1','NNMMQQWW4-300100002','2020-06-16 20:32:44',1),(366,'hoho1','NNMMQQWW5-300100002','2020-06-16 20:32:46',1),(367,'hoho1','PPOOAASS2-300100002','2020-06-16 20:33:16',1),(368,'hoho1','PPOOAASS3-300100002','2020-06-16 20:33:19',1),(369,'hoho1','PPOOAASS4-300100002','2020-06-16 20:33:24',1),(370,'hoho1','PPOOAASS5-300100002','2020-06-16 20:33:26',1),(371,'hoho1','PPOOAASS6-300100002','2020-06-16 20:33:28',1),(372,'hoho1','UUIIOOPP1-300100002','2020-06-16 20:34:02',1),(373,'hoho1','UUIIOOPP2-300100002','2020-06-16 20:34:04',1),(374,'hoho1','UUIIOOPP3-300100002','2020-06-16 20:34:06',1),(375,'hoho1','UUIIOOPP4-300100002','2020-06-16 20:34:08',1),(376,'hoho1','XXCCVVBB1-300100002','2020-06-16 20:34:18',1),(377,'hoho1','XXCCVVBB2-300100002','2020-06-16 20:34:20',1),(378,'hoho1','XXCCVVBB3-300100002','2020-06-16 20:34:22',1),(379,'hoho1','XXCCVVBB4-300100002','2020-06-16 20:34:24',1),(380,'hoho1','XXCCVVBB5-300100002','2020-06-16 20:34:26',1),(382,'jung123','AASSDDFF5-300200001','2020-06-18 09:22:35',1),(383,'jung123','AASSDDFF3-300200001','2020-06-18 09:22:38',1),(384,'jung123','AASSDDFF2-300200001','2020-06-18 09:22:40',1),(385,'jung123','AASSDDFF1-300200001','2020-06-18 09:22:41',1),(386,'jung123','AASSDDFF4-300200001','2020-06-18 09:22:43',1),(387,'jung123','GGHHJJKK1-300200001','2020-06-18 09:23:32',1),(388,'jung123','GGHHJJKK2-300200001','2020-06-18 09:23:35',1),(389,'jung123','GGHHJJKK3-300200001','2020-06-18 09:23:37',1),(390,'jung123','GGHHJJKK5-300200001','2020-06-18 09:23:40',1),(391,'jung123','GGHHJJKK4-300200001','2020-06-18 09:23:42',1),(392,'jung123','ANDPLASTICCHEST-100200002','2020-06-18 09:24:07',1),(393,'jung123','LISSEMCHEST-100200002','2020-06-18 09:24:50',1),(394,'jung123','LISENTCHEST-100200002','2020-06-18 09:24:52',1),(395,'jung123','MARKETBCHEST-100200002','2020-06-18 09:25:06',1),(396,'jung123','LIVARTCHEST-100200002','2020-06-18 09:25:11',2),(397,'jung123','SELESTACHEST-100200002','2020-06-18 09:25:25',1),(398,'jung123','WESTFROMCHEST-100200002','2020-06-18 09:25:30',1),(399,'jung123','WESTFROMDRESSINGTB-100200003','2020-06-18 09:25:50',1),(400,'jung123','SELESTADRESSINGTB-100200003','2020-06-18 09:25:54',1),(401,'jung123','MARKETBDRESSINGTB-100200003','2020-06-18 09:26:05',1),(402,'jung123','LIVARTDRESSINGTB-100200003','2020-06-18 09:26:11',1),(403,'jung123','LISSEMDRESSINGTB-100200003','2020-06-18 09:26:15',1),(404,'jung123','FREEMADEDRESSINGTB-100200003','2020-06-18 09:26:21',1),(405,'jung123','LIVARTMAT-100200004','2020-06-18 09:27:50',1),(406,'jung123','LISSEMMAT-100200004','2020-06-18 09:27:52',1),(407,'jung123','MARKETBMAT-100200004','2020-06-18 09:27:57',1),(408,'jung123','SELESTAMAT-100200004','2020-06-18 09:28:16',1),(409,'jung123','SELESTAKITCABINET-100300001','2020-06-18 09:28:32',1),(410,'jung123','LISENTKITCABINET-100300001','2020-06-18 09:28:39',1),(411,'jung123','MARKETBKITCABINET-100300001','2020-06-18 09:28:46',1),(412,'jung123','LIVARTKITCABINET-100300001','2020-06-18 09:28:52',1),(413,'jung123','MARKETBDINNINGCH-100300002','2020-06-18 09:29:14',1),(414,'jung123','LIVARTDINNINGCH-100300002','2020-06-18 09:29:19',1),(415,'jung123','LISSEMDINNINGCH-100300002','2020-06-18 09:29:22',1),(416,'jung123','FREEMADEDINNINGCH-100300002','2020-06-18 09:29:38',1),(417,'jung123','LAUMWOODA-100300003','2020-06-18 09:29:52',1),(418,'jung123','LAUMANGELA-100300003','2020-06-18 09:29:56',1),(420,'jung123','LAUMWHITEA-100300003','2020-06-18 09:30:11',1),(421,'jung123','ASSIBANGKYLE-100400001','2020-06-18 09:32:30',1),(422,'jung123','ASSIBANGSLIDING-100400001','2020-06-18 09:32:32',1),(423,'jung123','ASSIBANGLAY-100400001','2020-06-18 09:32:33',1),(424,'jung123','ALLENHANGER-100400002','2020-06-18 09:34:04',1),(425,'jung123','MFMAGICHANGER-100400002','2020-06-18 09:34:14',1),(426,'jung123','MILANOHANGER-100400002','2020-06-18 09:34:16',1),(427,'jung123','SCARLETHANGERBAQI-100400002','2020-06-18 09:34:29',1),(428,'jung123','SCARLETHANGER600-100400002','2020-06-18 09:34:31',1),(429,'jung123','SHINEHANGER-100400002','2020-06-18 09:34:39',1),(430,'jung123','HITSYNIA600-100400003','2020-06-18 09:35:09',1),(431,'jung123','HITLIL4Y-100400003','2020-06-18 09:35:10',1),(432,'jung123','HITDRAWER3Y-100400003','2020-06-18 09:35:12',1),(433,'jung123','HITMANGO450-100400003','2020-06-18 09:35:13',1),(434,'jung123','BONOKIDSHAPPYOAK-200100001','2020-06-18 09:35:48',1),(435,'jung123','BONOKIDSPLA-200100001','2020-06-18 09:35:57',2),(436,'jung123','BONOKIDSHAPPY-200100001','2020-06-18 09:35:52',1),(437,'jung123','BONOESSENTIAL-200100001','2020-06-18 09:35:53',1),(438,'jung123','BONOKIDSA-200100001','2020-06-18 09:35:55',1),(439,'jung123','BONOKIDSWOOD-200100001','2020-06-18 09:35:59',1),(440,'jung123','BONONATURAL4-200100001','2020-06-18 09:36:01',1),(441,'jung123','BONONATURAL5-200100001','2020-06-18 09:36:03',1),(442,'jung123','BONOWHITE4-200100001','2020-06-18 09:36:05',1),(443,'jung123','BONOWHITE5-200100001','2020-06-18 09:36:07',1),(444,'jung123','SHABASWIDE5L-200100001','2020-06-18 09:41:17',1),(445,'jung123','SHABASDRAWER3L-200100001','2020-06-18 09:41:19',1),(446,'jung123','SHABASDRAWER5L-200100001','2020-06-18 09:41:21',1),(447,'jung123','SNAILDRAWERC-200100001','2020-06-18 09:41:34',1),(448,'jung123','SNAILDRAWERB-200100001','2020-06-18 09:41:36',1),(449,'jung123','SNAILDRAWERA-200100001','2020-06-18 09:41:38',1),(450,'jung123','BANESDECOTROL4-200100002','2020-06-18 09:44:40',1),(451,'jung123','BANESDECOLOYDNTROL-200100002','2020-06-18 09:44:41',1),(452,'jung123','CHANGSLIM4-200100002','2020-06-18 09:44:51',1),(453,'jung123','ECOTROL32-200100002','2020-06-18 09:44:57',1),(454,'jung123','HOUSEREPTROL6-200100002','2020-06-18 09:45:07',1),(455,'jung123','HOUSEREPTROL4-200100002','2020-06-18 09:45:08',1),(456,'jung123','IKEACARTLENNART-200100002','2020-06-18 09:45:14',1),(457,'jung123','IKEACARTRASKOG-200100002','2020-06-18 09:45:16',1),(458,'jung123','ILCSQUARETROL-200100002','2020-06-18 09:45:27',1),(459,'jung123','ILCMILKTROL-200100002','2020-06-18 09:45:29',1),(460,'jung123','ILCMETALTROL3-200100002','2020-06-18 09:45:30',1),(461,'jung123','MARKETBBEKJETROL-200100002','2020-06-18 09:45:37',1),(462,'jung123','MARKETBGRUETTROL-200100002','2020-06-18 09:45:51',1),(463,'jung123','MARKETBTANGTROL-200100002','2020-06-18 09:45:55',1),(464,'jung123','NATURESWINGTROL-200100002','2020-06-18 09:46:00',1),(465,'jung123','ROOMNHOMETROL3-200100002','2020-06-18 09:46:04',1),(466,'jung123','ROOMNHOMEQOOTROL-200100002','2020-06-18 09:46:06',1),(467,'jung123','SSDSLIDINGCAB-200100002','2020-06-18 09:46:11',1),(468,'jung123','WIZHOMEWOODMOV3-200100002','2020-06-18 09:46:16',1),(469,'jung123','WIZHOMETEDTROL3-200100002','2020-06-18 09:46:18',1),(470,'jung123','WIZHOMELIVBOXOPEN-200200001','2020-06-18 09:46:38',1),(471,'jung123','REVENSEVANTAGELIVBOX-200200001','2020-06-18 09:46:45',1),(472,'jung123','REVENSECLASSICLIVBOX-200200001','2020-06-18 09:46:46',1),(473,'jung123','REVENSEBASICLIVBOX-200200001','2020-06-18 09:46:48',1),(474,'jung123','NATURELIVSLIDING-200200001','2020-06-18 09:46:55',1),(475,'jung123','NATUREHANG6-200200002','2020-06-18 09:46:59',1),(476,'jung123','MARKETBKONTINOLIVBOX-200200001','2020-06-18 09:47:03',1),(477,'jung123','HOUSEBUDYSLIDINGLIVBOX-200200001','2020-06-18 09:47:08',1),(478,'jung123','HOUSEBUDYBIGLIVBOX-200200001','2020-06-18 09:47:11',1),(479,'jung123','GAZZMCRLIVBOX-200200001','2020-06-18 09:47:15',1),(480,'jung123','CHANGLIVBOX-200200001','2020-06-18 09:47:19',1),(481,'jung123','BANESDECOLIVBOX-200200001','2020-06-18 09:47:23',1),(482,'jung123','ALLLIVINGCURVLIVBOX-200200001','2020-06-18 09:47:29',1),(483,'jung123','ALLLIVINGJELLIVBOX-200200001','2020-06-18 09:47:31',1),(484,'jung123','ALLLIVINGCROSSLIVBOX-200200001','2020-06-18 09:47:33',1),(485,'jung123','ALLLIVINGBLACKLIVBOX-200200001','2020-06-18 09:47:34',1),(486,'jung123','SSDCLEANERCAB-200200002','2020-06-18 09:47:53',1),(487,'jung123','ROOMNHOMETOWERBOOK-200200002','2020-06-18 09:47:57',1),(488,'jung123','ROOMNHOMELEAFSHOEHOLD-200200002','2020-06-18 09:49:23',2),(489,'jung123','REVENSEBAG-200200002','2020-06-18 09:48:10',1),(490,'jung123','REVENSEVERS10-200200002','2020-06-18 09:48:12',1),(491,'jung123','MARKETBPECREVINTAGE-200200002','2020-06-18 09:48:16',1),(492,'jung123','MARKETBPASARLATAN-200200002','2020-06-18 09:48:21',1),(493,'jung123','IKEAOTHERKVISSLE-200200002','2020-06-18 09:48:25',1),(494,'jung123','HOUSEREPFLIP-200200002','2020-06-18 09:48:29',1),(495,'jung123','GAZZMULTITAB-200200002','2020-06-18 09:48:33',1),(496,'jung123','GAZZDYSON-200200002','2020-06-18 09:48:38',1),(497,'jung123','CHANGBLANG-200200002','2020-06-18 09:48:44',1),(498,'jung123','ROOMNHOMELOFTSHOEL-200300001','2020-06-18 09:49:20',1),(499,'jung123','MARKETBPIGOSHOE-200300001','2020-06-18 09:49:30',1),(500,'jung123','MARKETBMALGOSHOE-200300001','2020-06-18 09:49:33',1),(501,'jung123','IKEASHOESHEMNES-200300001','2020-06-18 09:49:38',1),(502,'jung123','IKEASHOESBISSA-200300001','2020-06-18 09:49:43',1),(503,'jung123','HOUSEREPSHOE-200300001','2020-06-18 09:51:39',1),(504,'jung123','HOUSEBUDYNOMALSHOE-200300001','2020-06-18 09:51:44',1),(505,'jung123','HOUSEBUDYWIDESHOE-200300001','2020-06-18 09:51:46',1),(506,'jung123','GAZZSHOEMODERN-200300001','2020-07-06 10:10:34',2),(507,'jung123','GAZZSHOEWOOD-200300001','2020-06-18 09:51:53',1),(508,'jung123','ECOWOODSHOE-200300001','2020-06-18 09:52:00',1),(509,'jung123','CHANGSHOE-200300001','2020-06-18 09:52:51',1),(510,'jung123','ALLLIVINGWOODSHOE-200300001','2020-06-18 09:52:56',1),(511,'jung123','NATUREUMB-200300002','2020-06-18 09:53:05',1),(512,'jung123','MARKETBBRELAUMB-200300002','2020-06-18 09:53:09',1),(513,'jung123','ILCSTEELUMB-200300002','2020-06-18 09:53:13',1),(514,'jung123','CHANGUMB-200300002','2020-06-18 09:53:19',1),(515,'jung123','TTYYUUII5-300100001','2020-06-18 10:02:21',2),(516,'jung123','TTYYUUII4-300100001','2020-06-18 09:53:48',1),(517,'jung123','TTYYUUII3-300100001','2020-06-18 09:53:50',1),(518,'jung123','TTYYUUII1-300100001','2020-06-18 09:53:52',1),(519,'jung123','TTYYUUII2-300100001','2020-06-18 09:53:54',1),(520,'jung123','QQWWEERR5-300100001','2020-06-18 09:54:01',1),(521,'jung123','QQWWEERR4-300100001','2020-06-18 09:54:02',1),(522,'jung123','QQWWEERR3-300100001','2020-06-18 09:54:04',1),(523,'jung123','QQWWEERR2-300100001','2020-06-18 09:54:06',1),(524,'jung123','QQWWEERR1-300100001','2020-06-18 09:54:08',1),(525,'jung123','OOPPAASS5-300100001','2020-06-18 09:54:16',1),(526,'jung123','OOPPAASS4-300100001','2020-06-18 09:54:18',1),(527,'jung123','OOPPAASS3-300100001','2020-06-18 09:54:20',1),(528,'jung123','OOPPAASS2-300100001','2020-06-18 09:54:22',1),(529,'jung123','OOPPAASS1-300100001','2020-06-18 09:54:24',1),(530,'jung123','JJKKLLZZ5-300100001','2020-06-18 09:54:31',1),(531,'jung123','JJKKLLZZ4-300100001','2020-06-18 09:54:33',1),(532,'jung123','JJKKLLZZ3-300100001','2020-06-18 09:54:34',1),(533,'jung123','JJKKLLZZ2-300100001','2020-06-18 09:54:36',1),(534,'jung123','JJKKLLZZ1-300100001','2020-06-18 09:54:37',1),(535,'jung123','DDFFGGHH5-300100001','2020-06-18 09:54:44',1),(536,'jung123','DDFFGGHH4-300100001','2020-06-18 09:54:57',1),(537,'jung123','DDFFGGHH3-300100001','2020-06-18 09:54:58',1),(538,'jung123','DDFFGGHH2-300100001','2020-06-18 09:55:00',1),(539,'jung123','DDFFGGHH1-300100001','2020-06-18 09:55:02',1),(540,'jung123','XXCCVVBB5-300100002','2020-06-18 09:55:35',1),(541,'jung123','XXCCVVBB4-300100002','2020-06-18 09:55:37',1),(542,'jung123','XXCCVVBB3-300100002','2020-06-18 09:55:39',1),(543,'jung123','XXCCVVBB2-300100002','2020-06-18 09:55:42',1),(544,'jung123','XXCCVVBB1-300100002','2020-06-18 09:55:43',1),(545,'jung123','UUIIOOPP3-300100002','2020-06-18 10:02:03',1),(546,'jung123','UUIIOOPP2-300100002','2020-06-18 10:02:05',1),(547,'jung123','UUIIOOPP1-300100002','2020-06-18 10:02:07',1),(548,'jung123','PPOOAASS6-300100002','2020-06-18 10:02:29',1),(549,'jung123','PPOOAASS5-300100002','2020-06-18 10:02:31',1),(550,'jung123','PPOOAASS4-300100002','2020-06-18 10:02:33',1),(551,'jung123','PPOOAASS3-300100002','2020-06-18 10:02:34',1),(552,'jung123','PPOOAASS2-300100002','2020-06-18 10:02:36',1),(553,'jung123','PPOOAASS1-300100002','2020-06-18 10:02:39',1),(554,'jung123','NNMMQQWW5-300100002','2020-06-18 10:02:49',1),(555,'jung123','NNMMQQWW4-300100002','2020-06-18 10:02:51',1),(556,'jung123','NNMMQQWW3-300100002','2020-06-18 10:02:53',1),(557,'jung123','NNMMQQWW2-300100002','2020-06-18 10:02:55',1),(558,'jung123','NNMMQQWW1-300100002','2020-06-18 10:02:57',1),(559,'jung123','EERRTTYY5-300100002','2020-06-18 10:03:05',1),(560,'jung123','EERRTTYY4-300100002','2020-06-18 10:03:07',1),(561,'jung123','EERRTTYY3-300100002','2020-06-18 10:03:09',1),(562,'jung123','EERRTTYY2-300100002','2020-06-18 10:03:11',1),(563,'jung123','EERRTTYY1-300100002','2020-06-18 10:03:13',1),(564,'kim1','EERRTTYY4-300100002','2020-06-18 10:04:10',1),(565,'kim1','EERRTTYY1-300100002','2020-06-18 10:04:12',1),(566,'kim1','EERRTTYY2-300100002','2020-06-18 10:04:13',1),(567,'kim1','EERRTTYY5-300100002','2020-06-18 10:04:15',1),(568,'kim1','EERRTTYY3-300100002','2020-06-18 10:04:17',1),(569,'kim1','NNMMQQWW1-300100002','2020-06-18 10:04:40',1),(570,'kim1','NNMMQQWW3-300100002','2020-06-18 10:04:42',1),(571,'kim1','NNMMQQWW2-300100002','2020-06-18 10:04:43',1),(572,'kim1','NNMMQQWW4-300100002','2020-06-18 10:04:45',1),(573,'kim1','NNMMQQWW5-300100002','2020-06-18 10:04:46',1),(574,'kim1','PPOOAASS1-300100002','2020-06-18 10:04:52',1),(575,'kim1','PPOOAASS2-300100002','2020-06-18 10:04:54',1),(576,'kim1','PPOOAASS5-300100002','2020-06-18 10:04:56',1),(577,'kim1','PPOOAASS4-300100002','2020-06-18 10:05:05',1),(578,'kim1','PPOOAASS3-300100002','2020-06-18 10:05:08',1),(579,'kim1','UUIIOOPP1-300100002','2020-06-18 10:05:16',1),(580,'kim1','UUIIOOPP4-300100002','2020-06-18 10:05:18',1),(581,'kim1','UUIIOOPP2-300100002','2020-06-18 10:05:19',1),(582,'kim1','UUIIOOPP3-300100002','2020-06-18 10:05:21',1),(583,'kim1','TTYYUUII5-300100001','2020-06-18 10:05:25',1),(584,'kim1','XXCCVVBB1-300100002','2020-06-18 10:05:29',1),(585,'kim1','XXCCVVBB2-300100002','2020-06-18 10:05:31',1),(586,'kim1','XXCCVVBB5-300100002','2020-06-18 10:05:34',1),(587,'kim1','XXCCVVBB3-300100002','2020-06-18 10:05:35',1),(588,'kim1','XXCCVVBB4-300100002','2020-06-18 10:05:37',1),(589,'kim1','DDFFGGHH1-300100001','2020-06-18 10:06:06',1),(590,'kim1','DDFFGGHH2-300100001','2020-06-18 10:06:08',1),(591,'kim1','DDFFGGHH5-300100001','2020-06-18 10:06:09',1),(592,'kim1','DDFFGGHH3-300100001','2020-06-18 10:06:11',1),(593,'kim1','DDFFGGHH4-300100001','2020-06-18 10:06:14',1),(594,'kim1','JJKKLLZZ1-300100001','2020-06-18 10:06:19',1),(595,'kim1','JJKKLLZZ3-300100001','2020-06-18 10:06:22',1),(596,'kim1','JJKKLLZZ4-300100001','2020-06-18 10:06:23',1),(597,'kim1','JJKKLLZZ2-300100001','2020-06-18 10:06:25',1),(598,'kim1','OOPPAASS1-300100001','2020-06-18 10:06:31',1),(599,'kim1','OOPPAASS2-300100001','2020-06-18 10:06:33',1),(600,'kim1','OOPPAASS3-300100001','2020-06-18 10:06:36',1),(601,'kim1','OOPPAASS5-300100001','2020-06-18 10:06:38',1),(602,'kim1','OOPPAASS4-300100001','2020-06-18 10:06:40',1),(603,'kim1','QQWWEERR3-300100001','2020-06-18 10:06:52',1),(604,'kim1','QQWWEERR1-300100001','2020-06-18 10:06:54',1),(605,'kim1','QQWWEERR4-300100001','2020-06-18 10:06:56',1),(606,'kim1','QQWWEERR2-300100001','2020-06-18 10:06:58',1),(607,'kim1','QQWWEERR5-300100001','2020-06-18 10:06:59',1),(608,'kim1','TTYYUUII1-300100001','2020-06-18 10:07:06',1),(609,'kim1','TTYYUUII3-300100001','2020-06-18 10:07:08',1),(610,'kim1','TTYYUUII4-300100001','2020-06-18 10:07:10',1),(611,'kim1','TTYYUUII2-300100001','2020-06-18 10:07:11',1),(612,'kim1','NATUREUMB-200300002','2020-07-01 19:04:18',2),(613,'kim1','MARKETBBRELAUMB-200300002','2020-06-18 10:08:07',1),(614,'kim1','ILCSTEELUMB-200300002','2020-07-01 19:04:19',2),(615,'kim1','CHANGUMB-200300002','2020-07-01 19:04:17',2),(616,'kim1','ALLLIVINGWOODSHOE-200300001','2020-06-18 10:08:40',1),(617,'kim1','CHANGSHOE-200300001','2020-06-18 10:08:43',1),(618,'kim1','ECOWOODSHOE-200300001','2020-06-18 10:08:46',1),(619,'kim1','GAZZSHOEMODERN-200300001','2020-06-18 10:08:50',1),(620,'kim1','GAZZSHOEWOOD-200300001','2020-06-18 10:08:52',1),(621,'kim1','HOUSEBUDYNOMALSHOE-200300001','2020-06-18 10:08:57',1),(622,'kim1','HOUSEBUDYWIDESHOE-200300001','2020-06-18 10:08:59',1),(623,'kim1','HOUSEREPSHOE-200300001','2020-06-18 10:09:04',1),(624,'kim1','IKEASHOESBISSA-200300001','2020-06-18 10:09:09',1),(625,'kim1','IKEASHOESHEMNES-200300001','2020-06-18 10:09:14',1),(626,'kim1','MARKETBMALGOSHOE-200300001','2020-06-18 10:09:19',1),(627,'kim1','MARKETBPIGOSHOE-200300001','2020-06-18 10:09:23',1),(628,'kim1','ROOMNHOMELOFTSHOEL-200300001','2020-06-18 10:09:30',1),(629,'kim1','ROOMNHOMELEAFSHOEHOLD-200200002','2020-06-18 10:09:31',1),(630,'kim1','CHANGBLANG-200200002','2020-06-18 10:11:10',2),(631,'kim1','GAZZDYSON-200200002','2020-06-18 10:09:51',1),(632,'kim1','SSDCLEANERCAB-200200002','2020-06-18 10:10:04',1),(633,'kim1','GAZZMULTITAB-200200002','2020-06-18 10:10:10',1),(634,'kim1','IKEAOTHERKVISSLE-200200002','2020-06-18 10:10:23',1),(635,'kim1','MARKETBPASARLATAN-200200002','2020-06-18 10:10:35',1),(636,'kim1','MARKETBPECREVINTAGE-200200002','2020-06-18 10:10:37',1),(637,'kim1','ROOMNHOMETOWERBOOK-200200002','2020-06-18 10:10:45',1),(638,'kim1','REVENSEVERS10-200200002','2020-06-18 10:21:19',2),(639,'kim1','REVENSEBAG-200200002','2020-06-18 10:10:54',1),(640,'kim1','HOUSEREPFLIP-200200002','2020-06-18 10:11:03',1),(641,'kim1','ALLLIVINGBLACKLIVBOX-200200001','2020-06-18 10:11:25',1),(642,'kim1','ALLLIVINGCROSSLIVBOX-200200001','2020-06-18 10:11:29',1),(643,'kim1','ALLLIVINGCURVLIVBOX-200200001','2020-06-18 10:11:31',1),(644,'kim1','ALLLIVINGJELLIVBOX-200200001','2020-06-18 10:11:36',1),(645,'kim1','BANESDECOLIVBOX-200200001','2020-06-18 10:11:46',1),(646,'kim1','CHANGLIVBOX-200200001','2020-06-18 10:15:26',1),(647,'kim1','GAZZMCRLIVBOX-200200001','2020-06-18 10:15:33',1),(648,'kim1','HOUSEBUDYBIGLIVBOX-200200001','2020-06-18 10:15:38',1),(649,'kim1','HOUSEBUDYSLIDINGLIVBOX-200200001','2020-06-18 10:15:40',1),(650,'kim1','MARKETBKONTINOLIVBOX-200200001','2020-06-18 10:15:44',1),(651,'kim1','NATURELIVSLIDING-200200001','2020-06-18 10:15:51',1),(653,'kim1','NATUREHANG6-200200002','2020-06-18 10:17:12',1),(654,'kim1','REVENSEBASICLIVBOX-200200001','2020-06-18 10:21:43',1),(655,'kim1','REVENSECLASSICLIVBOX-200200001','2020-06-18 10:21:45',1),(656,'kim1','REVENSEVANTAGELIVBOX-200200001','2020-06-18 10:21:47',1),(657,'kim1','WIZHOMELIVBOXOPEN-200200001','2020-06-18 10:21:55',1),(658,'kim1','BANESDECOLOYDNTROL-200100002','2020-06-18 10:22:09',1),(659,'kim1','BANESDECOTROL4-200100002','2020-06-18 10:22:13',1),(660,'kim1','CHANGSLIM4-200100002','2020-06-18 10:22:19',1),(661,'kim1','ECOTROL32-200100002','2020-06-18 10:22:23',1),(662,'kim1','HOUSEREPTROL4-200100002','2020-06-18 10:22:28',1),(663,'kim1','HOUSEREPTROL6-200100002','2020-06-18 10:22:32',1),(664,'kim1','IKEACARTLENNART-200100002','2020-06-18 10:22:34',1),(665,'kim1','IKEACARTRASKOG-200100002','2020-06-18 10:22:36',1),(666,'kim1','ILCMETALTROL3-200100002','2020-06-18 10:22:39',1),(667,'kim1','ILCMILKTROL-200100002','2020-06-18 10:22:40',1),(668,'kim1','ILCSQUARETROL-200100002','2020-06-18 10:22:43',1),(669,'kim1','MARKETBBEKJETROL-200100002','2020-06-18 10:22:52',1),(670,'kim1','MARKETBGRUETTROL-200100002','2020-06-18 10:22:56',1),(671,'kim1','MARKETBTANGTROL-200100002','2020-06-18 10:23:00',1),(672,'kim1','NATURESWINGTROL-200100002','2020-06-18 10:23:04',1),(673,'kim1','ROOMNHOMEQOOTROL-200100002','2020-06-18 10:23:12',1),(674,'kim1','ROOMNHOMETROL3-200100002','2020-06-18 10:23:13',1),(675,'kim1','SSDSLIDINGCAB-200100002','2020-06-18 10:23:17',1),(676,'kim1','WIZHOMETEDTROL3-200100002','2020-06-18 10:23:21',1),(677,'kim1','WIZHOMEWOODMOV3-200100002','2020-06-18 10:23:22',1),(678,'kim1','BONOESSENTIAL-200100001','2020-06-18 10:23:40',1),(679,'kim1','BONOKIDSA-200100001','2020-06-18 10:23:42',1),(680,'kim1','BONOKIDSHAPPY-200100001','2020-06-18 10:23:44',1),(681,'kim1','BONOKIDSHAPPYOAK-200100001','2020-06-18 10:23:45',1),(682,'kim1','BONOKIDSPLA-200100001','2020-06-18 10:23:47',1),(683,'kim1','BONOKIDSWOOD-200100001','2020-06-18 10:23:48',1),(684,'kim1','BONOWHITE5-200100001','2020-06-18 10:23:52',1),(685,'kim1','BONONATURAL4-200100001','2020-06-18 10:23:53',1),(686,'kim1','BONONATURAL5-200100001','2020-06-18 10:23:54',1),(687,'kim1','BONOWHITE4-200100001','2020-06-18 10:23:56',1),(688,'kim1','SHABASDRAWER3L-200100001','2020-06-18 10:24:02',1),(689,'kim1','SHABASDRAWER5L-200100001','2020-06-18 10:24:03',1),(690,'kim1','SHABASWIDE5L-200100001','2020-06-18 10:24:05',1),(691,'kim1','SNAILDRAWERA-200100001','2020-06-18 10:24:09',1),(692,'kim1','SHINEHANGER-100400002','2020-06-18 10:25:16',2),(693,'kim1','SNAILDRAWERC-200100001','2020-06-18 10:24:14',1),(694,'kim1','SNAILDRAWERB-200100001','2020-06-18 10:24:16',1),(695,'kim1','HITLIL4Y-100400003','2020-06-18 10:24:35',1),(696,'kim1','HITSYNIA600-100400003','2020-06-18 10:24:36',1),(697,'kim1','HITMANGO450-100400003','2020-06-18 10:24:38',1),(698,'kim1','HITDRAWER3Y-100400003','2020-06-18 10:24:40',1),(699,'kim1','ALLENHANGER-100400002','2020-06-18 10:24:55',1),(700,'kim1','MFMAGICHANGER-100400002','2020-06-18 10:24:58',1),(701,'kim1','MILANOHANGER-100400002','2020-06-18 10:25:00',1),(702,'kim1','SCARLETHANGERBAQI-100400002','2020-06-18 10:25:06',1),(703,'kim1','SCARLETHANGER600-100400002','2020-06-18 10:25:07',1),(704,'kim1','ASSIBANGLAY-100400001','2020-06-18 10:25:27',1),(705,'kim1','ASSIBANGKYLE-100400001','2020-06-18 10:25:28',1),(706,'kim1','ASSIBANGSLIDING-100400001','2020-06-18 10:25:30',1),(707,'kim1','LAUMANGELA-100300003','2020-06-18 10:25:44',1),(708,'kim1','LAUMWHITEA-100300003','2020-06-18 10:25:46',1),(709,'kim1','LAUMWOODA-100300003','2020-07-01 19:03:42',2),(710,'kim1','LISSEMDINNINGCH-100300002','2020-07-01 19:04:07',2),(711,'kim1','FREEMADEDINNINGCH-100300002','2020-07-01 19:04:03',2),(712,'kim1','LIVARTDINNINGCH-100300002','2020-07-01 19:03:58',2),(713,'kim1','MARKETBDINNINGCH-100300002','2020-07-01 19:04:05',2),(714,'kim1','LISENTKITCABINET-100300001','2020-06-18 10:26:29',1),(715,'kim1','LIVARTKITCABINET-100300001','2020-06-18 10:26:37',1),(716,'kim1','MARKETBKITCABINET-100300001','2020-06-18 10:26:43',1),(717,'kim1','SELESTAKITCABINET-100300001','2020-06-18 10:26:46',1),(718,'kim1','SELESTAMAT-100200004','2020-06-18 10:27:04',1),(719,'kim1','LISSEMMAT-100200004','2020-06-18 10:27:08',1),(720,'kim1','LIVARTMAT-100200004','2020-06-18 10:27:11',1),(721,'kim1','MARKETBMAT-100200004','2020-06-18 10:27:15',1),(722,'kim1','FREEMADEDRESSINGTB-100200003','2020-06-18 10:27:24',1),(723,'kim1','LISSEMDRESSINGTB-100200003','2020-06-18 10:27:27',1),(724,'kim1','LIVARTDRESSINGTB-100200003','2020-06-18 10:27:43',2),(725,'kim1','SELESTADRESSINGTB-100200003','2020-06-18 10:27:35',1),(726,'kim1','WESTFROMDRESSINGTB-100200003','2020-06-18 10:27:39',1),(727,'kim1','MARKETBDRESSINGTB-100200003','2020-06-18 10:27:47',1),(728,'kim1','ANDPLASTICCHEST-100200002','2020-06-18 10:27:53',1),(729,'kim1','LISENTCHEST-100200002','2020-06-18 10:27:57',1),(730,'kim1','LISSEMCHEST-100200002','2020-06-18 10:28:01',1),(731,'kim1','LIVARTCHEST-100200002','2020-06-18 10:28:05',1),(732,'kim1','WESTFROMCHEST-100200002','2020-06-18 10:28:10',1),(733,'kim1','SELESTACHEST-100200002','2020-06-18 10:28:13',1),(734,'kim1','MARKETBCHEST-100200002','2020-06-18 10:28:17',1),(735,'kim1','GGHHJJKK3-300200001','2020-06-18 10:28:40',1),(736,'kim1','GGHHJJKK1-300200001','2020-06-18 10:28:42',1),(737,'kim1','AASSDDFF3-300200001','2020-06-18 10:28:47',1),(738,'kim1','AASSDDFF1-300200001','2020-06-18 10:28:48',1),(739,'kim1','AASSDDFF5-300200001','2020-06-18 10:28:49',1),(740,'kim1','GGHHJJKK2-300200001','2020-06-18 10:28:53',1),(741,'kim1','GGHHJJKK4-300200001','2020-06-18 10:28:55',1),(742,'kim1','GGHHJJKK5-300200001','2020-06-18 10:28:56',1),(743,'kim1','AASSDDFF4-300200001','2020-06-18 10:29:00',1),(744,'kim1','AASSDDFF2-300200001','2020-06-18 10:29:02',1),(754,'ha123','DK051-100100001','2020-06-30 14:22:25',4),(755,'ha123','CUSFABSOFA-100100001','2020-06-30 09:36:41',1),(756,'ha123','DK028-100100001','2020-06-30 09:36:45',1),(757,'ha123','DINEASH-100100001','2020-06-30 09:36:47',1),(758,'ha123','DESTRASOFA-100100001','2020-06-30 09:36:49',1),(759,'ha123','DK032-100100001','2020-06-30 09:36:54',1),(760,'ha123','MARESOFA-100100001','2020-06-30 09:36:59',1),(761,'kim1','DK051-100100001','2020-06-30 09:37:56',1),(762,'kim1','DK085-100100001','2020-06-30 09:38:04',1),(763,'kim1','DK207-100100001','2020-06-30 09:38:08',1),(764,'kim1','WASHFABSOFA-100100001','2020-06-30 09:38:13',1),(765,'kim1','IWBMILDAQUA-100100001','2020-06-30 09:38:19',1),(766,'kim1','MARESOFA-100100001','2020-06-30 09:38:21',1),(767,'kim1','DK055-100100001','2020-06-30 09:38:25',1),(768,'kim1','DINEASH-100100001','2020-06-30 09:38:28',1),(769,'youn123','DK052-100100001','2020-06-30 09:38:50',1),(770,'youn123','DK032-100100001','2020-06-30 09:38:52',1),(771,'youn123','DK063-100100001','2020-06-30 09:38:54',1),(772,'youn123','IWBMILDAQUA-100100001','2020-06-30 09:38:56',1),(773,'youn123','IWBTONYSOFA-100100001','2020-06-30 09:38:58',1),(774,'youn123','KANUSOFA-100100001','2020-06-30 09:39:00',1),(775,'youn123','DK051-100100001','2020-06-30 09:39:05',1),(776,'youn123','DESTRASOFA-100100001','2020-06-30 09:39:11',1),(777,'youn123','DINEASH-100100001','2020-06-30 09:39:13',1),(778,'youn123','DK080-100100001','2020-06-30 09:39:16',1),(779,'youn123','NEWZUTTSOFA-100100001','2020-06-30 09:39:20',1),(780,'youn123','NEWALMANGEC-100100001','2020-06-30 09:39:22',1),(784,'kim6','LDGLIN-100200001','2020-07-01 17:58:52',1),(785,'kim6','LDLAGOM-100200001','2020-07-01 17:58:54',1),(786,'kim6','LDRONN-100200001','2020-07-01 17:58:57',1),(787,'kim6','LDSCANDI-100200001','2020-07-01 17:58:58',1),(788,'kim6','LDWISON-100200001','2020-07-01 17:59:00',1),(789,'kim6','LDWOOD-100200001','2020-07-01 17:59:01',1),(790,'kim6','SIROBE-100200001','2020-07-01 17:59:04',1),(791,'kim6','SIIRON-100200001','2020-07-01 17:59:06',1),(792,'kim6','SIDUSTIL-100200001','2020-07-01 17:59:07',1),(793,'kim5','LDWISON-100200001','2020-07-01 17:59:31',1),(794,'kim5','LDLAGOM-100200001','2020-07-01 17:59:33',1),(795,'kim5','LDWOOD-100200001','2020-07-01 17:59:34',1),(796,'kim5','LDNEST-100200001','2020-07-01 17:59:35',1),(797,'kim5','LDRONN-100200001','2020-07-01 17:59:36',1),(798,'kim5','LDSCANDI-100200001','2020-07-01 17:59:38',1),(799,'kim5','LDGLIN-100200001','2020-07-01 17:59:39',1),(800,'kim5','SIDUSTIL-100200001','2020-07-01 17:59:41',1),(801,'kim5','SIIRON-100200001','2020-07-01 17:59:42',1),(802,'kim5','SIROBE-100200001','2020-07-01 17:59:44',1),(803,'kim4','LDNEST-100200001','2020-07-01 17:59:56',1),(804,'kim4','LDLAGOM-100200001','2020-07-01 17:59:58',1),(805,'kim4','LDGLIN-100200001','2020-07-01 18:00:01',1),(806,'kim4','LDRONN-100200001','2020-07-01 18:00:02',1),(807,'kim4','LDWOOD-100200001','2020-07-01 18:00:04',1),(808,'kim4','LDWISON-100200001','2020-07-01 18:00:05',1),(809,'kim4','LDSCANDI-100200001','2020-07-01 18:00:06',1),(810,'kim4','SIROBE-100200001','2020-07-01 18:00:08',1),(811,'kim4','SIIRON-100200001','2020-07-01 18:00:09',1),(812,'kim4','SIDUSTIL-100200001','2020-07-01 18:00:10',1),(813,'kim2','SIDUSTIL-100200001','2020-07-01 18:00:21',1),(814,'kim2','LDSCANDI-100200001','2020-07-01 18:00:22',1),(815,'kim2','LDGLIN-100200001','2020-07-01 18:00:24',1),(816,'kim2','LDLAGOM-100200001','2020-07-01 18:00:25',1),(817,'kim2','LDWISON-100200001','2020-07-01 18:00:26',1),(818,'kim2','SIIRON-100200001','2020-07-01 18:00:27',1),(819,'kim2','SIROBE-100200001','2020-07-01 18:00:29',1),(820,'kim2','LDWOOD-100200001','2020-07-01 18:00:33',1),(821,'kim2','LDNEST-100200001','2020-07-01 18:00:35',1),(822,'kim2','LDRONN-100200001','2020-07-01 18:00:36',1),(823,'ha123','LDRONN-100200001','2020-07-02 22:35:00',3),(824,'ha123','LDSCANDI-100200001','2020-07-01 18:00:49',1),(825,'ha123','LDGLIN-100200001','2020-07-01 18:00:51',1),(826,'ha123','SIIRON-100200001','2020-07-01 18:00:52',1),(827,'ha123','LDLAGOM-100200001','2020-07-01 18:00:54',1),(828,'ha123','SIROBE-100200001','2020-07-01 18:00:56',1),(829,'ha123','LDWISON-100200001','2020-07-01 18:00:57',1),(830,'ha123','LDNEST-100200001','2020-07-01 18:00:59',1),(831,'ha123','LDWOOD-100200001','2020-07-02 22:34:28',2),(832,'ha123','SIDUSTIL-100200001','2020-07-01 18:01:01',1),(833,'kim6','GGBIANCO-100100004','2020-07-01 18:54:24',1),(834,'kim6','LAUMWOODA-100300003','2020-07-01 18:54:28',1),(835,'kim6','LDMOODY-100100004','2020-07-01 18:54:30',1),(836,'kim6','LDTWIN-100100004','2020-07-01 18:54:32',1),(837,'kim6','SDHUGEH-100100004','2020-07-01 18:54:34',1),(838,'kim6','SDKERENSIA-100100004','2020-07-01 18:54:35',1),(839,'kim6','SDKERENSIA2-100100004','2020-07-01 18:54:37',1),(840,'kim6','SDLIZTABLE-100100004','2020-07-01 18:54:39',1),(841,'kim6','SIMABLE-100100004','2020-07-01 18:54:40',1),(842,'kim6','SIPEANUT-100100004','2020-07-01 18:54:41',1),(843,'kim6','SISONAMU-100100004','2020-07-01 18:54:43',1),(844,'kim5','LDMOODY-100100004','2020-07-01 18:55:02',1),(845,'kim5','SDKERENSIA2-100100004','2020-07-01 18:55:04',1),(846,'kim5','SDKERENSIA-100100004','2020-07-01 18:55:05',1),(847,'kim5','SDLIZTABLE-100100004','2020-07-01 18:55:07',1),(848,'kim5','LDTWIN-100100004','2020-07-01 18:55:09',1),(849,'kim5','GGBIANCO-100100004','2020-07-01 18:55:11',1),(850,'kim5','LAUMWOODA-100300003','2020-07-01 18:55:13',1),(851,'kim5','SDHUGEH-100100004','2020-07-01 18:55:14',1),(852,'kim5','SISONAMU-100100004','2020-07-01 18:55:16',1),(853,'kim5','SIMABLE-100100004','2020-07-01 18:55:17',1),(854,'kim5','SIPEANUT-100100004','2020-07-01 18:55:19',1),(855,'kim4','SIPEANUT-100100004','2020-07-01 18:55:34',1),(856,'kim4','SISONAMU-100100004','2020-07-01 18:55:35',1),(857,'kim4','SDHUGEH-100100004','2020-07-01 18:55:37',1),(858,'kim4','LAUMWOODA-100300003','2020-07-01 18:55:39',1),(859,'kim4','GGBIANCO-100100004','2020-07-01 18:55:41',1),(860,'kim4','LDTWIN-100100004','2020-07-01 18:55:42',1),(861,'kim4','SDLIZTABLE-100100004','2020-07-01 18:55:44',1),(862,'kim4','SIMABLE-100100004','2020-07-01 18:55:45',1),(863,'kim4','SDKERENSIA-100100004','2020-07-01 18:55:47',1),(864,'kim4','LDMOODY-100100004','2020-07-01 18:55:48',1),(865,'kim4','SDKERENSIA2-100100004','2020-07-01 18:55:49',1),(866,'kim4','EERRTTYY4-300100002','2020-07-01 18:55:57',1),(867,'kim4','EERRTTYY2-300100002','2020-07-01 18:55:59',1),(868,'kim4','EERRTTYY1-300100002','2020-07-01 18:56:01',1),(869,'kim4','NNMMQQWW1-300100002','2020-07-01 18:56:02',1),(870,'kim4','NNMMQQWW3-300100002','2020-07-01 18:56:04',1),(871,'kim4','NNMMQQWW5-300100002','2020-07-01 18:56:06',1),(872,'kim4','PPOOAASS1-300100002','2020-07-01 18:56:07',1),(873,'kim4','PPOOAASS5-300100002','2020-07-01 18:56:09',1),(874,'kim4','UUIIOOPP3-300100002','2020-07-01 18:56:10',1),(875,'kim4','UUIIOOPP1-300100002','2020-07-01 18:56:12',1),(876,'kim4','UUIIOOPP2-300100002','2020-07-01 18:56:13',1),(877,'kim4','UUIIOOPP4-300100002','2020-07-01 18:56:15',1),(878,'kim4','XXCCVVBB1-300100002','2020-07-01 18:56:17',1),(879,'oleg123','GGBIANCO-100100004','2020-07-01 18:56:41',1),(880,'oleg123','LDTWIN-100100004','2020-07-01 18:56:44',1),(881,'oleg123','SDLIZTABLE-100100004','2020-07-01 18:56:45',1),(882,'oleg123','SDKERENSIA-100100004','2020-07-01 18:56:47',1),(883,'oleg123','SIMABLE-100100004','2020-07-01 18:56:48',1),(884,'oleg123','LDMOODY-100100004','2020-07-01 18:56:49',1),(885,'oleg123','SDKERENSIA2-100100004','2020-07-01 18:56:51',1),(886,'oleg123','LAUMWOODA-100300003','2020-07-01 18:56:52',1),(887,'oleg123','SDHUGEH-100100004','2020-07-01 18:56:53',1),(888,'oleg123','SIPEANUT-100100004','2020-07-01 18:56:55',1),(889,'oleg123','SISONAMU-100100004','2020-07-01 18:56:56',1),(890,'oleg123','ALLLIVINGBLACKLIVBOX-200200001','2020-07-01 18:57:28',1),(891,'oleg123','BANESDECOLIVBOX-200200001','2020-07-01 18:57:29',1),(892,'oleg123','ALLLIVINGCROSSLIVBOX-200200001','2020-07-01 18:57:30',1),(893,'oleg123','ALLLIVINGCURVLIVBOX-200200001','2020-07-01 18:57:31',1),(894,'oleg123','ALLLIVINGJELLIVBOX-200200001','2020-07-01 18:57:33',1),(895,'oleg123','HOUSEBUDYSLIDINGLIVBOX-200200001','2020-07-01 18:57:34',1),(896,'oleg123','GAZZMCRLIVBOX-200200001','2020-07-01 18:57:36',1),(897,'oleg123','NATURELIVSLIDING-200200001','2020-07-01 18:57:39',1),(898,'oleg123','REVENSEBASICLIVBOX-200200001','2020-07-01 18:57:41',1),(899,'oleg123','REVENSECLASSICLIVBOX-200200001','2020-07-01 18:57:42',1),(900,'oleg123','WIZHOMELIVBOXOPEN-200200001','2020-07-01 18:57:44',1),(901,'hoho1','SDKERENSIA-100100004','2020-07-01 19:01:03',1),(902,'hoho1','SDLIZTABLE-100100004','2020-07-01 19:01:05',1),(903,'hoho1','SIMABLE-100100004','2020-07-01 19:01:07',1),(904,'hoho1','SDKERENSIA2-100100004','2020-07-01 19:01:08',1),(905,'hoho1','LDMOODY-100100004','2020-07-01 19:01:10',1),(906,'hoho1','GGBIANCO-100100004','2020-07-01 19:01:11',1),(907,'hoho1','LDTWIN-100100004','2020-07-01 19:01:13',1),(908,'hoho1','SDHUGEH-100100004','2020-07-01 19:01:16',1),(909,'hoho1','SISONAMU-100100004','2020-07-01 19:01:17',1),(910,'hoho1','SIPEANUT-100100004','2020-07-01 19:01:19',1),(911,'hoho1','CFARM-100100003','2020-07-01 19:03:00',1),(912,'hoho1','FFPUGOLD-100100003','2020-07-01 19:03:02',1),(913,'hoho1','FFSEVEN-100100003','2020-07-01 19:03:03',1),(914,'hoho1','CFDALIA-100100003','2020-07-01 19:03:05',1),(915,'hoho1','CFHEY-100100003','2020-07-01 19:03:06',1),(916,'hoho1','CFLATAN-100100003','2020-07-01 19:03:07',1),(917,'hoho1','CFSERENA-100100003','2020-07-01 19:03:09',2),(918,'hoho1','FFBIKING-100100003','2020-07-01 19:03:11',1),(919,'kim1','GGBIANCO-100100004','2020-07-01 19:03:31',1),(920,'kim1','LDTWIN-100100004','2020-07-01 19:03:33',1),(921,'kim1','SDLIZTABLE-100100004','2020-07-01 19:03:34',1),(922,'kim1','LDMOODY-100100004','2020-07-01 19:03:35',1),(923,'kim1','SDKERENSIA2-100100004','2020-07-01 19:03:37',1),(924,'kim1','SDKERENSIA-100100004','2020-07-01 19:03:44',2),(925,'kim1','SIMABLE-100100004','2020-07-01 19:03:39',1),(926,'kim1','SDHUGEH-100100004','2020-07-01 19:03:41',1),(927,'kim1','SIPEANUT-100100004','2020-07-01 19:03:43',1),(928,'kim1','SISONAMU-100100004','2020-07-01 19:03:47',1),(929,'kim1','CFSERENA-100100003','2020-07-01 19:03:56',1),(930,'kim1','FFSEVEN-100100003','2020-07-01 19:03:59',1),(931,'kim1','FFPUGOLD-100100003','2020-07-01 19:04:00',1),(932,'kim1','LAUMSQUAREA-100300003','2020-07-01 19:04:04',1),(933,'min123','LDMOODY-100100004','2020-07-01 19:04:34',1),(934,'min123','SDKERENSIA-100100004','2020-07-01 19:04:35',1),(935,'min123','LDTWIN-100100004','2020-07-01 19:04:37',1),(936,'min123','SDLIZTABLE-100100004','2020-07-01 19:04:39',1),(937,'min123','GGBIANCO-100100004','2020-07-01 19:04:41',1),(938,'min123','CFHEY-100100003','2020-07-01 19:04:57',2),(939,'min123','CFDALIA-100100003','2020-07-01 19:04:47',1),(940,'min123','CFARM-100100003','2020-07-01 19:04:48',1),(941,'min123','FFBIKING-100100003','2020-07-01 19:04:50',1),(942,'min123','FFSEVEN-100100003','2020-07-01 19:04:52',1),(943,'min123','CFSERENA-100100003','2020-07-01 19:04:53',1),(944,'min123','FFPUGOLD-100100003','2020-07-01 19:04:54',1),(945,'min123','CFLATAN-100100003','2020-07-01 19:04:58',1),(946,'ha123','LIVARTDINNINGCH-100300002','2020-07-01 19:05:26',1),(947,'ha123','CFHEY-100100003','2020-07-01 19:05:34',1),(948,'ha123','FFSEVEN-100100003','2020-07-01 19:05:35',1),(949,'ha123','MARKETBDINNINGCH-100300002','2020-07-01 19:05:37',1),(950,'youn123','CFLATAN-100100003','2020-07-01 19:05:54',1),(951,'youn123','CFSERENA-100100003','2020-07-01 19:05:56',1),(952,'youn123','CFDALIA-100100003','2020-07-01 19:06:13',2),(953,'youn123','CFARM-100100003','2020-07-01 19:05:59',1),(954,'youn123','FFSEVEN-100100003','2020-07-01 19:06:00',1),(955,'youn123','CFHEY-100100003','2020-07-01 19:06:02',1),(956,'youn123','FFBIKING-100100003','2020-07-01 19:06:03',1),(957,'youn123','FFPUGOLD-100100003','2020-07-01 19:06:04',1),(958,'youn123','FREEMADEDINNINGCH-100300002','2020-07-01 19:06:06',1),(959,'youn123','LAUMSQUAREA-100300003','2020-07-01 19:06:07',1),(960,'youn123','LISSEMDINNINGCH-100300002','2020-07-01 19:06:08',1),(961,'kim2','FFSEVEN-100100003','2020-07-01 19:06:44',1),(962,'kim2','CFARM-100100003','2020-07-01 19:06:45',1),(963,'kim2','CFDALIA-100100003','2020-07-01 19:06:48',1),(964,'kim2','CFLATAN-100100003','2020-07-01 19:06:50',1),(965,'kim2','CFHEY-100100003','2020-07-01 19:06:51',1),(966,'kim2','CFSERENA-100100003','2020-07-01 19:06:52',1),(967,'kim2','FFBIKING-100100003','2020-07-01 19:06:53',1),(968,'kim2','FFPUGOLD-100100003','2020-07-01 19:06:55',1),(969,'ha1','GGHHJJKK4-300200001','2020-07-01 19:11:03',1),(970,'ha1','GGHHJJKK3-300200001','2020-07-01 19:11:05',1),(971,'ha1','AASSDDFF2-300200001','2020-07-01 19:11:06',1),(972,'ha1','AASSDDFF1-300200001','2020-07-01 19:11:07',1),(973,'ha1','AASSDDFF3-300200001','2020-07-01 19:11:08',1),(974,'ha1','GGHHJJKK1-300200001','2020-07-01 19:11:09',1),(975,'ha1','AASSDDFF5-300200001','2020-07-01 19:11:11',1),(976,'ha1','AASSDDFF4-300200001','2020-07-01 19:11:12',1),(977,'ha1','GGHHJJKK2-300200001','2020-07-01 19:11:16',1),(978,'ha1','EERRTTYY4-300100002','2020-07-01 19:11:24',1),(979,'ha1','EERRTTYY2-300100002','2020-07-01 19:11:26',1),(980,'ha1','EERRTTYY1-300100002','2020-07-01 19:11:27',1),(981,'ha1','EERRTTYY5-300100002','2020-07-01 19:11:28',1),(982,'ha1','EERRTTYY3-300100002','2020-07-01 19:11:29',1),(983,'ha1','NNMMQQWW1-300100002','2020-07-01 19:11:31',1),(984,'ha1','NNMMQQWW3-300100002','2020-07-01 19:11:32',1),(985,'ha1','PPOOAASS2-300100002','2020-07-01 19:11:34',1),(986,'ha1','NNMMQQWW5-300100002','2020-07-01 19:11:35',1),(987,'ha1','PPOOAASS5-300100002','2020-07-01 19:11:37',1),(988,'ha1','XXCCVVBB4-300100002','2020-07-01 19:11:39',1),(989,'ha1','XXCCVVBB5-300100002','2020-07-01 19:11:41',1),(990,'ha1','LDLAGOM-100200001','2020-07-01 19:11:54',1),(991,'ha1','LDGLIN-100200001','2020-07-01 19:11:56',1),(992,'ha1','SIIRON-100200001','2020-07-01 19:11:58',1),(993,'ha1','LDWISON-100200001','2020-07-01 19:11:59',1),(994,'ha1','LDSCANDI-100200001','2020-07-01 19:12:00',1),(995,'ha1','LDRONN-100200001','2020-07-01 19:12:04',1),(996,'ha1','SIMABLE-100100004','2020-07-01 19:12:12',1),(997,'ha1','SDLIZTABLE-100100004','2020-07-01 19:12:13',1),(998,'ha1','SDKERENSIA2-100100004','2020-07-01 19:12:15',1),(999,'ha1','LDMOODY-100100004','2020-07-01 19:12:17',1),(1000,'ha1','LAUMWOODA-100300003','2020-07-01 19:12:18',1),(1001,'ha1','SDHUGEH-100100004','2020-07-01 19:12:20',1),(1002,'ha1','CFHEY-100100003','2020-07-01 19:12:35',1),(1003,'ha1','CFARM-100100003','2020-07-01 19:12:36',1),(1004,'ha1','FFSEVEN-100100003','2020-07-01 19:12:38',1),(1005,'ha1','FFBIKING-100100003','2020-07-01 19:12:39',1),(1006,'ha1','CFLATAN-100100003','2020-07-01 19:12:41',1),(1007,'ha1','FFPUGOLD-100100003','2020-07-01 19:12:42',1),(1008,'ha1','CFSERENA-100100003','2020-07-01 19:12:44',1),(1009,'ha2','GAZZSHOEWOOD-200300001','2020-07-01 19:13:00',1),(1010,'ha2','ALLLIVINGWOODSHOE-200300001','2020-07-01 19:13:02',1),(1011,'ha2','ECOWOODSHOE-200300001','2020-07-01 19:13:03',1),(1012,'ha2','IKEASHOESHEMNES-200300001','2020-07-01 19:13:06',1),(1013,'ha2','ROOMNHOMELOFTSHOEL-200300001','2020-07-01 19:13:07',1),(1014,'ha2','MARKETBMALGOSHOE-200300001','2020-07-01 19:13:09',1),(1015,'ha2','HOUSEBUDYWIDESHOE-200300001','2020-07-01 19:13:10',1),(1016,'ha2','IKEASHOESBISSA-200300001','2020-07-01 19:13:11',1),(1017,'ha2','MARKETBPIGOSHOE-200300001','2020-07-01 19:13:12',1),(1018,'ha2','CHANGSHOE-200300001','2020-07-01 19:13:14',1),(1019,'ha2','CUSFABSOFA-100100001','2020-07-01 19:13:37',1),(1020,'ha2','DINEASH-100100001','2020-07-01 19:13:38',1),(1021,'ha2','DK051-100100001','2020-07-01 19:13:41',1),(1022,'ha2','DK056-100100001','2020-07-01 19:13:42',1),(1023,'ha2','DK086-100100001','2020-07-01 19:13:45',1),(1024,'ha2','DK207-100100001','2020-07-01 19:13:47',1),(1025,'ha2','IWBMILDAQUA-100100001','2020-07-01 19:13:49',1),(1026,'ha2','IWBTONYSOFA-100100001','2020-07-01 19:13:51',1),(1027,'ha2','KANUSOFA-100100001','2020-07-01 19:13:52',1),(1028,'ha2','MARESOFA-100100001','2020-07-01 19:13:56',1),(1029,'ha2','LABELLESOFA-100100001','2020-07-01 19:13:57',1),(1030,'ha2','MVSOFA-100100001','2020-07-01 19:13:59',1),(1031,'ha123','XXCCVVBB5-300100002','2020-07-02 22:33:30',1),(1032,'ha123','XXCCVVBB4-300100002','2020-07-02 22:34:18',1),(1034,'ha123','HOUSEREPTROL4-200100002','2020-07-02 22:34:50',1),(1036,'ha123','EERRTTYY5-300100002','2020-07-02 22:35:12',1),(1037,'ha123','IKEACARTLENNART-200100002','2020-07-02 22:35:20',1),(1038,'ha123','FREEMADEDINNINGCH-100300002','2020-07-02 22:35:28',1);
/*!40000 ALTER TABLE `clickproduct` ENABLE KEYS */;
UNLOCK TABLES;

--
-- Table structure for table `color`
--

DROP TABLE IF EXISTS `color`;
/*!40101 SET @saved_cs_client     = @@character_set_client */;
/*!50503 SET character_set_client = utf8mb4 */;
CREATE TABLE `color` (
  `colorCode` varchar(20) CHARACTER SET utf8 COLLATE utf8_bin NOT NULL COMMENT '색상코드',
  `colorType` varchar(20) CHARACTER SET utf8 COLLATE utf8_bin NOT NULL COMMENT '색상',
  PRIMARY KEY (`colorCode`)
) ENGINE=InnoDB DEFAULT CHARSET=utf8 COLLATE=utf8_bin COMMENT='색상코드';
/*!40101 SET character_set_client = @saved_cs_client */;

--
-- Dumping data for table `color`
--

LOCK TABLES `color` WRITE;
/*!40000 ALTER TABLE `color` DISABLE KEYS */;
INSERT INTO `color` VALUES ('000000','블랙'),('000080','네이비'),('0000FF','블루'),('006633','그린'),('663300','브라운'),('736F6E','그레이'),('990099','퍼플'),('ECE6CC','베이지'),('FF0000','레드'),('FF99CC','핑크'),('FFFF00','옐로우'),('FFFFFF','화이트');
/*!40000 ALTER TABLE `color` ENABLE KEYS */;
UNLOCK TABLES;

--
-- Table structure for table `comment`
--

DROP TABLE IF EXISTS `comment`;
/*!40101 SET @saved_cs_client     = @@character_set_client */;
/*!50503 SET character_set_client = utf8mb4 */;
CREATE TABLE `comment` (
  `commentNo` int NOT NULL AUTO_INCREMENT COMMENT '댓글번호',
  `memberId` varchar(50) CHARACTER SET utf8 COLLATE utf8_bin NOT NULL COMMENT '회원아이디',
  `commentupDate` date NOT NULL COMMENT '게시일',
  `commentContent` text CHARACTER SET utf8 COLLATE utf8_bin NOT NULL COMMENT '댓글내용',
  `photoBoardNo` int DEFAULT NULL COMMENT '사진글번호',
  `askBoardno` int DEFAULT NULL COMMENT '질문글번호',
  PRIMARY KEY (`commentNo`),
  KEY `FK_askBoard_TO_comment` (`askBoardno`),
  KEY `FK_member_TO_comment` (`memberId`),
  KEY `FK_photoBoard_TO_comment` (`photoBoardNo`),
  CONSTRAINT `FK_askBoard_TO_comment` FOREIGN KEY (`askBoardno`) REFERENCES `askboard` (`askBoardno`) ON DELETE CASCADE ON UPDATE CASCADE,
  CONSTRAINT `FK_member_TO_comment` FOREIGN KEY (`memberId`) REFERENCES `member` (`memberId`) ON DELETE CASCADE ON UPDATE CASCADE,
  CONSTRAINT `FK_photoBoard_TO_comment` FOREIGN KEY (`photoBoardNo`) REFERENCES `photoboard` (`photoBoardNo`) ON DELETE CASCADE ON UPDATE CASCADE
) ENGINE=InnoDB AUTO_INCREMENT=51 DEFAULT CHARSET=utf8 COLLATE=utf8_bin COMMENT='댓글';
/*!40101 SET character_set_client = @saved_cs_client */;

--
-- Dumping data for table `comment`
--

LOCK TABLES `comment` WRITE;
/*!40000 ALTER TABLE `comment` DISABLE KEYS */;
INSERT INTO `comment` VALUES (1,'kim3','2020-07-02','패브릭 달력이나 드라이 플라워 붙여두면 이쁠 것 같아요!',NULL,1),(2,'youn123','2020-07-02','감사합니다!',NULL,2),(3,'kim4','2020-07-02','벨크로 가림막 커튼 달아 길게 아래까지 가려보시면 좋을듯해요. 몰딩을 다 가리고 싶다면 아무래도 페인트칠로 전체를 리폼해야해서 그렇게까지 안해도 상단부 몰딩에 벨크로 고정해 가려보아도 괜찮을듯합니다.   ',NULL,3),(4,'ha2','2020-07-02','벽에 달고 꾸미면 너무 예쁘더라고요~:)',NULL,8),(5,'ha3','2020-07-02','벽위에 붙이는게 안전할것같아요 플라워나 레트로인테리어랑도 어울릴듯해요',NULL,8),(6,'ha4','2020-07-02','요렇게 디자인 캔들들과 연출해도 예쁠 것 같아요 ㅎㅎ',NULL,8),(7,'hoho1','2020-07-02','개인적으로 저런 하트거울은 아주 모던하거나 깔끔한 분위기도 좋지만, 내추럴한 컨셉이나 엔틱, 빈티지, 레트로 느낌의 인테리어에 아주 잘 어울리는 것 같아요~ 화이트와 함께 원목이나 옐로우 등의 컬러포인트 혹은 체크나 플라워 패턴과 함께 연출해 주시면 아주 센스있는 인테리어가 될 것 같습니다:)  현재 글쓴이님의 실제 방의 모습을 알 수가 없어 어디에 어떻게 배치하실지에 대해서는 정확한 조언을 드리기가 다소 힘든 감이 있어요 ㅠ 방 사진을 함께 올려주신다면 거기 맞춰 적절한 배치와 인테리어를 조언받으실 수 있을 것 같네요~   인테리어는 다른분들의 사진을 최대한 많이 찾아보는 것이 정말 도움이 많이 되더라구요. 사진들 보실 수 있는 링크 드릴테니 한번 둘러보시면서 아이디어 얻어보시면 좋을 것 같습니다:)   ○https://ohou.se/cards/feed?query=%ED%95%98%ED%8A%B8%EA%B1%B0%EC%9A%B8',NULL,8),(8,'kim1','2020-07-02','포인트 되는 소품 등을 올려두시면 좋을 것 같아요!',NULL,9),(9,'youn123','2020-07-02','스타일러는 실용적이고 가격대도 그리 낮지않은 아이템이라, 고장났거나 낡은것이 아닌 이상 인테리어에 어려움이 있다는 이유로 버리기에는 다소 아쉬운 감이  있는 것 같아요~ 원래 두시려고 했던 자리 옆의 수납장이 사진으로 보기에는 스타일러보다 높이가 낮아보이는데 그게 맞다면 저기에 두시게 됐을때 높이로 인한 위화감 때문에 말씀대로 그리 안정적이지 않을 것 같긴 하네요ㅠ  키큰가구이기 때문에 되도록 안쪽 즉 창문쪽에 최대한 두시는 것이 안정적일 듯 합니다. 개인적으로는 벽지가 회색이라 스타일러가 생각보다 그렇게 보기에 거슬리지는 않을 것 같아요!   일단 이사시 가져가서 배치해 보시고, 정 거슬리시면 사용하실때 외에는 패브릭 등을 씌워 두시는 것도 고려해보시면 좋을 것 같아요. 에어컨에 커버를 씌우는 것처럼요:) ',NULL,10),(10,'kim4','2020-07-02','냉장고 옆이 젤 실용적일듯해요:)',NULL,15),(11,'ha1','2020-07-02','냉장고 옆으로 설치 가능할거같아요~ 정수기 기종에 따라서 조금씩 다르겠지만 설치기사님과 상담 할 때 미리 말하시면 좋을 것 같아요~!',NULL,15),(12,'ha2','2020-07-02','냉장고 옆쪽이 동선도 그렇고 미관상으로도 가장 적절해보여요:) 콘센트 닿지 않으면 멀티탭으로 사용하셔도 될거 같아요',NULL,15),(13,'ha3','2020-07-02','저라면 일단 화이트/연한 그레이의 커튼을 달아서 창틀을 가려줄 것 같아요!',NULL,16),(14,'ha4','2020-07-02','몰딩을 바꾸실 생각이면 화이트가 가장 잘어울릴거 같아요:) 시트지보다는 페인트 작업이 더 편할거 같구 젯소 바르고 그위에 페인트칠하면 될거 같아요~ 그리고 전반적인 인테리어 색감을 화이트+그레이 조합으로 꾸미면 잘어울릴거 같아요',NULL,16),(15,'jung123','2020-07-02','깔끔하고 넓어보이는건 역시 화이트이지 않나 싶네요',NULL,17),(16,'oleg123','2020-07-02','연그레이 + 화이트 조합으로 모던한 컨셉 추천드려요 ! 몰딩과 방문 역시 화이트로 진행해주셔서 모던한 느낌이 나도록 해주시면 좋을 것 같아 추천드려요 : )',NULL,17),(18,'ha123','2020-07-06','와 완전 이뻐요!',7,NULL),(19,'ha123','2020-07-06','와 부엌이 완전 북유럽같네요!',13,NULL),(20,'ha123','2020-07-06','집에서 완전 힐링될듯!',1,NULL),(21,'ha123','2020-07-06','와 완전 심플!',2,NULL),(22,'ha123','2020-07-06','와 완전~',3,NULL),(23,'ha123','2020-07-06','와 완전 옐로우~',14,NULL),(24,'ha123','2020-07-06','오 저 의자 어디서 사셨나요?',15,NULL),(25,'ha123','2020-07-06','우드톤 너무 이쁘네요',4,NULL),(26,'kim1','2020-07-06','와완전이뻐요 커튼 어디서 사셧나요?>',14,NULL),(27,'kim1','2020-07-06','발리같네요!\\',1,NULL),(28,'kim1','2020-07-06','심플그자체!',2,NULL),(29,'kim1','2020-07-06','진짜 그말 공감합니다!',3,NULL),(30,'kim1','2020-07-06','되게 깔끔하시네요!',12,NULL),(31,'kim1','2020-07-06','저 수납장 혹시 마켓비인가요?',5,NULL),(32,'kim1','2020-07-06','아이방 너무 잘꾸미셨네요!',8,NULL),(33,'kim1','2020-07-06','와 완전 발리같아요',7,NULL),(34,'kim1','2020-07-06','우드톤 너무 깔끔해요',15,NULL),(35,'kim1','2020-07-06','와 상큼~',6,NULL),(36,'kim1','2020-07-06','분위기있어요~',9,NULL),(37,'kim1','2020-07-06','분위기 있어요~ 혹시 우드트레이 어디서 사셨나요?',10,NULL),(38,'kim1','2020-07-06','작업하기 좋네요!',16,NULL),(39,'kim2','2020-07-06','좋아요~\\',2,NULL),(40,'kim2','2020-07-06','좋아요~',7,NULL),(41,'kim2','2020-07-06','좋아요~',3,NULL),(42,'kim2','2020-07-06','좋아요~',15,NULL),(43,'kim2','2020-07-06','좋아요~',12,NULL),(44,'kim2','2020-07-06','좋아요~',14,NULL),(45,'kim2','2020-07-06','좋아요~',1,NULL),(46,'kim2','2020-07-06','좋아요~',4,NULL),(47,'kim2','2020-07-06','좋아요~',5,NULL),(48,'kim2','2020-07-06','좋아요~',16,NULL),(49,'youn123','2020-07-06','오 꿀팁',NULL,25),(50,'youn123','2020-07-06','와우',35,NULL);
/*!40000 ALTER TABLE `comment` ENABLE KEYS */;
UNLOCK TABLES;

--
-- Temporary view structure for view `dailysalestats`
--

DROP TABLE IF EXISTS `dailysalestats`;
/*!50001 DROP VIEW IF EXISTS `dailysalestats`*/;
SET @saved_cs_client     = @@character_set_client;
/*!50503 SET character_set_client = utf8mb4 */;
/*!50001 CREATE VIEW `dailysalestats` AS SELECT 
 1 AS `sellerName`,
 1 AS `productName`,
 1 AS `memberId`,
 1 AS `colorName`,
 1 AS `orderQty`,
 1 AS `totalPrice`,
 1 AS `orderDate`,
 1 AS `year`,
 1 AS `month`,
 1 AS `day`*/;
SET character_set_client = @saved_cs_client;

--
-- Table structure for table `follow`
--

DROP TABLE IF EXISTS `follow`;
/*!40101 SET @saved_cs_client     = @@character_set_client */;
/*!50503 SET character_set_client = utf8mb4 */;
CREATE TABLE `follow` (
  `followNo` varchar(100) CHARACTER SET utf8 COLLATE utf8_bin NOT NULL COMMENT '팔로우번호',
  `memberId` varchar(50) CHARACTER SET utf8 COLLATE utf8_bin NOT NULL COMMENT '회원아이디',
  `followId` varchar(100) CHARACTER SET utf8 COLLATE utf8_bin NOT NULL COMMENT '팔로워',
  PRIMARY KEY (`followNo`),
  KEY `FK_member_TO_follow` (`memberId`),
  CONSTRAINT `FK_member_TO_follow` FOREIGN KEY (`memberId`) REFERENCES `member` (`memberId`) ON DELETE CASCADE ON UPDATE CASCADE
) ENGINE=InnoDB DEFAULT CHARSET=utf8 COLLATE=utf8_bin COMMENT='팔로우';
/*!40101 SET character_set_client = @saved_cs_client */;

--
-- Dumping data for table `follow`
--

LOCK TABLES `follow` WRITE;
/*!40000 ALTER TABLE `follow` DISABLE KEYS */;
INSERT INTO `follow` VALUES ('ha123ha1','ha123','ha1'),('ha123hoho1','ha123','hoho1'),('ha123jung123','ha123','jung123'),('ha123kim1','ha123','kim1'),('ha123kim2','ha123','kim2'),('ha123kim3','ha123','kim3'),('ha123min123','ha123','min123'),('ha123oleg123','ha123','oleg123'),('ha123youn123','ha123','youn123'),('ha1ha123','ha1','ha123'),('ha1jung123','ha1','jung123'),('ha1kim1','ha1','kim1'),('ha1kim2','ha1','kim2'),('ha1kim3','ha1','kim3'),('ha1min123','ha1','min123'),('ha1oleg123','ha1','oleg123'),('ha1youn123','ha1','youn123'),('ha2ha1','ha2','ha1'),('ha2ha123','ha2','ha123'),('ha2jung123','ha2','jung123'),('ha2kim1','ha2','kim1'),('ha2kim2','ha2','kim2'),('ha2kim3','ha2','kim3'),('ha2min123','ha2','min123'),('ha2oleg123','ha2','oleg123'),('ha2youn123','ha2','youn123'),('ha3ha1','ha3','ha1'),('ha3ha123','ha3','ha123'),('ha3ha2','ha3','ha2'),('ha3jung123','ha3','jung123'),('ha3kim1','ha3','kim1'),('ha3kim2','ha3','kim2'),('ha3kim3','ha3','kim3'),('ha3min123','ha3','min123'),('ha3oleg123','ha3','oleg123'),('ha3youn123','ha3','youn123'),('ha4ha1','ha4','ha1'),('ha4ha123','ha4','ha123'),('ha4ha2','ha4','ha2'),('ha4hoho1','ha4','hoho1'),('ha4jung123','ha4','jung123'),('ha4kim1','ha4','kim1'),('ha4kim3','ha4','kim3'),('ha4min123','ha4','min123'),('ha4oleg123','ha4','oleg123'),('ha4youn123','ha4','youn123'),('hoho1ha1','hoho1','ha1'),('hoho1ha123','hoho1','ha123'),('hoho1jung123','hoho1','jung123'),('hoho1kim1','hoho1','kim1'),('hoho1kim3','hoho1','kim3'),('hoho1min123','hoho1','min123'),('hoho1oleg123','hoho1','oleg123'),('hoho1youn123','hoho1','youn123'),('jung123ha1','jung123','ha1'),('jung123ha123','jung123','ha123'),('jung123ha2','jung123','ha2'),('jung123ha4','jung123','ha4'),('jung123hoho1','jung123','hoho1'),('jung123kim1','jung123','kim1'),('jung123kim2','jung123','kim2'),('jung123kim3','jung123','kim3'),('jung123min123','jung123','min123'),('jung123nam1','jung123','nam1'),('jung123oleg123','jung123','oleg123'),('jung123youn123','jung123','youn123'),('kim1ha1','kim1','ha1'),('kim1ha123','kim1','ha123'),('kim1hoho1','kim1','hoho1'),('kim1jung123','kim1','jung123'),('kim1kim2','kim1','kim2'),('kim1kim3','kim1','kim3'),('kim1min123','kim1','min123'),('kim1oleg123','kim1','oleg123'),('kim1youn123','kim1','youn123'),('kim2ha1','kim2','ha1'),('kim2ha123','kim2','ha123'),('kim2ha2','kim2','ha2'),('kim2jung123','kim2','jung123'),('kim2kim1','kim2','kim1'),('kim2kim3','kim2','kim3'),('kim2min123','kim2','min123'),('kim2nam1','kim2','nam1'),('kim2oleg123','kim2','oleg123'),('kim2youn123','kim2','youn123'),('kim3ha1','kim3','ha1'),('kim3ha123','kim3','ha123'),('kim3hoho1','kim3','hoho1'),('kim3jung123','kim3','jung123'),('kim3kim1','kim3','kim1'),('kim3kim2','kim3','kim2'),('kim3min123','kim3','min123'),('kim3youn123','kim3','youn123'),('kim4kim1','kim4','kim1'),('kim4kim3','kim4','kim3'),('kim4youn123','kim4','youn123'),('min123ha1','min123','ha1'),('min123ha123','min123','ha123'),('min123hoho1','min123','hoho1'),('min123jung123','min123','jung123'),('min123kim1','min123','kim1'),('min123kim2','min123','kim2'),('min123kim3','min123','kim3'),('min123oleg123','min123','oleg123'),('min123youn123','min123','youn123'),('nam1ha1','nam1','ha1'),('nam1ha123','nam1','ha123'),('nam1ha2','nam1','ha2'),('nam1ha4','nam1','ha4'),('nam1kim3','nam1','kim3'),('nam1min123','nam1','min123'),('nam1oleg123','nam1','oleg123'),('nam1youn123','nam1','youn123'),('oleg123ha2','oleg123','ha2'),('oleg123ha4','oleg123','ha4'),('oleg123kim1','oleg123','kim1'),('oleg123kim2','oleg123','kim2'),('oleg123kim3','oleg123','kim3'),('oleg123min123','oleg123','min123'),('oleg123youn123','oleg123','youn123'),('youn123ha1','youn123','ha1'),('youn123ha123','youn123','ha123'),('youn123hoho1','youn123','hoho1'),('youn123jung123','youn123','jung123'),('youn123kim1','youn123','kim1'),('youn123kim2','youn123','kim2'),('youn123kim3','youn123','kim3'),('youn123min123','youn123','min123'),('youn123oleg123','youn123','oleg123');
/*!40000 ALTER TABLE `follow` ENABLE KEYS */;
UNLOCK TABLES;

--
-- Table structure for table `house`
--

DROP TABLE IF EXISTS `house`;
/*!40101 SET @saved_cs_client     = @@character_set_client */;
/*!50503 SET character_set_client = utf8mb4 */;
CREATE TABLE `house` (
  `houseCode` varchar(10) CHARACTER SET utf8 COLLATE utf8_bin NOT NULL COMMENT '주거형태코드',
  `houseType` varchar(20) CHARACTER SET utf8 COLLATE utf8_bin NOT NULL COMMENT '주거형태',
  PRIMARY KEY (`houseCode`)
) ENGINE=InnoDB DEFAULT CHARSET=utf8 COLLATE=utf8_bin COMMENT='주거형태코드';
/*!40101 SET character_set_client = @saved_cs_client */;

--
-- Dumping data for table `house`
--

LOCK TABLES `house` WRITE;
/*!40000 ALTER TABLE `house` DISABLE KEYS */;
INSERT INTO `house` VALUES ('h1','원룸&오피스텔'),('h2','아파트'),('h3','빌라&연립'),('h4','단독주택'),('h5','사무공간'),('h6','상업공간'),('h7','기타');
/*!40000 ALTER TABLE `house` ENABLE KEYS */;
UNLOCK TABLES;

--
-- Table structure for table `like`
--

DROP TABLE IF EXISTS `like`;
/*!40101 SET @saved_cs_client     = @@character_set_client */;
/*!50503 SET character_set_client = utf8mb4 */;
CREATE TABLE `like` (
  `likeNo` varchar(110) CHARACTER SET utf8 COLLATE utf8_bin NOT NULL COMMENT '좋아요번호',
  `memberId` varchar(50) CHARACTER SET utf8 COLLATE utf8_bin NOT NULL COMMENT '회원아이디',
  `photoBoardNo` int NOT NULL COMMENT '사진글번호',
  PRIMARY KEY (`likeNo`),
  KEY `FK_member_TO_like` (`memberId`),
  KEY `FK_photoBoard_TO_like` (`photoBoardNo`),
  CONSTRAINT `FK_member_TO_like` FOREIGN KEY (`memberId`) REFERENCES `member` (`memberId`) ON DELETE CASCADE ON UPDATE CASCADE,
  CONSTRAINT `FK_photoBoard_TO_like` FOREIGN KEY (`photoBoardNo`) REFERENCES `photoboard` (`photoBoardNo`) ON DELETE CASCADE ON UPDATE CASCADE
) ENGINE=InnoDB DEFAULT CHARSET=utf8 COLLATE=utf8_bin COMMENT='좋아요';
/*!40101 SET character_set_client = @saved_cs_client */;

--
-- Dumping data for table `like`
--

LOCK TABLES `like` WRITE;
/*!40000 ALTER TABLE `like` DISABLE KEYS */;
INSERT INTO `like` VALUES ('ha12314','ha123',14),('ha12315','ha123',15),('ha1232','ha123',2),('ha12325','ha123',25),('ha1233','ha123',3),('ha1234','ha123',4),('ha1236','ha123',6),('ha1237','ha123',7),('kim11','kim1',1),('kim110','kim1',10),('kim112','kim1',12),('kim114','kim1',14),('kim115','kim1',15),('kim116','kim1',16),('kim12','kim1',2),('kim125','kim1',25),('kim13','kim1',3),('kim15','kim1',5),('kim16','kim1',6),('kim17','kim1',7),('kim18','kim1',8),('kim19','kim1',9),('kim21','kim2',1),('kim210','kim2',10),('kim212','kim2',12),('kim214','kim2',14),('kim215','kim2',15),('kim216','kim2',16),('kim22','kim2',2),('kim225','kim2',25),('kim227','kim2',27),('kim23','kim2',3),('kim235','kim2',35),('kim24','kim2',4),('kim25','kim2',5),('kim27','kim2',7),('kim29','kim2',9),('youn12325','youn123',25),('youn12335','youn123',35);
/*!40000 ALTER TABLE `like` ENABLE KEYS */;
UNLOCK TABLES;

--
-- Table structure for table `member`
--

DROP TABLE IF EXISTS `member`;
/*!40101 SET @saved_cs_client     = @@character_set_client */;
/*!50503 SET character_set_client = utf8mb4 */;
CREATE TABLE `member` (
  `memberId` varchar(50) CHARACTER SET utf8 COLLATE utf8_bin NOT NULL COMMENT '회원아이디',
  `memberName` varchar(20) CHARACTER SET utf8 COLLATE utf8_bin DEFAULT NULL COMMENT '회원이름',
  `memberEmail` varchar(100) CHARACTER SET utf8 COLLATE utf8_bin DEFAULT NULL,
  `memberTel` varchar(20) CHARACTER SET utf8 COLLATE utf8_bin DEFAULT NULL COMMENT '회원전화번호',
  `memberAddr` varchar(100) CHARACTER SET utf8 COLLATE utf8_bin DEFAULT NULL COMMENT '회원주소',
  `deliveryAddr1` varchar(100) CHARACTER SET utf8 COLLATE utf8_bin DEFAULT NULL COMMENT '배송지1',
  `deliveryAddr2` varchar(100) CHARACTER SET utf8 COLLATE utf8_bin DEFAULT NULL COMMENT '배송지2',
  `nickName` varchar(20) CHARACTER SET utf8 COLLATE utf8_bin DEFAULT NULL COMMENT '회원별명',
  `memberImg` varchar(200) CHARACTER SET utf8 COLLATE utf8_bin DEFAULT NULL COMMENT '회원이미지',
  `memberSignUpDate` datetime DEFAULT CURRENT_TIMESTAMP COMMENT '회원가입날짜',
  `memberUpdateDate` datetime DEFAULT CURRENT_TIMESTAMP COMMENT '회원수정날짜',
  `point` int DEFAULT NULL COMMENT '포인트',
  `memberIntro` varchar(100) CHARACTER SET utf8 COLLATE utf8_bin DEFAULT NULL,
  PRIMARY KEY (`memberId`),
  CONSTRAINT `FK_allMember_TO_member` FOREIGN KEY (`memberId`) REFERENCES `allmember` (`userid`) ON DELETE CASCADE ON UPDATE CASCADE
) ENGINE=InnoDB DEFAULT CHARSET=utf8 COLLATE=utf8_bin COMMENT='멤버';
/*!40101 SET character_set_client = @saved_cs_client */;

--
-- Dumping data for table `member`
--

LOCK TABLES `member` WRITE;
/*!40000 ALTER TABLE `member` DISABLE KEYS */;
INSERT INTO `member` VALUES ('gkgus1112@gmail.com','Ha Hyun Kim',NULL,NULL,NULL,NULL,NULL,NULL,NULL,'2020-06-11 10:54:02','2020-06-11 10:54:02',NULL,NULL),('ha1','이하현','haha@gmail.com','010-0000-0000','광주시 서구',NULL,NULL,'호호호호','/profileImg/2020070212554454eebeba-e700-440b-9a2a-8900c06729fe.jpg','2020-07-01 19:10:11','2020-07-01 19:10:11',NULL,'안녕하세용'),('ha123','김하현',NULL,'010-0000-0000','인천시 서구',NULL,NULL,'오오오','/profileImg/2020070212572004667194-cc9a-4b42-9d38-25696b6a8196.jpg','2020-06-01 00:00:00',NULL,NULL,'헬로?'),('ha2','박하현','ha2@naver.com','010-0000-0000','부산시 해운대구',NULL,NULL,'집집집','/profileImg/2020070212585656997486-7062-4e22-97a0-97c7111d8f03.jpg','2020-07-01 19:10:11','2020-07-01 19:10:11',NULL,'하하하'),('ha3','최하현','ha3@daum.net','010-0000-0000','제주도 서귀포시',NULL,NULL,'ssss','/profileImg/20200702125935df6c893e-292b-4133-9fbd-535b313cfcb6.jpg','2020-07-01 19:10:11','2020-07-01 19:10:11',NULL,'저희집'),('ha4','신하현','ha4@gmail.com','010-0000-0000','경기도 광주시',NULL,NULL,'니집','/profileImg/202007021301286bfbd130-6966-4592-82ba-f10e0c977119.jpg','2020-07-01 19:10:11','2020-07-01 19:10:11',NULL,'안녕'),('hoho1','김호호','hoho@abc.com','010-0000-0000',NULL,NULL,NULL,'김땡','/profileImg/20200702141644403e030b-0cbe-4f2b-8339-38ee74c37a4c.jpg','2020-06-16 19:19:42','2020-06-16 19:19:42',NULL,'halo'),('jung123','이중훈',NULL,'010-0000-0000','서울시 강남구',NULL,NULL,'이댕','/profileImg/2020070214173318be7ccc-fc3f-4ee9-9e65-ee520f9aac09.jpg','2020-06-01 00:00:00',NULL,NULL,'우리집'),('kim1','김일',NULL,'010-0000-0000','서울시 강서구',NULL,NULL,'땡떙','/profileImg/20200702141812acfbabdd-8506-4860-bdc3-c1cb9785f011.jpg','2018-06-01 00:00:00','2020-06-10 17:19:53',NULL,'hihi'),('kim2','김이',NULL,'010-0000-0000','서울시 성북구',NULL,NULL,'호','/profileImg/202007021419031ca47e5d-36fc-46df-9087-c10dc4b98653.jpg','2018-06-01 00:00:00','2020-06-10 17:19:53',NULL,'우리우리'),('kim3','김삼',NULL,'010-0000-0000','광주시 동구',NULL,NULL,'김','/profileImg/2020070214194093289f17-cd61-4d24-a6dd-c0eeb27bd36a.jpg','2018-06-01 00:00:00','2020-06-10 17:19:53',NULL,'인테리어공유해요~'),('kim4','김사',NULL,'010-0000-0000','부산광역시 해운대구',NULL,NULL,'노랑이','/profileImg/20200702142018f40c81f5-6ae1-439a-bfa3-953761cf57f2.jpg','2018-06-01 00:00:00','2020-06-10 17:19:53',NULL,'hi'),('kim5','김오',NULL,'010-0000-0000','대구광역시 서구',NULL,NULL,'파랑이','/profileImg/20200702142051e3c52f34-0fe2-4fb5-a7fe-e3cfcc2e60fb.jpg','2018-06-01 00:00:00','2020-06-10 17:19:53',NULL,''),('kim6','김육',NULL,'010-0000-0000','서울시 강남구',NULL,NULL,'겨울','/profileImg/2020070214214505b87fb0-61e0-4a86-b1ea-8d47933a4007.jpg','2018-06-01 00:00:00','2020-06-10 17:51:10',NULL,''),('min123','김민종',NULL,'010-0000-0000','서울시 강남구',NULL,NULL,'가가','/profileImg/2020070214223517e2746c-6877-4de7-bea0-cefefe13de1e.jpg','2020-06-01 00:00:00',NULL,NULL,''),('nam1','남윤대','','010-0000-0000',NULL,NULL,NULL,'나','/profileImg/2020070214232939f3620c-0ac1-453b-9143-d7867053de64.jpg','2020-07-02 09:30:41','2020-07-02 09:30:41',NULL,''),('oleg123','올레그',NULL,'010-0000-0000','서울시 강남구',NULL,NULL,'커피한잔','/profileImg/20200702142415ce982cc9-56a6-4d25-bae6-35d8d939cd40.jpg','2020-06-01 00:00:00',NULL,NULL,'커피한잔의 여유~'),('test0706','김하현','test1234@naver.com','010-0000-0000',NULL,NULL,NULL,NULL,NULL,'2020-07-06 11:56:02','2020-07-06 11:56:02',NULL,NULL),('youn123','남윤대',NULL,'010-0000-0000','서울시 강남구',NULL,NULL,'후후','/profileImg/20200702142445344445af-c135-47b0-8a42-8f6a41a0c900.jpg','2020-06-01 00:00:00',NULL,NULL,'');
/*!40000 ALTER TABLE `member` ENABLE KEYS */;
UNLOCK TABLES;

--
-- Table structure for table `msg`
--

DROP TABLE IF EXISTS `msg`;
/*!40101 SET @saved_cs_client     = @@character_set_client */;
/*!50503 SET character_set_client = utf8mb4 */;
CREATE TABLE `msg` (
  `msgNo` int NOT NULL AUTO_INCREMENT COMMENT '쪽지번호',
  `memberId` varchar(50) CHARACTER SET utf8 COLLATE utf8_bin NOT NULL COMMENT '회원아이디',
  `receiveId` varchar(50) CHARACTER SET utf8 COLLATE utf8_bin NOT NULL COMMENT '받은아이디',
  `msgContent` text CHARACTER SET utf8 COLLATE utf8_bin NOT NULL COMMENT '쪽지내용',
  `msgDate` date NOT NULL COMMENT '전송일',
  PRIMARY KEY (`msgNo`),
  KEY `FK_member_TO_msg` (`memberId`),
  CONSTRAINT `FK_member_TO_msg` FOREIGN KEY (`memberId`) REFERENCES `member` (`memberId`) ON DELETE CASCADE ON UPDATE CASCADE
) ENGINE=InnoDB AUTO_INCREMENT=15 DEFAULT CHARSET=utf8 COLLATE=utf8_bin COMMENT='쪽지';
/*!40101 SET character_set_client = @saved_cs_client */;

--
-- Dumping data for table `msg`
--

LOCK TABLES `msg` WRITE;
/*!40000 ALTER TABLE `msg` DISABLE KEYS */;
INSERT INTO `msg` VALUES (1,'ha123','oleg123','?','2020-07-06'),(2,'ha123','youn123','gd','2020-07-06'),(3,'ha123','min123','ㅎㅇ','2020-07-06'),(4,'youn123','ha123','헬로','2020-07-06'),(5,'youn123','min123','안뇽하세요','2020-07-06'),(6,'youn123','nam1','궁금한게 있습니다!','2020-07-06'),(7,'youn123','kim1','ㅎㅇ','2020-07-06'),(8,'ha123','kim2','ㅎㅇ','2020-07-06'),(9,'kim1','kim2','ㅎㅎ','2020-07-06'),(10,'kim2','oleg123','ggg','2020-07-06'),(11,'kim2','ha1','안녕하세요','2020-07-06'),(12,'kim2','min123','안녕~','2020-07-06'),(13,'kim1','youn123','안녕하세요','2020-07-06'),(14,'youn123','kim1','집 너무 이뻐요','2020-07-06');
/*!40000 ALTER TABLE `msg` ENABLE KEYS */;
UNLOCK TABLES;

--
-- Table structure for table `nonmember`
--

DROP TABLE IF EXISTS `nonmember`;
/*!40101 SET @saved_cs_client     = @@character_set_client */;
/*!50503 SET character_set_client = utf8mb4 */;
CREATE TABLE `nonmember` (
  `orderNo` varchar(100) CHARACTER SET utf8 COLLATE utf8_bin NOT NULL COMMENT '주문번호',
  `nonMemberName` varchar(20) CHARACTER SET utf8 COLLATE utf8_bin NOT NULL COMMENT '비회원이름',
  `nonMemberEmail` varchar(100) CHARACTER SET utf8 COLLATE utf8_bin NOT NULL COMMENT '비회원이메일',
  `nonMemberPw` varchar(100) CHARACTER SET utf8 COLLATE utf8_bin NOT NULL COMMENT '비회원비밀번호',
  `nonMemberTel` varchar(20) CHARACTER SET utf8 COLLATE utf8_bin NOT NULL COMMENT '비회원연락처',
  `nonMemberAddr` varchar(100) CHARACTER SET utf8 COLLATE utf8_bin NOT NULL COMMENT '비회원주소',
  PRIMARY KEY (`orderNo`),
  CONSTRAINT `FK_orderList_TO_nonMember` FOREIGN KEY (`orderNo`) REFERENCES `orderlist` (`orderNo`) ON DELETE CASCADE ON UPDATE CASCADE
) ENGINE=InnoDB DEFAULT CHARSET=utf8 COLLATE=utf8_bin COMMENT='비회원주문';
/*!40101 SET character_set_client = @saved_cs_client */;

--
-- Dumping data for table `nonmember`
--

LOCK TABLES `nonmember` WRITE;
/*!40000 ALTER TABLE `nonmember` DISABLE KEYS */;
INSERT INTO `nonmember` VALUES ('20200629-0511','이히','ee@ne','1234','1234','1234'),('20200629-0512','한글','toto@asd','1234','1234','1234'),('20200629-0513','곰장오','toto@nac.com','1234','01071473090','서울 강남구 압구정로 102 (신사동)'),('20200629-0514','보구','q@nac.com','1234','01071473090','서울 강서구 강서로 375 (마곡동)');
/*!40000 ALTER TABLE `nonmember` ENABLE KEYS */;
UNLOCK TABLES;

--
-- Table structure for table `orderlist`
--

DROP TABLE IF EXISTS `orderlist`;
/*!40101 SET @saved_cs_client     = @@character_set_client */;
/*!50503 SET character_set_client = utf8mb4 */;
CREATE TABLE `orderlist` (
  `orderNo` varchar(100) CHARACTER SET utf8 COLLATE utf8_bin NOT NULL COMMENT '주문번호',
  `productNo` varchar(100) CHARACTER SET utf8 COLLATE utf8_bin NOT NULL COMMENT '상품번호',
  `memberId` varchar(50) CHARACTER SET utf8 COLLATE utf8_bin DEFAULT NULL COMMENT '회원아이디',
  `colorName` varchar(20) CHARACTER SET utf8 COLLATE utf8_bin NOT NULL COMMENT '색상',
  `orderQty` int NOT NULL COMMENT '구매량',
  `totalPrice` int NOT NULL COMMENT '최종결제금액',
  `usedPoint` int DEFAULT NULL COMMENT '포인트',
  `recipient` varchar(20) CHARACTER SET utf8 COLLATE utf8_bin NOT NULL COMMENT '수령인',
  `orderAddr` varchar(100) CHARACTER SET utf8 COLLATE utf8_bin NOT NULL COMMENT '배송지',
  `orderDate` date NOT NULL COMMENT '주문날짜',
  `payCode` int NOT NULL COMMENT '결제코드',
  `orderCode` int NOT NULL COMMENT '주문상태코드',
  `orderConfirmDate` date DEFAULT NULL COMMENT '구매확정날짜',
  `orderCancelDate` date DEFAULT NULL COMMENT '주문취소날짜',
  `cancelReason` varchar(150) CHARACTER SET utf8 COLLATE utf8_bin DEFAULT NULL COMMENT '취소사유',
  PRIMARY KEY (`orderNo`),
  KEY `FK_member_TO_orderList` (`memberId`),
  KEY `FK_orderStatus_TO_orderList` (`orderCode`),
  KEY `FK_payment_TO_orderList` (`payCode`),
  KEY `FK_product_TO_orderList` (`productNo`),
  CONSTRAINT `FK_member_TO_orderList` FOREIGN KEY (`memberId`) REFERENCES `member` (`memberId`) ON DELETE CASCADE ON UPDATE CASCADE,
  CONSTRAINT `FK_orderStatus_TO_orderList` FOREIGN KEY (`orderCode`) REFERENCES `orderstatus` (`orderCode`) ON DELETE CASCADE ON UPDATE CASCADE,
  CONSTRAINT `FK_payment_TO_orderList` FOREIGN KEY (`payCode`) REFERENCES `payment` (`payCode`) ON DELETE CASCADE ON UPDATE CASCADE,
  CONSTRAINT `FK_product_TO_orderList` FOREIGN KEY (`productNo`) REFERENCES `product` (`productNo`) ON DELETE CASCADE ON UPDATE CASCADE
) ENGINE=InnoDB DEFAULT CHARSET=utf8 COLLATE=utf8_bin COMMENT='상품주문';
/*!40101 SET character_set_client = @saved_cs_client */;

--
-- Dumping data for table `orderlist`
--

LOCK TABLES `orderlist` WRITE;
/*!40000 ALTER TABLE `orderlist` DISABLE KEYS */;
INSERT INTO `orderlist` VALUES ('20150101-0001','CHANGBLANG-200200002','youn123','736F6E',10,189500,NULL,'남윤대','인천','2015-01-01',1,10,NULL,NULL,NULL),('20150119-0099','GAZZSHOEMODERN-200300001','ha123','663300',15,199800,NULL,'김하현','인천','2015-01-19',1,40,'2020-07-06',NULL,NULL),('20150202-0001','CHANGLIVBOX-200200001','youn123','736F6E',10,189500,NULL,'남윤대','인천','2015-02-02',1,10,NULL,NULL,NULL),('20150303-0001','CHANGSHOE-200300001','youn123','736F6E',10,189500,NULL,'남윤대','인천','2015-03-03',1,10,NULL,NULL,NULL),('20150404-0001','CHANGSLIM4-200100002','youn123','736F6E',10,161200,NULL,'남윤대','인천','2015-04-04',1,10,NULL,NULL,NULL),('20150505-0001','CHANGUMB-200300002','youn123','736F6E',10,189500,NULL,'남윤대','인천','2015-05-05',1,10,NULL,NULL,NULL),('20150606-0001','CINDYSOFA-100100001','youn123','736F6E',10,189500,NULL,'남윤대','인천','2015-06-06',1,10,NULL,NULL,NULL),('20150707-0001','CUSFABSOFA-100100001','youn123','736F6E',10,189500,NULL,'남윤대','인천','2015-07-07',1,10,NULL,NULL,NULL),('20150808-0001','DAYATDRAW-100100002','youn123','736F6E',10,123000,NULL,'남윤대','인천','2015-08-08',1,40,NULL,NULL,NULL),('20150909-0001','DDFFGGHH1-300100001','youn123','736F6E',10,189500,NULL,'남윤대','인천','2015-09-09',1,10,NULL,NULL,NULL),('20151010-0001','DDFFGGHH2-300100001','youn123','736F6E',10,123000,NULL,'남윤대','인천','2015-10-10',1,10,NULL,NULL,NULL),('20151111-0001','DDFFGGHH3-300100001','youn123','736F6E',10,189500,NULL,'남윤대','인천','2015-11-11',1,10,NULL,NULL,NULL),('20151212-0001','DDFFGGHH4-300100001','youn123','736F6E',10,189500,NULL,'남윤대','인천','2015-12-12',1,10,NULL,NULL,NULL),('20151212-0016','GAZZSHOEMODERN-200300001','kim1','663300',100,17711111,NULL,'김일','서울','2015-12-12',1,70,NULL,NULL,NULL),('20160101-0001','DDFFGGHH5-300100001','youn123','736F6E',10,123000,NULL,'남윤대','인천','2016-01-01',1,10,NULL,NULL,NULL),('20160202-0001','DESTRASOFA-100100001','youn123','663300',10,123000,NULL,'남윤대','인천','2016-02-02',1,10,NULL,NULL,NULL),('20160303-0001','DINEASH-100100001','youn123','663300',10,189500,NULL,'남윤대','인천','2016-03-03',1,10,NULL,NULL,NULL),('20160404-0001','DINEASHSOFA-100100001','youn123','663300',10,123000,NULL,'남윤대','인천','2016-04-04',1,10,NULL,NULL,NULL),('20160505-0001','DINESOFA-100100001','youn123','663300',10,123000,NULL,'남윤대','인천','2016-05-05',1,10,NULL,NULL,NULL),('20160606-0001','DK010-100100001','youn123','663300',10,123000,NULL,'남윤대','인천','2016-06-06',1,10,NULL,NULL,NULL),('20160609-0099','GAZZSHOEMODERN-200300001','ha123','663300',20,324520,NULL,'김하현','인천','2016-06-09',1,40,'2020-07-06',NULL,NULL),('20160707-0001','DK013-100100001','youn123','663300',10,123000,NULL,'남윤대','인천','2016-07-07',1,10,NULL,NULL,NULL),('20160808-0001','DK028-100100001','youn123','663300',10,123000,NULL,'남윤대','인천','2016-08-08',1,10,NULL,NULL,NULL),('20160909-0001','DK032-100100001','youn123','663300',10,880000,NULL,'남윤대','인천','2016-09-09',1,10,NULL,NULL,NULL),('20161010-0001','DK037-100100001','youn123','663300',10,880000,NULL,'남윤대','인천','2016-10-10',1,10,NULL,NULL,NULL),('20161111-0001','DK051-100100001','youn123','663300',10,880000,NULL,'남윤대','인천','2016-11-11',1,10,NULL,NULL,NULL),('20161212-0001','DK052-100100001','youn123','FFFFFF',10,880000,NULL,'남윤대','인천','2016-12-12',1,10,NULL,NULL,NULL),('20161212-0016','GAZZSHOEMODERN-200300001','kim2','663300',100,15511111,NULL,'김이','서울','2016-12-12',1,70,NULL,NULL,NULL),('20170101-0001','DK055-100100001','youn123','FFFFFF',10,880000,NULL,'남윤대','인천','2017-01-01',1,10,NULL,NULL,NULL),('20170202-0001','DK056-100100001','youn123','FFFFFF',10,880000,NULL,'남윤대','인천','2017-02-02',1,10,NULL,NULL,NULL),('20170303-0001','DK063-100100001','youn123','FFFFFF',10,880000,NULL,'남윤대','인천','2017-03-03',1,10,NULL,NULL,NULL),('20170404-0001','DK080-100100001','youn123','FFFFFF',100,8800000,NULL,'남윤대','인천','2017-04-04',1,10,NULL,NULL,NULL),('20170606-0001','DK086-100100001','youn123','FFFFFF',10,196240,NULL,'남윤대','인천','2017-06-06',1,10,NULL,NULL,NULL),('20170707-0001','DK203-100100001','youn123','FFFFFF',10,196240,NULL,'남윤대','인천','2017-07-07',1,10,NULL,NULL,NULL),('20170808-0001','DK207-100100001','kim1','FFFFFF',10,196240,NULL,'김일','판교','2017-08-08',1,10,NULL,NULL,NULL),('20170808-0099','GAZZSHOEMODERN-200300001','ha123','663300',30,458950,NULL,'김하현','인천','2017-08-08',1,40,NULL,NULL,NULL),('20170909-0001','ECOTROL32-200100002','kim1','FFFFFF',10,196240,NULL,'김일','판교','2017-09-09',1,10,NULL,NULL,NULL),('20171010-0001','ECOWOODSHOE-200300001','kim1','0000FF',10,196240,NULL,'김일','판교','2017-10-10',1,10,NULL,NULL,NULL),('20171111-0001','EERRTTYY1-300100002','kim1','0000FF',10,196240,NULL,'김일','판교','2017-11-11',1,10,NULL,NULL,NULL),('20171212-0001','EERRTTYY2-300100002','kim1','0000FF',10,196240,NULL,'김일','판교','2017-12-12',1,10,NULL,NULL,NULL),('20171212-0016','GAZZSHOEMODERN-200300001','kim3','663300',100,13311111,NULL,'김삼','서울','2017-12-12',1,40,NULL,NULL,NULL),('20175005-0001','DK085-100100001','youn123','FFFFFF',100,8800000,NULL,'남윤대','인천','2017-05-05',1,10,NULL,NULL,NULL),('20180101-0001','EERRTTYY3-300100002','kim1','0000FF',10,196240,NULL,'김일','판교','2018-01-01',1,10,NULL,NULL,NULL),('20180202-0001','EERRTTYY5-300100002','kim1','0000FF',10,196240,NULL,'김일','판교','2018-02-02',1,10,NULL,NULL,NULL),('20180303-0001','EERRTTYY4-300100002','kim1','0000FF',10,334500,NULL,'김일','판교','2018-03-03',1,10,NULL,NULL,NULL),('20180404-0001','FFBIKING-100100003','kim1','0000FF',10,334500,NULL,'김일','판교','2018-04-04',1,40,NULL,NULL,NULL),('20180505-0001','FFGOLD-100100003','kim1','0000FF',10,334500,NULL,'김일','판교','2018-05-05',1,40,NULL,NULL,NULL),('20180606-0001','FFHAVY-100100003','kim1','0000FF',10,334500,NULL,'김일','판교','2018-06-06',1,40,NULL,NULL,NULL),('20180707-0001','FFPUGOLD-100100003','kim1','0000FF',10,334500,NULL,'김일','판교','2018-07-07',1,40,NULL,NULL,NULL),('20180808-0001','FFROMA-100100003','kim1','736F6E',10,334500,NULL,'김일','판교','2018-08-08',1,40,NULL,NULL,NULL),('20180909-0001','FFSEVEN-100100003','kim1','736F6E',10,468540,NULL,'김일','판교','2018-09-09',1,40,NULL,NULL,NULL),('20181010-0001','FFSMITH-100100003','kim2','736F6E',10,468540,NULL,'김이','판교','2018-10-10',1,40,'2020-07-06',NULL,NULL),('20181111-0001','FLINTDRAW-100100002','kim2','736F6E',10,468540,NULL,'김이','판교','2018-11-11',1,40,'2020-07-06',NULL,NULL),('20181212-0001','FLOSTOOL-100100001','kim2','736F6E',10,468540,NULL,'김이','판교','2018-12-12',1,10,NULL,NULL,NULL),('20181212-0016','GAZZSHOEMODERN-200300001','kim4','663300',100,12345678,NULL,'김사','서울','2018-12-12',1,40,NULL,NULL,NULL),('20181212-0099','GAZZSHOEMODERN-200300001','ha123','663300',50,984580,NULL,'김하현','인천','2018-12-12',1,40,NULL,NULL,NULL),('20190101-0002','FREEMADEDRESSINGTB-100200003','kim1','검정',5,250000,NULL,'김민종','서울시','2019-01-01',1,10,NULL,NULL,NULL),('20190101-0003','FREEMADEDRESSINGTB-100200003','kim2','검정',3,150000,NULL,'김하현','대전','2019-01-01',1,10,NULL,NULL,NULL),('20190102-0001','AASSDDFF2-300200001','ha123','빨강',10,880000,NULL,'김하현','강원도 삼척시','2019-01-02',1,10,NULL,NULL,NULL),('20190102-0002','ALLENHANGER-100400002','jung123','검정',10,68660,NULL,'이중훈','하남시','2019-01-02',1,10,NULL,NULL,NULL),('20190102-0003','AASSDDFF5-300200001','jung123','검정',10,68660,NULL,'이중훈','하남시','2019-01-02',1,10,NULL,NULL,NULL),('20190102-0004','AASSDDFF2-300200001','jung123','검정',10,68660,NULL,'이중훈','하남시','2019-01-02',1,10,NULL,NULL,NULL),('20190102-0005','GAZZSHOEWOOD-200300001','jung123','검정',10,68660,NULL,'이중훈','하남시','2019-01-02',1,40,'2020-07-06',NULL,NULL),('20190102-0006','GAZZSHOEWOOD-200300001','min123','검정',10,68660,NULL,'김민종','대전','2019-01-02',1,40,NULL,NULL,NULL),('20190102-0007','GAZZSHOEWOOD-200300001','ha123','검정',10,68660,NULL,'김하현','대전','2019-01-02',1,40,NULL,NULL,NULL),('20190103-0001','AASSDDFF3-300200001','jung123','초록',10,660000,NULL,'이중훈','제주도','2019-01-03',1,10,NULL,NULL,NULL),('20190104-0001','AASSDDFF4-300200001','kim1','파랑',10,123000,NULL,'김일','경상도','2019-01-04',1,10,NULL,NULL,NULL),('20190105-0001','AASSDDFF5-300200001','kim2','노랑',10,152000,NULL,'김이','전라도','2019-01-05',1,10,NULL,NULL,NULL),('20190106-0001','ALLENHANGER-100400002','kim3','검정',10,660000,NULL,'김삼','충청도','2019-01-06',1,10,NULL,NULL,NULL),('20190107-0001','ALLLIVINGBLACKLIVBOX-200200001','kim4','검정',10,448000,NULL,'김사','서울시','2019-01-07',1,10,NULL,NULL,NULL),('20190108-0001','ALLLIVINGCROSSLIVBOX-200200001','kim5','검정',10,215100,NULL,'김오','경기도','2019-01-08',1,10,NULL,NULL,NULL),('20190109-0001','ALLLIVINGCURVLIVBOX-200200001','kim6','검정',10,161200,NULL,'김육','인천','2019-01-09',1,10,NULL,NULL,NULL),('20190110-0001','ALLLIVINGJELLIVBOX-200200001','min123','검정',10,189500,NULL,'김민종','대전','2019-01-10',1,10,NULL,NULL,NULL),('20190111-0001','ALLLIVINGWOODSHOE-200300001','oleg123','검정',10,197500,NULL,'올레그','대구','2019-01-11',1,10,NULL,NULL,NULL),('20190112-0001','ALMANGSOFA-100100001','youn123','검정',10,151420,NULL,'남윤대','부산','2019-01-12',1,10,NULL,NULL,NULL),('20190113-0001','ANDPLASTICCHEST-100200002','gkgus1112@gmail.com','검정',10,189500,NULL,'Ha Hyun Kim','서울시 관악구','2019-01-13',1,10,NULL,NULL,NULL),('20190114-0001','ASSIBANGKYLE-100400001','gkgus1112@gmail.com','검정',10,189500,NULL,'Ha Hyun Kim','서울시 관악구','2019-01-14',1,10,NULL,NULL,NULL),('20190115-0001','ASSIBANGLAY-100400001','gkgus1112@gmail.com','검정',10,189500,NULL,'Ha Hyun Kim','서울시 관악구','2019-01-15',1,10,NULL,NULL,NULL),('20190116-0001','ASSIBANGSLIDING-100400001','gkgus1112@gmail.com','검정',10,189500,NULL,'Ha Hyun Kim','서울시 관악구','2019-01-16',1,10,NULL,NULL,NULL),('20190117-0001','BANESDECOLIVBOX-200200001','gkgus1112@gmail.com','검정',10,189500,NULL,'Ha Hyun Kim','서울시 관악구','2019-01-17',1,10,NULL,NULL,NULL),('20190118-0001','BANESDECOLOYDNTROL-200100002','gkgus1112@gmail.com','검정',10,189500,NULL,'Ha Hyun Kim','서울시 관악구','2019-01-18',1,10,NULL,NULL,NULL),('20190119-0001','BANESDECOTROL4-200100002','gkgus1112@gmail.com','검정',10,189500,NULL,'Ha Hyun Kim','서울시 관악구','2019-01-19',1,10,NULL,NULL,NULL),('20190120-0001','BANIELSOFA-100100001','gkgus1112@gmail.com','검정',10,189500,NULL,'Ha Hyun Kim','서울시 관악구','2019-01-20',1,10,NULL,NULL,NULL),('20190121-0001','BARDRAW-100100002','gkgus1112@gmail.com','검정',10,189500,NULL,'Ha Hyun Kim','서울시 관악구','2019-01-21',1,10,NULL,NULL,NULL),('20190122-0001','BBLINOSOFA-100100001','gkgus1112@gmail.com','검정',10,189500,NULL,'Ha Hyun Kim','서울시 관악구','2019-01-22',1,10,NULL,NULL,NULL),('20190123-0001','BONOESSENTIAL-200100001','gkgus1112@gmail.com','검정',10,189500,NULL,'Ha Hyun Kim','서울시 관악구','2019-01-23',1,10,NULL,NULL,NULL),('20190124-0001','BONOKIDSA-200100001','gkgus1112@gmail.com','검정',10,189500,NULL,'Ha Hyun Kim','서울시 관악구','2019-01-24',1,10,NULL,NULL,NULL),('20190125-0001','BONOKIDSHAPPY-200100001','gkgus1112@gmail.com','검정',10,189500,NULL,'Ha Hyun Kim','서울시 관악구','2019-01-25',1,10,NULL,NULL,NULL),('20190126-0001','BONOKIDSPLA-200100001','gkgus1112@gmail.com','검정',10,189500,NULL,'Ha Hyun Kim','서울시 관악구','2019-01-26',1,10,NULL,NULL,NULL),('20190127-0001','BONOKIDSHAPPYOAK-200100001','gkgus1112@gmail.com','검정',10,189500,NULL,'Ha Hyun Kim','서울시 관악구','2019-01-27',1,10,NULL,NULL,NULL),('20190128-0001','BONOKIDSWOOD-200100001','ha123','빨강',10,658500,NULL,'김하현','대전','2019-01-28',1,10,NULL,NULL,NULL),('20190129-0001','BONONATURAL4-200100001','ha123','빨강',10,549850,NULL,'김하현','대전','2019-01-29',1,10,NULL,NULL,NULL),('20190130-0001','BONONATURAL5-200100001','oleg123','빨강',10,184950,NULL,'올레그','대전','2019-01-30',1,10,NULL,NULL,NULL),('20190131-0001','BONOWHITE4-200100001','oleg123','빨강',10,68660,NULL,'올레그','대전','2019-01-31',1,10,NULL,NULL,NULL),('20190201-0001','FREEMADEDRESSINGTB-100200003','kim3','빨강',20,1000000,NULL,'이중훈','하남시','2019-02-01',1,10,NULL,NULL,NULL),('20190201-0009','BONOWHITE5-200100001','min123','빨강',10,198721,NULL,'김민종','대전','2019-02-01',1,10,NULL,NULL,NULL),('20190202-0001','CAFEFABRICAWB-100100001','ha123','빨강',10,195870,NULL,'김하현','대전','2019-02-02',1,10,NULL,NULL,NULL),('20190203-0001','CFARM-100100003','min123','빨강',10,163240,NULL,'김민종','대전','2019-02-03',1,10,NULL,NULL,NULL),('20190203-0002','FREEMADEDRESSINGTB-100200003','kim2','베이지',20,1000000,NULL,'이민종','서울시','2019-02-03',1,10,NULL,NULL,NULL),('20190204-0001','CFDALIA-100100003','oleg123','빨강',10,123651,NULL,'올레그','대전','2019-02-04',1,10,NULL,NULL,NULL),('20190205-0001','CFHEY-100100003','min123','빨강',10,658420,NULL,'김민종','대전','2019-02-05',1,10,NULL,NULL,NULL),('20190206-0001','CFLATAN-100100003','ha123','빨강',20,1694813,NULL,'김하현','대전','2019-02-06',1,10,NULL,NULL,NULL),('20190207-0001','CFSERENA-100100003','min123','빨강',30,6215121,NULL,'김민종','대전','2019-02-07',1,10,NULL,NULL,NULL),('20190208-0001','CFSEVEN-100100003','min123','빨강',40,7687523,NULL,'김민종','대전','2019-02-08',1,10,NULL,NULL,NULL),('20190209-0001','CFWOOD-100100003','ha123','빨강',50,8565789,NULL,'김하현','대전','2019-02-09',1,10,NULL,NULL,NULL),('20190210-0001','CHANGBLANG-200200002','min123','빨강',60,9532054,NULL,'김민종','대전','2019-02-10',1,10,NULL,NULL,NULL),('20190211-0001','BANIELSOFA-100100001','ha123','ECE6CC',10,189500,NULL,'김하현','인천','2019-02-11',1,10,NULL,NULL,NULL),('20190212-0001','BARDRAW-100100002','ha123','ECE6CC',10,189500,NULL,'김하현','인천','2019-02-12',1,10,NULL,NULL,NULL),('20190213-0001','BBLINOSOFA-100100001','ha123','ECE6CC',10,161200,NULL,'김하현','인천','2019-02-13',1,10,NULL,NULL,NULL),('20190214-0001','BONOESSENTIAL-200100001','ha123','ECE6CC',10,189500,NULL,'김하현','인천','2019-02-14',1,10,NULL,NULL,NULL),('20190215-0001','BONOKIDSA-200100001','ha123','ECE6CC',10,161200,NULL,'김하현','인천','2019-02-15',1,10,NULL,NULL,NULL),('20190216-0001','BONOKIDSHAPPY-200100001','ha123','ECE6CC',10,189500,NULL,'김하현','인천','2019-02-16',1,10,NULL,NULL,NULL),('20190217-0001','BONOKIDSHAPPYOAK-200100001','oleg123','ECE6CC',10,161200,NULL,'올레그','인천','2019-02-17',1,10,NULL,NULL,NULL),('20190218-0001','BONOKIDSPLA-200100001','oleg123','ECE6CC',10,189500,NULL,'올레그','인천','2019-02-18',1,10,NULL,NULL,NULL),('20190219-0001','BONOKIDSWOOD-200100001','oleg123','ECE6CC',10,161200,NULL,'올레그','인천','2019-02-19',1,10,NULL,NULL,NULL),('20190220-0001','BONONATURAL4-200100001','oleg123','ECE6CC',10,189500,NULL,'올레그','인천','2019-02-20',1,10,NULL,NULL,NULL),('20190221-0001','BONONATURAL5-200100001','oleg123','ECE6CC',10,189500,NULL,'올레그','인천','2019-02-21',1,10,NULL,NULL,NULL),('20190222-0001','BONOWHITE4-200100001','oleg123','ECE6CC',10,161200,NULL,'올레그','인천','2019-02-22',1,10,NULL,NULL,NULL),('20190223-0001','BONOWHITE5-200100001','oleg123','ECE6CC',100,1895000,NULL,'올레그','인천','2019-02-23',1,10,NULL,NULL,NULL),('20190224-0001','CAFEFABRICAWB-100100001','oleg123','ECE6CC',10,161200,NULL,'올레그','인천','2019-02-24',1,10,NULL,NULL,NULL),('20190225-0001','CFARM-100100003','oleg123','ECE6CC',100,1895000,NULL,'올레그','인천','2019-02-25',1,10,NULL,NULL,NULL),('20190226-0001','CFHEY-100100003','oleg123','ECE6CC',10,189500,NULL,'올레그','인천','2019-02-27',1,10,NULL,NULL,NULL),('20190227-0001','CFDALIA-100100003','oleg123','ECE6CC',10,189500,NULL,'올레그','인천','2019-02-26',1,10,NULL,NULL,NULL),('20190228-0001','CFLATAN-100100003','youn123','ECE6CC',10,161200,NULL,'남윤대','인천','2019-02-28',1,10,NULL,NULL,NULL),('20190301-0001','GAZZMULTITAB-200200002','jung123','검정',111,9912532,NULL,'이중훈','하남시','2019-03-01',1,40,NULL,NULL,NULL),('20190302-0001','CFSERENA-100100003','youn123','ECE6CC',10,189500,NULL,'남윤대','인천','2019-03-02',1,10,NULL,NULL,NULL),('20190303-0001','CFSEVEN-100100003','youn123','ECE6CC',10,189500,NULL,'남윤대','인천','2019-03-03',1,10,NULL,NULL,NULL),('20190304-0001','CFWOOD-100100003','youn123','736F6E',10,189500,NULL,'남윤대','인천','2019-03-04',1,10,NULL,NULL,NULL),('20190310-0002','FREEMADEDINNINGCH-100300002','kim3','흰색',30,1500000,NULL,'박민종','서울시','2019-03-10',1,10,NULL,NULL,NULL),('20190401-0001','GAZZSHOEMODERN-200300001','jung123','검정',112,10000000,NULL,'이중훈','하남시','2019-04-01',1,40,'2020-07-06',NULL,NULL),('20190405-0002','FREEMADEDINNINGCH-100300002','kim4','검정',15,750000,NULL,'남민종','서울시','2019-04-05',1,10,NULL,NULL,NULL),('20190502-0001','GAZZSHOEWOOD-200300001','jung123','검정',113,15321542,NULL,'이중훈','하남시','2019-05-02',1,70,NULL,NULL,NULL),('20190604-0001','GGHHJJKK1-300200001','jung123','검정',114,19895452,NULL,'이중훈','하남시','2019-06-04',1,10,NULL,NULL,NULL),('20190703-0002','FREEMADEDINNINGCH-100300002','kim1','그레이',10,500000,NULL,'김민종','서울시','2019-07-03',1,10,NULL,NULL,NULL),('20190709-0001','AASSDDFF1-300200001','jung123','검정',115,15624302,NULL,'이중훈','하남시','2019-07-09',1,10,NULL,NULL,NULL),('20190801-0002','FREEMADEDINNINGCH-100300002','kim2','검정',2,100000,NULL,'이민종','서울시','2019-08-01',1,10,NULL,NULL,NULL),('20190805-0001','AASSDDFF2-300200001','jung123','검정',116,35975451,NULL,'이중훈','하남시','2019-08-05',1,10,NULL,NULL,NULL),('20190909-0001','AASSDDFF3-300200001','jung123','검정',117,24848985,NULL,'이중훈','하남시','2019-09-09',1,10,NULL,NULL,NULL),('20191012-0001','AASSDDFF4-300200001','jung123','검정',120,25454651,NULL,'이중훈','하남시','2019-10-12',1,10,NULL,NULL,NULL),('20191111-0001','AASSDDFF5-300200001','jung123','검정',130,12108456,NULL,'이중훈','하남시','2019-11-11',1,10,NULL,NULL,NULL),('20191213-0001','ALLENHANGER-100400002','jung123','검정',150,48954853,NULL,'이중훈','하남시','2019-12-13',1,10,NULL,NULL,NULL),('20200101-0001','FPRINCESOFA-100100001','kim2','736F6E',10,468540,NULL,'김이','판교','2020-01-01',1,10,NULL,NULL,NULL),('20200201-0015','GAZZSHOEMODERN-200300001','kim1','736F6E',1,34500,NULL,'김일','부산','2020-02-01',1,70,NULL,NULL,NULL),('20200202-0001','FREEMADEDINNINGCH-100300002','kim2','736F6E',10,468540,NULL,'김이','판교','2020-02-02',1,10,NULL,NULL,NULL),('20200202-0015','GAZZSHOEMODERN-200300001','kim1','736F6E',2,69000,NULL,'김일','부산','2020-02-02',1,40,NULL,NULL,NULL),('20200203-0015','GAZZSHOEMODERN-200300001','kim1','736F6E',2,69000,NULL,'김일','부산','2020-02-03',1,40,NULL,NULL,NULL),('20200204-0015','GAZZSHOEMODERN-200300001','kim1','736F6E',3,103500,NULL,'김일','부산','2020-02-04',1,70,NULL,NULL,NULL),('20200205-0015','GAZZSHOEMODERN-200300001','kim1','736F6E',3,103500,NULL,'김일','부산','2020-02-05',1,70,NULL,NULL,NULL),('20200206-0015','GAZZSHOEMODERN-200300001','kim1','736F6E',3,103500,NULL,'김일','부산','2020-02-06',1,50,NULL,NULL,NULL),('20200207-0015','GAZZSHOEMODERN-200300001','min123','736F6E',1,34500,NULL,'김민종','서울','2020-02-07',1,50,NULL,NULL,NULL),('20200208-0015','GAZZSHOEMODERN-200300001','min123','736F6E',1,34500,NULL,'김민종','서울','2020-02-08',1,40,NULL,NULL,NULL),('20200209-0015','GAZZSHOEMODERN-200300001','min123','736F6E',1,34500,NULL,'김민종','서울','2020-02-09',1,40,NULL,NULL,NULL),('20200210-0015','GAZZSHOEMODERN-200300001','min123','736F6E',4,148000,NULL,'김민종','서울','2020-02-10',1,40,NULL,NULL,NULL),('20200211-0015','GAZZSHOEMODERN-200300001','min123','736F6E',4,148000,NULL,'김민종','서울','2020-02-11',1,40,NULL,NULL,NULL),('20200212-0015','GAZZSHOEMODERN-200300001','kim2','736F6E',4,148000,NULL,'김이','대구','2020-02-12',1,40,NULL,NULL,NULL),('20200213-0015','GAZZSHOEMODERN-200300001','kim2','736F6E',1,34500,NULL,'김이','대구','2020-02-13',1,40,NULL,NULL,NULL),('20200214-0015','GAZZSHOEMODERN-200300001','kim2','736F6E',1,34500,NULL,'김이','대구','2020-02-14',1,70,NULL,NULL,NULL),('20200215-0015','GAZZSHOEMODERN-200300001','min123','736F6E',10,112010,NULL,'김민종','서울','2020-02-15',1,40,NULL,NULL,NULL),('20200215-0016','GAZZSHOEMODERN-200300001','kim2','736F6E',1,34500,NULL,'김이','대구','2020-02-15',1,40,NULL,NULL,NULL),('20200216-0015','GAZZSHOEMODERN-200300001','kim2','736F6E',1,34500,NULL,'김이','대구','2020-02-16',1,40,NULL,NULL,NULL),('20200217-0015','GAZZSHOEMODERN-200300001','kim2','736F6E',1,34500,NULL,'김이','대구','2020-02-17',1,70,NULL,NULL,NULL),('20200218-0015','GAZZSHOEMODERN-200300001','kim2','736F6E',3,112010,NULL,'김이','대구','2020-02-18',1,40,NULL,NULL,NULL),('20200219-0015','GAZZSHOEMODERN-200300001','min123','736F6E',3,112010,NULL,'김민종','서울','2020-02-19',1,10,NULL,NULL,NULL),('20200220-0015','GAZZSHOEMODERN-200300001','min123','736F6E',3,112010,NULL,'김민종','서울','2020-02-20',1,10,NULL,NULL,NULL),('20200221-0015','GAZZSHOEMODERN-200300001','min123','736F6E',3,112010,NULL,'김민종','서울','2020-02-21',1,10,NULL,NULL,NULL),('20200222-0015','GAZZSHOEMODERN-200300001','min123','736F6E',3,112010,NULL,'김민종','서울','2020-02-22',1,10,NULL,NULL,NULL),('20200223-0015','GAZZSHOEMODERN-200300001','min123','736F6E',2,69000,NULL,'김민종','서울','2020-02-23',1,10,NULL,NULL,NULL),('20200224-0015','GAZZSHOEMODERN-200300001','min123','736F6E',2,69000,NULL,'김민종','서울','2020-02-24',1,10,NULL,NULL,NULL),('20200225-0015','GAZZSHOEMODERN-200300001','min123','736F6E',2,69000,NULL,'김민종','서울','2020-02-25',1,10,NULL,NULL,NULL),('20200226-0015','GAZZSHOEMODERN-200300001','min123','736F6E',2,69000,NULL,'김민종','서울','2020-02-26',1,10,NULL,NULL,NULL),('20200227-0015','GAZZSHOEMODERN-200300001','oleg123','736F6E',2,69000,NULL,'올레그','인천','2020-02-27',1,10,NULL,NULL,NULL),('20200228-0015','GAZZSHOEMODERN-200300001','oleg123','736F6E',2,69000,NULL,'올레그','인천','2020-02-28',1,10,NULL,NULL,NULL),('20200229-0015','GAZZSHOEMODERN-200300001','oleg123','736F6E',2,69000,NULL,'올레그','인천','2020-02-29',1,10,NULL,NULL,NULL),('20200303-0001','FREEMADEDRESSINGTB-100200003','kim2','736F6E',10,468540,NULL,'김이','판교','2020-03-03',1,10,NULL,NULL,NULL),('20200303-0015','GAZZSHOEMODERN-200300001','oleg123','736F6E',2,69000,NULL,'올레그','인천','2020-03-03',1,10,NULL,NULL,NULL),('20200304-0015','GAZZSHOEMODERN-200300001','oleg123','736F6E',1,34500,NULL,'올레그','인천','2020-03-04',1,10,NULL,NULL,NULL),('20200305-0015','GAZZSHOEMODERN-200300001','oleg123','736F6E',1,34500,NULL,'올레그','인천','2020-03-05',1,10,NULL,NULL,NULL),('20200404-0001','GAZZDYSON-200200002','ha123','736F6E',100,6542150,NULL,'김하현','인천','2020-04-04',1,10,NULL,NULL,NULL),('20200505-0001','GAZZMCRLIVBOX-200200001','ha123','736F6E',100,6542150,NULL,'김하현','인천','2020-05-05',1,10,NULL,NULL,NULL),('20200606-0001','GAZZMULTITAB-200200002','ha123','736F6E',10,112010,NULL,'김하현','인천','2020-06-06',1,10,NULL,NULL,NULL),('20200615-0015','GAZZSHOEMODERN-200300001','min123','736F6E',10,112010,NULL,'김민종','서울','2020-06-15',1,10,NULL,NULL,NULL),('20200629-0509','AASSDDFF1-300200001',NULL,'블루',1,1,NULL,'마동석','쿠쿠다스','2020-06-29',1,10,NULL,NULL,NULL),('20200629-0510','MRSTARDRAW-100100002','ha123','블랙',1,0,NULL,'감자','서울 강남구 밤고개로 76-2 (수서동)','2020-06-29',2,40,NULL,NULL,NULL),('20200629-0511','BONOKIDSPLA-200100001',NULL,'네이비',1,0,NULL,'뮤순','서울 서대문구 명물길 2 (창천동)','2020-06-29',2,10,NULL,NULL,NULL),('20200629-0512','BONOKIDSPLA-200100001',NULL,'네이비',1,0,NULL,'무시무시한','서울 강서구 강서로 375-7 (마곡동)','2020-06-29',2,10,NULL,NULL,NULL),('20200629-0513','BONOKIDSPLA-200100001',NULL,'네이비',1,0,NULL,'곰장오','서울 강남구 압구정로 102 (신사동)','2020-06-29',2,10,NULL,NULL,NULL),('20200629-0514','BONOKIDSPLA-200100001',NULL,'네이비',1,649530,NULL,'보구','서울 강서구 강서로 375 (마곡동)','2020-06-29',2,10,NULL,NULL,NULL),('20200706-0001','MRPUREDRAW-100100002','test0706','화이트',1,55000,NULL,'김하현','제주특별자치도 제주시 첨단로 242 (영평동)동동동','2020-07-06',1,50,NULL,'2020-07-06','변심'),('20200706-0002','AASSDDFF5-300200001','test0706','블랙',1,15210,NULL,'김하현','제주특별자치도 제주시 첨단로 242 (영평동)동동동','2020-07-06',1,10,NULL,NULL,NULL),('20200706-0003','ROOMNHOMETOWERBOOK-200200002','test0706','화이트',1,15000,NULL,'김하현','제주특별자치도 제주시 첨단로 242 (영평동)동동동','2020-07-06',1,10,NULL,NULL,NULL),('20200707-0001','GAZZSHOEMODERN-200300001','ha123','736F6E',10,112010,NULL,'김하현','인천','2020-07-07',1,10,NULL,NULL,NULL);
/*!40000 ALTER TABLE `orderlist` ENABLE KEYS */;
UNLOCK TABLES;

--
-- Temporary view structure for view `orderlistpro`
--

DROP TABLE IF EXISTS `orderlistpro`;
/*!50001 DROP VIEW IF EXISTS `orderlistpro`*/;
SET @saved_cs_client     = @@character_set_client;
/*!50503 SET character_set_client = utf8mb4 */;
/*!50001 CREATE VIEW `orderlistpro` AS SELECT 
 1 AS `orderNo`,
 1 AS `productNo`,
 1 AS `productName`,
 1 AS `sellerId`,
 1 AS `sellerName`,
 1 AS `memberId`,
 1 AS `colorName`,
 1 AS `orderQty`,
 1 AS `totalPrice`,
 1 AS `usedPoint`,
 1 AS `recipient`,
 1 AS `orderAddr`,
 1 AS `orderDate`,
 1 AS `payCode`,
 1 AS `payType`,
 1 AS `orderCode`,
 1 AS `orderType`*/;
SET character_set_client = @saved_cs_client;

--
-- Table structure for table `orderstatus`
--

DROP TABLE IF EXISTS `orderstatus`;
/*!40101 SET @saved_cs_client     = @@character_set_client */;
/*!50503 SET character_set_client = utf8mb4 */;
CREATE TABLE `orderstatus` (
  `orderCode` int NOT NULL COMMENT '주문상태코드',
  `orderType` varchar(20) CHARACTER SET utf8 COLLATE utf8_bin NOT NULL COMMENT '주문상태',
  PRIMARY KEY (`orderCode`)
) ENGINE=InnoDB DEFAULT CHARSET=utf8 COLLATE=utf8_bin COMMENT='주문상태코드';
/*!40101 SET character_set_client = @saved_cs_client */;

--
-- Dumping data for table `orderstatus`
--

LOCK TABLES `orderstatus` WRITE;
/*!40000 ALTER TABLE `orderstatus` DISABLE KEYS */;
INSERT INTO `orderstatus` VALUES (10,'결제완료'),(20,'배송준비'),(30,'배송중'),(40,'배송완료'),(50,'주문취소'),(60,'반품'),(70,'환불완료');
/*!40000 ALTER TABLE `orderstatus` ENABLE KEYS */;
UNLOCK TABLES;

--
-- Table structure for table `payment`
--

DROP TABLE IF EXISTS `payment`;
/*!40101 SET @saved_cs_client     = @@character_set_client */;
/*!50503 SET character_set_client = utf8mb4 */;
CREATE TABLE `payment` (
  `payCode` int NOT NULL COMMENT '결제코드',
  `payType` varchar(20) CHARACTER SET utf8 COLLATE utf8_bin NOT NULL COMMENT '결제수단',
  PRIMARY KEY (`payCode`)
) ENGINE=InnoDB DEFAULT CHARSET=utf8 COLLATE=utf8_bin COMMENT='결제코드';
/*!40101 SET character_set_client = @saved_cs_client */;

--
-- Dumping data for table `payment`
--

LOCK TABLES `payment` WRITE;
/*!40000 ALTER TABLE `payment` DISABLE KEYS */;
INSERT INTO `payment` VALUES (1,'카카오페이'),(2,'신용카드');
/*!40000 ALTER TABLE `payment` ENABLE KEYS */;
UNLOCK TABLES;

--
-- Table structure for table `photoboard`
--

DROP TABLE IF EXISTS `photoboard`;
/*!40101 SET @saved_cs_client     = @@character_set_client */;
/*!50503 SET character_set_client = utf8mb4 */;
CREATE TABLE `photoboard` (
  `photoBoardNo` int NOT NULL AUTO_INCREMENT COMMENT '사진글번호',
  `memberId` varchar(50) CHARACTER SET utf8 COLLATE utf8_bin NOT NULL COMMENT '회원아이디',
  `photoContent` text CHARACTER SET utf8 COLLATE utf8_bin NOT NULL COMMENT '글내용',
  `likeCount` int DEFAULT NULL COMMENT '좋아요수',
  `scrapCount` int DEFAULT NULL COMMENT '스크랩수',
  `photoDate` date NOT NULL COMMENT '작성일자',
  `photoimg1` varchar(100) CHARACTER SET utf8 COLLATE utf8_bin NOT NULL COMMENT '이미지1',
  `photoImg2` varchar(100) CHARACTER SET utf8 COLLATE utf8_bin DEFAULT NULL COMMENT '이미지2',
  `photoImg3` varchar(100) CHARACTER SET utf8 COLLATE utf8_bin DEFAULT NULL COMMENT '이미지3',
  `photoImg4` varchar(100) CHARACTER SET utf8 COLLATE utf8_bin DEFAULT NULL COMMENT '이미지4',
  `photoImg5` varchar(100) CHARACTER SET utf8 COLLATE utf8_bin DEFAULT NULL COMMENT '이미지5',
  `areaCode` varchar(10) CHARACTER SET utf8 COLLATE utf8_bin DEFAULT NULL COMMENT '평수코드',
  `houseCode` varchar(10) CHARACTER SET utf8 COLLATE utf8_bin DEFAULT NULL COMMENT '주거형태코드',
  `styleCode` varchar(10) CHARACTER SET utf8 COLLATE utf8_bin DEFAULT NULL COMMENT '스타일코드',
  `placeCode` varchar(10) CHARACTER SET utf8 COLLATE utf8_bin NOT NULL COMMENT '공간코드',
  PRIMARY KEY (`photoBoardNo`),
  KEY `FK_area_TO_photoBoard` (`areaCode`),
  KEY `FK_house_TO_photoBoard` (`houseCode`),
  KEY `FK_member_TO_photoBoard` (`memberId`),
  KEY `FK_place_TO_photoBoard` (`placeCode`),
  KEY `FK_style_TO_photoBoard` (`styleCode`),
  CONSTRAINT `FK_area_TO_photoBoard` FOREIGN KEY (`areaCode`) REFERENCES `area` (`areaCode`) ON DELETE CASCADE ON UPDATE CASCADE,
  CONSTRAINT `FK_house_TO_photoBoard` FOREIGN KEY (`houseCode`) REFERENCES `house` (`houseCode`) ON DELETE CASCADE ON UPDATE CASCADE,
  CONSTRAINT `FK_member_TO_photoBoard` FOREIGN KEY (`memberId`) REFERENCES `member` (`memberId`) ON DELETE CASCADE ON UPDATE CASCADE,
  CONSTRAINT `FK_place_TO_photoBoard` FOREIGN KEY (`placeCode`) REFERENCES `place` (`placeCode`) ON DELETE CASCADE ON UPDATE CASCADE,
  CONSTRAINT `FK_style_TO_photoBoard` FOREIGN KEY (`styleCode`) REFERENCES `style` (`styleCode`) ON DELETE CASCADE ON UPDATE CASCADE
) ENGINE=InnoDB AUTO_INCREMENT=37 DEFAULT CHARSET=utf8 COLLATE=utf8_bin COMMENT='사진';
/*!40101 SET character_set_client = @saved_cs_client */;

--
-- Dumping data for table `photoboard`
--

LOCK TABLES `photoboard` WRITE;
/*!40000 ALTER TABLE `photoboard` DISABLE KEYS */;
INSERT INTO `photoboard` VALUES (1,'ha1','비오는날 분위기있게 조명키고 홈캉스 즐기고 있어요 시원하게 써큘레이터도 키고 과일도 먹고 여기가 무릉도원인가요\r\n시원한 집에서 시원한 아이스라떼 한잔하면서 크레이프 케익까지 홈캉스 즐기기\r\n컴퓨터 앞에앉아 넷플릭스 보면서 옆에있은 과자 하나씩 냠냠냠\r\n식물이 많아서 더 활기가 느껴지는 것 같아여',648,600,'2020-07-02','/board/photoboard/202007020958306dd04390-476a-49bf-8616-9759cd0f57dc.jpg','/board/photoboard/20200702095830b89f5a5c-b8a7-47e2-a4fe-de1992915473.jpg','/board/photoboard/20200702095830d5368022-4423-4f2c-b5ff-1ad10dd65545.jpg','/board/photoboard/2020070209583024d32810-842d-436a-8b50-8e6c5fa4d58f.jpg',NULL,'a3','h3','s4','p12'),(2,'ha1','아직 사야할게 많은 자취방 이지만 전체적으로 편안한 느낌을 줄 수있도록 따뜻한 컬러들과 화이트로 배치하였어요:)\r\n',5,1,'2020-07-02','/board/photoboard/202007021013011136080e-e730-417e-8d89-e5cef1c91c5d.jpg',NULL,NULL,NULL,NULL,'a1','h1','s4','p1'),(3,'ha1','화이트와 우드의 조합은 봐도봐도 안질림\r\n잊고있었던 결혼사진들 꺼내놓고 소파 모듈 바꾸기\r\n화장품 대신 바디용품으로 채운 공간 파우더룸',3,2,'2020-07-02','/board/photoboard/20200702101450fd379faf-d5fc-4ac7-bea0-c015f896f44c.jpg','/board/photoboard/2020070210145020f5a91a-0350-4c77-b16e-a73abffd545f.jpg','/board/photoboard/202007021014505313e348-1921-4928-90b7-f3647d32d532.jpg',NULL,NULL,'a3','h2','s1','p12'),(4,'ha1','올해 첫 복숭아,\r\n그리고 7월 시작\r\n무언가에 쫓기지 않는 여유로운 요즘.\r\n이사를 앞두고 있어서 마음이 싱숭생숭하다.\r\n새로 이사갈 집은 어떻게 꾸미면 좋을지 매일\r\n자기 전 한번씩 고민하는 것 같다.',2,1,'2020-07-02','/board/photoboard/20200702101614e8b34345-5667-4b6f-ab91-2a13c6ca6fb7.jpg','/board/photoboard/20200702101614cb1908be-a71f-4375-ba3f-e24efc37e26b.jpg','/board/photoboard/2020070210161462899706-956e-4628-acfb-683d4fa599e7.jpg',NULL,NULL,'a3','h2','s4','p12'),(5,'youn123','물을 좋아하는 타입의 식물 \r\n아레카 야자(왼쪽의 검은 화분)와 워터코인(TV 옆 동글동글한 잎의 식물)',545,0,'2020-07-02','/board/photoboard/2020070210261531ea3618-873d-476c-9a0b-459ea5998ea0.jpg',NULL,NULL,NULL,NULL,'a2','h2','s4','p12'),(6,'youn123','#상큼한 하루 시작~~',2,0,'2020-07-02','/board/photoboard/2020070210272384b9b5f9-d93e-462f-bbc7-cf173dc375b9.jpg','/board/photoboard/2020070210272398f3efd3-7f4a-47e5-ad45-f1ba0d505d83.jpg','/board/photoboard/2020070210272356581dad-673a-4bd0-b882-12c257369ac8.jpg',NULL,NULL,'a4','h2','s4','p12'),(7,'youn123','몇 일 전 집에서 시원하게 홈캠핑을 했어요.\r\n사실 캠핑장 예약을 해놨었는데 하필 비도 오고 너무나 더워서 취소를 했거든요..ㅠ 아쉬운 마음으로 홈캠핑을 하기로 했답니다.\r\n나름대로 자연의 숲처럼 집에 있는 모든 화초들을 끌어와 싱그럽게 조성해주었어요 :)\r\n캠핑장에서 쓰려고 샀는데 집에서 개시한 우드 쉘프에는 갖가지 캠핑용품들을 올려주었구요,\r\n직접 끈을 엮어 만든 행어엔 컵이랑 장갑, 병따개 등등을 걸어주었어요. 장비가 야외 못지 않게 그럴싸하죠 :)\r\n다 펼쳐놓고나니 어찌나 덥던지. 시원하게 에어컨 틀어놓고 잠시 쉬었어요. 집에서 하는 캠핑은 요런 장점이 있네요!ㅎㅎ',88,70,'2020-07-02','/board/photoboard/202007021028515d57a8c3-ce2e-4870-af2c-e4f03db50976.jpg','/board/photoboard/20200702102851c674763a-7698-4738-bad6-a8a6120194ac.jpg','/board/photoboard/2020070210285145692012-656a-41c2-9d98-6f6a630dbb92.jpg','/board/photoboard/202007021028516c1971cd-8a61-4748-8500-422d1da9a685.jpg','/board/photoboard/20200702102851a3cd9fe7-a406-489d-84dd-42347bc526c4.jpg','a3','h2','s4','p12'),(8,'youn123','아이방 침실입니다\r\n남매가 같이 쓰고있어요\r\n오빠는 윗층 여동생은 아래층이구요\r\n이층침대라서 조명은 옮겨서 다시 달앗어요 ㅎ\r\n\r\n상부터널이 있어서 아이가 높아도 안정감있게 잠을 잘 자구요\r\n낙상예방도 되고 좋아요\r\n\r\n',4,1,'2020-07-02','/board/photoboard/202007021030248ff7eebd-ca63-40aa-8387-d9fac68ac8e2.jpg','/board/photoboard/20200702103024c00e013e-373c-47ed-aa19-55aa95a6ef1e.jpg','/board/photoboard/2020070210302413421d16-301c-4d20-86e4-7530ef8d4c52.jpg','/board/photoboard/2020070210302457116eea-358a-4f91-b4a8-99f74abc3338.jpg',NULL,'a4','h2','s2','p12'),(9,'min123','크리스마스 분위기의 거실이에요 미니트리가 포인트!',456,300,'2020-07-02','/board/photoboard/202007021031101b5cdfc3-ba77-46ce-8f66-7d47cf77fd32.jpg',NULL,NULL,NULL,NULL,'a5','h2','s4','p2'),(10,'min123','바람이 많이 부는 날\r\n캐노피를 꺼내 걸었어요.\r\n바람이 하늘하늘~ 보기만 해도 시원\r\n\r\n요 귀요미를 어떻게 먹죠? ',2,1,'2020-07-02','/board/photoboard/202007021032096b829c2e-eb77-4153-a579-98239dd6dcb5.jpg','/board/photoboard/202007021032095b34d411-cda9-4dc9-894f-45e11d7bd4b2.jpg','/board/photoboard/2020070210320947c911e1-99c3-4c99-8616-13539ecf68f0.jpg',NULL,NULL,'a6','h2','s1','p3'),(11,'min123','모던한 20평의 소형아파트 신혼집',5,2,'2020-07-02','/board/photoboard/20200702103306c71254a5-006c-44c4-b70c-a7e5256e0660.jpg',NULL,NULL,NULL,NULL,'a3','h2','s1','p3'),(12,'min123','혼치킨 하다가 급 찍었지만 한남동에서 열심히 살아가고있는 싱글남의 집.',4,1,'2020-07-02','/board/photoboard/2020070210334435d4fe72-1692-4534-b5ed-a911e689fb05.jpg',NULL,NULL,NULL,NULL,'a3','h2','s2','p2'),(13,'oleg123','제가 제일많이 머무르는 주방이라는 공간\r\n벌써 3년이되어가네요 ㅎㅎ 소품들도 많고 청소가 더 힘들어졌지만 그래도 애착있는 제 공간\r\n아침맛있게 드셨나요?\r\n아이 먹이고 치우고나니 벌써 점심시간이에요\r\n',789,600,'2020-07-02','/board/photoboard/20200702103507226e6688-adb3-4937-ac9e-ac75d1462045.jpg','/board/photoboard/202007021035079aaffb7d-ff34-4cce-9d83-6dbd56b4d733.jpg','/board/photoboard/20200702103507aaed60ec-7985-4595-b623-f608dec444c2.jpg','/board/photoboard/202007021035070b270cf1-7fcc-4fb5-baa8-9454142aa6a3.jpg',NULL,'a4','h2','s8','p12'),(14,'oleg123','테이블을 놓을까 쇼파를 놓을까 고민을 참 많이 했던 공간! 역시,, 저는 테이블이 활용도가 더 높았어요!! 그래서 참 만족하고 애정하는 공간입니다!! :)',126,100,'2020-07-02','/board/photoboard/2020070210354628045ba5-a9db-4294-bedc-aa123b215931.jpg',NULL,NULL,NULL,NULL,'a1','h1','s4','p1'),(15,'oleg123','',26,20,'2020-07-02','/board/photoboard/20200702103854ca726482-bb64-49b8-8086-6a113282ec44.jpg','/board/photoboard/2020070210385459b1d6cf-b4de-4a8a-85bf-f24dbec2f814.jpg','/board/photoboard/202007021038542ad770ea-eb7a-4575-bc24-adef3e30ecc0.jpg',NULL,NULL,'a2','h2','s4','p12'),(16,'oleg123','비오는 날, 우리 집.',1,1,'2020-07-02','/board/photoboard/20200702104008ff577cbf-537f-48b1-b717-8f34a7b7ed3b.jpg','/board/photoboard/20200702104008a7fe7fde-da6d-41e6-90b3-99f468671e52.jpg','/board/photoboard/202007021040086b28ab58-ad26-4827-8274-c09549658b7a.jpg','/board/photoboard/20200702104008ddf7f53c-85f0-4f27-93b7-17b5cb1b0ac2.jpg',NULL,'a2','h3','s3','p12'),(17,'jung123','',45,20,'2020-07-02','/board/photoboard/20200702104110f4abac4a-c021-4793-b730-aaae980017c0.jpg',NULL,NULL,NULL,NULL,'a3','h2','s3','p12'),(18,'jung123','하루하루 바뀌어가는 내 스윗 룸',79,50,'2020-07-02','/board/photoboard/2020070210414164e5a8cb-bdc8-4dc7-b959-c1102496d7e4.jpg',NULL,NULL,NULL,NULL,'a5','h2','s4','p12'),(19,'jung123','아늑한 시간의 침실',0,0,'2020-07-02','/board/photoboard/20200702104210dd413593-df4c-40d9-80a0-1bf0ae4acd22.jpg',NULL,NULL,NULL,NULL,'a1','h1','s2','p1'),(20,'jung123','분명 2년전 이사올땐\r\n미니멀로 살기로 다짐했는데...\r\n2년동안 단한번도 지켜지지 않았다 다음 이사때는 다짐도 하지말아야겠다\r\n10년을 함께한 침대를 버리고\r\n새로 들인 침대.\r\n불편하다 불편해ㅠㅠ\r\n버린 침대 다시 찾아오고싶다\r\n곧 널 잡아먹을것이다!\r\n주방은 무조건 커야한다는 어머님들의 말씀은 진리였다는!\r\n좁다좁아',5,3,'2020-07-02','/board/photoboard/202007021053120dab6738-3b5f-4aa9-838b-3cc08db782eb.jpg','/board/photoboard/202007021053124a74cff8-a79e-4b04-ad37-233ea488e1b4.jpg','/board/photoboard/202007021053120904f3db-7957-4d4c-86ec-a88ba5f3c39e.jpg','/board/photoboard/202007021053129149281e-99d4-4a01-a0ff-c64a0805d287.jpg',NULL,'a3','h2','s4','p12'),(21,'kim2','신혼집 주방이에요 \r\n음식하는걸 좋아하는 저는 주방이 넓어져서 너무좋아요\r\n이부분은 홈카페겸 미니어처 술장식장 겸 주방수납장이에요!\r\n아래는 전자레인지와 밥솥이 숨어있어요',13,2,'2020-07-02','/board/photoboard/202007021054523bd22235-1ccb-4ffb-a10b-2d271174e3c3.jpg','/board/photoboard/2020070210545285cf235c-dcb6-4715-9452-1ebc0614cab6.jpg',NULL,NULL,NULL,'a4','h2','s1','p4'),(22,'kim2','',6,1,'2020-07-02','/board/photoboard/20200702105520678d3200-3416-4901-b9e7-3c5e643ec01d.jpg',NULL,NULL,NULL,NULL,'a1','h1','s4','p1'),(23,'kim2','일요일, 노래 들으면서 여유로운 브런치를 즐겼어요',5,2,'2020-07-02','/board/photoboard/20200702105616a885aff3-aab6-49ee-9954-a9e74813913c.jpg','/board/photoboard/2020070210561684970cb6-319c-42d8-81e0-df137d7d0ce4.jpg','/board/photoboard/20200702105616c6769821-6398-475e-9a5f-d04d12f427cd.jpg','/board/photoboard/20200702105616ecbfdadf-3303-4739-9bf8-d149e5d14010.jpg',NULL,'a1','h1','s4','p1'),(24,'kim2','거실 통로에요 미술관 갤러리같은 느낌을 주고 싶었어요\r\n안방 화장실이에요\r\n건식으로 사용합니다',8,1,'2020-07-02','/board/photoboard/202007021057022d9c07b6-696e-4044-8469-8bb00d380a38.jpg','/board/photoboard/2020070210570233989487-fc41-4149-b3c8-aa6b08bb3339.jpg',NULL,NULL,NULL,'a4','h2','s1','p12'),(25,'kim2','',4,3,'2020-07-02','/board/photoboard/20200702105733556899d9-7555-449f-b4e8-e5e45929346a.jpg',NULL,NULL,NULL,NULL,'a1','h1','s1','p1'),(26,'kim2','거실인테리어',35,20,'2020-07-02','/board/photoboard/202007021058064e7684ae-b522-4aa7-af1c-91fbdd6298b4.jpg',NULL,NULL,NULL,NULL,'a6','h2','s6','p2'),(27,'kim3','카페공간',5,1,'2020-07-02','/board/photoboard/202007021059166aae2ff9-3a26-49ed-be7a-2d6bf6c1b80e.jpg',NULL,NULL,NULL,NULL,'a1','h1','s1','p1'),(28,'kim3','몇 년 살고 나갈 임대 아파트라 최대한 저렴하게 꾸민 베란다입니다.\r\n블라인드를 사고 싶었지만 비싸서 갈대발로 대체하였습니다. 갈대발만 달았을 땐 좀 허전했는데 집에 선물 받은 엽서들과 라탄 가방을 달아주니 볼만해졌습니다.\r\n테이블과 의자도 가장 저렴한 상품으로 골랐습니다.\r\n잡지꽂이장은 멋 내고 싶어 샀습니다.\r\n물론 저 잡지도ㅎ\r\n테마는 여행입니다.\r\n여행 가고 싶습니다.\r\n아무튼 볼 때마다 기분 좋고 행복해지는 공간입니다.',5,1,'2020-07-02','/board/photoboard/20200702110005931888fa-bef0-4fa6-8306-4534d38a61da.jpg',NULL,NULL,NULL,NULL,'a3','h2','s4','p9'),(29,'kim3','평소에 하고 싶은 것들로 완성시킨 하얀 주방입니다♡ 상판 오염이 스트레스겠지만 너무 이뻐요!\r\n',1,1,'2020-07-02','/board/photoboard/20200702110122b8b9e19c-0f17-4d9a-ae23-1a3035d22b52.jpg',NULL,NULL,NULL,NULL,'a4','h2','s1','p4'),(30,'kim3','현관문 열면 바로보이는 우리집 정면!\r\n원래는 신혼여행스냅 액자를 크게 달아놓을 예정이었는데요!\r\n현관에서 바로 부부의 사진이 보이면\r\n풍수지리에서는\r\n귀신들이 질투해서 둘사이를 갈라놓는다고...@_@\r\n그래서 부부사진은 침실에 두는게좋대여!\r\n그래서 저부분을 꾸며봣어요:D',8,2,'2020-07-02','/board/photoboard/202007021102199d5bad63-6d14-4434-9cd1-af371a820b55.jpg',NULL,NULL,NULL,NULL,'a4','h2','s1','p13'),(31,'nam1','화이트 컨셉의 my little forest ',89,30,'2020-07-02','/board/photoboard/202007021103354a14b557-eae4-46e3-bef8-c6063b594510.jpg',NULL,NULL,NULL,NULL,'a6','h4','s6','p14'),(32,'nam1','기존 러그는 모가 좀 긴 스타일이라 불편한 점들이 좀 있어서 깔끔한 스타일의 러그로 바꿔봤는데 결과적으로는 아주 만족합니다!\r\n러그만 바꿔도 거실이 한결 깨끗해보이는것 같아요!\r\n색상이랑 사이즈 고민 엄청하다가 결국 오트밀로 결정했는데 베이지톤 거실에 넘 찰떡인것 같아 볼때마다 흐뭇하네요\r\n쇼파가 보통 3인쇼파보다 조금 긴편이라 걱정했는데 사이즈도 딱 좋았어요\r\n고양이를 키우다보니 특히 소재때문에 걱정많았는데 얘도 이 러그 넘 좋아하고ㅋㅋ (맨날 부빔) 2주간 지켜본 결과 발톱에도 안뜯기더라고요! 완전합격! ㅋㅋㅋ\r\n',45,10,'2020-07-02','/board/photoboard/20200702110529deb0d1a7-d2ee-4fed-89e8-f0ef5573a678.jpg','/board/photoboard/2020070211052990ec1033-bf2a-476e-ab33-e98cb3295935.jpg','/board/photoboard/2020070211052987c5c8d8-03ec-425b-875d-c3382a3b8214.jpg','/board/photoboard/2020070211052967e0194c-a8fb-4849-8dcf-8b9c901094a3.jpg',NULL,'a4','h2','s4','p12'),(33,'nam1','',56,15,'2020-07-02','/board/photoboard/202007021106019c293e6b-90cd-4a78-a540-b7874218abeb.jpg',NULL,NULL,NULL,NULL,'a1','h1','s4','p1'),(34,'nam1','비오는 아침, 베란다카페에서 브런치를 즐겨요( ͡° ͜ʖ ͡°)\r\n언제 더웠냐는듯 선선한 오늘, 캠핑의자에 니트블랭킷도 걸쳐주고 쿠션에 코지한 베이지색 커버도 씌워주었어요.\r\n라디오에선 노팅힐ost가 흘러나와요\r\n선곡도 좋고 빗소리도 좋은 6월의 마지막날이에요.',894,800,'2020-07-02','/board/photoboard/202007021107068101efcb-7c5c-4dca-aa4b-5a9d0d3ddde1.jpg','/board/photoboard/202007021107066603731d-0e44-404e-bbce-d81cca3514a4.jpg','/board/photoboard/2020070211070650a626ca-248d-4897-bf04-080a77d05759.jpg',NULL,NULL,'a2','h2','s3','p9'),(35,'nam1','오늘은 아기침대 들어오는 날!\r\n\r\n부부침실에 아기침대를 놓는 날인데\r\n혹시나 안어울리면 어쩌나 걱정했어요\r\n\r\n그런데 왠걸\r\n화이트 원목이라 그런지 넘 잘어울려서\r\n뿌듯하네요 :)\r\n\r\n침대 발 밑에 있는 문은\r\n드레스룸 이에요 :)\r\n\r\n',65,40,'2020-07-02','/board/photoboard/2020070211082543acb561-c8d3-4f21-8f4e-742dad000b69.jpg','/board/photoboard/20200702110825092305f8-b30a-46bc-9054-dd21cc78c67c.jpg','/board/photoboard/202007021108258c9fa5e1-77c1-4197-a497-b7aa0b9583d5.jpg','/board/photoboard/20200702110825356f2f83-36ee-46be-be57-6d9f18db1d41.jpg','/board/photoboard/202007021108257d7dbc51-098e-48e5-9c42-8a50aa7b3457.jpg','a6','h2','s1','p12'),(36,'nam1','',1,1,'2020-07-02','/board/photoboard/202007021108593132f123-31aa-41cf-a511-d6a81ef551ac.jpg',NULL,NULL,NULL,NULL,'a5','h2','s1','p2');
/*!40000 ALTER TABLE `photoboard` ENABLE KEYS */;
UNLOCK TABLES;

--
-- Temporary view structure for view `photodetail`
--

DROP TABLE IF EXISTS `photodetail`;
/*!50001 DROP VIEW IF EXISTS `photodetail`*/;
SET @saved_cs_client     = @@character_set_client;
/*!50503 SET character_set_client = utf8mb4 */;
/*!50001 CREATE VIEW `photodetail` AS SELECT 
 1 AS `photoBoardNo`,
 1 AS `memberId`,
 1 AS `photoContent`,
 1 AS `likeCount`,
 1 AS `scrapCount`,
 1 AS `photoImg1`,
 1 AS `photoImg2`,
 1 AS `photoImg3`,
 1 AS `photoImg4`,
 1 AS `photoImg5`,
 1 AS `areaType`,
 1 AS `houseType`,
 1 AS `styleType`,
 1 AS `placeType`,
 1 AS `memberImg`*/;
SET character_set_client = @saved_cs_client;

--
-- Table structure for table `place`
--

DROP TABLE IF EXISTS `place`;
/*!40101 SET @saved_cs_client     = @@character_set_client */;
/*!50503 SET character_set_client = utf8mb4 */;
CREATE TABLE `place` (
  `placeCode` varchar(10) CHARACTER SET utf8 COLLATE utf8_bin NOT NULL COMMENT '공간코드',
  `placeType` varchar(20) CHARACTER SET utf8 COLLATE utf8_bin NOT NULL COMMENT '공간',
  PRIMARY KEY (`placeCode`)
) ENGINE=InnoDB DEFAULT CHARSET=utf8 COLLATE=utf8_bin COMMENT='공간코드';
/*!40101 SET character_set_client = @saved_cs_client */;

--
-- Dumping data for table `place`
--

LOCK TABLES `place` WRITE;
/*!40000 ALTER TABLE `place` DISABLE KEYS */;
INSERT INTO `place` VALUES ('p1','원룸'),('p10','사무공간'),('p11','상업공간'),('p12','가구&소품'),('p13','현관'),('p14','외관&기타'),('p15','제품리뷰'),('p2','거실'),('p3','침실'),('p4','주방'),('p5','욕실'),('p6','아이방'),('p7','드레스룸'),('p8','서재&작업실'),('p9','베란다');
/*!40000 ALTER TABLE `place` ENABLE KEYS */;
UNLOCK TABLES;

--
-- Table structure for table `product`
--

DROP TABLE IF EXISTS `product`;
/*!40101 SET @saved_cs_client     = @@character_set_client */;
/*!50503 SET character_set_client = utf8mb4 */;
CREATE TABLE `product` (
  `productNo` varchar(100) CHARACTER SET utf8 COLLATE utf8_bin NOT NULL COMMENT '상품번호',
  `sellerName` varchar(20) CHARACTER SET utf8 COLLATE utf8_bin NOT NULL COMMENT '업체이름',
  `productName` varchar(200) CHARACTER SET utf8 COLLATE utf8_bin NOT NULL COMMENT '상품명',
  `modelName` varchar(100) CHARACTER SET utf8 COLLATE utf8_bin NOT NULL COMMENT '모델명',
  `customerPrice` int NOT NULL COMMENT '소비자가',
  `sellPrice` int NOT NULL COMMENT '판매가',
  `purchasePrice` int NOT NULL COMMENT '매입가',
  `categoryCode` varchar(20) CHARACTER SET utf8 COLLATE utf8_bin NOT NULL COMMENT '카테고리코드',
  `productCreateDate` datetime DEFAULT CURRENT_TIMESTAMP COMMENT '상품등록일',
  `productUpdateDate` datetime DEFAULT CURRENT_TIMESTAMP COMMENT '상품수정일',
  `productMainImg` varchar(100) CHARACTER SET utf8 COLLATE utf8_bin NOT NULL COMMENT '대표이미지',
  `productSubImg1` varchar(100) CHARACTER SET utf8 COLLATE utf8_bin DEFAULT NULL COMMENT '이미지1',
  `productSubImg2` varchar(100) CHARACTER SET utf8 COLLATE utf8_bin DEFAULT NULL COMMENT '이미지2',
  `productSubImg3` varchar(100) CHARACTER SET utf8 COLLATE utf8_bin DEFAULT NULL COMMENT '이미지3',
  `productExpImg` varchar(100) CHARACTER SET utf8 COLLATE utf8_bin DEFAULT NULL COMMENT '이미지4',
  `clickTotalCount` int DEFAULT NULL COMMENT '조회수',
  PRIMARY KEY (`productNo`),
  UNIQUE KEY `UIX_product` (`modelName`),
  KEY `FK_category_TO_product` (`categoryCode`),
  KEY `FK_seller_TO_product` (`sellerName`),
  CONSTRAINT `FK_category_TO_product` FOREIGN KEY (`categoryCode`) REFERENCES `category` (`categoryCode`) ON DELETE CASCADE ON UPDATE CASCADE,
  CONSTRAINT `FK_seller_TO_product` FOREIGN KEY (`sellerName`) REFERENCES `seller` (`sellerName`) ON DELETE CASCADE ON UPDATE CASCADE
) ENGINE=InnoDB DEFAULT CHARSET=utf8 COLLATE=utf8_bin COMMENT='상품';
/*!40101 SET character_set_client = @saved_cs_client */;

--
-- Dumping data for table `product`
--

LOCK TABLES `product` WRITE;
/*!40000 ALTER TABLE `product` DISABLE KEYS */;
INSERT INTO `product` VALUES ('AASSDDFF1-300200001','오홀리브','액자테이블 BEST 50종택1','AASSDDFF1',16900,25800,15210,'300200001','2011-06-26 00:00:00',NULL,'product/AASSDDFF1.jpg','product/AASSDDFF1_2.jpg',NULL,NULL,'product/AASSDDFF1_e.jpg',3),('AASSDDFF2-300200001','오홀리브','[기간한정] 앙리마티스 명화 액자테이블 18종택1','AASSDDFF2',16900,29300,15210,'300200001','2011-06-26 00:00:00',NULL,'product/AASSDDFF2.jpg','product/AASSDDFF2_2.jpg',NULL,NULL,'product/AASSDDFF2_e.jpg',523),('AASSDDFF3-300200001','오홀리브','인테리어 액자테이블 9종 택1','AASSDDFF3',16900,20900,15210,'300200001','2011-06-26 00:00:00',NULL,'product/AASSDDFF3.jpg','product/AASSDDFF3_2.jpg',NULL,NULL,'product/AASSDDFF3_e.jpg',600),('AASSDDFF4-300200001','오홀리브','드로잉 플라워 액자테이블 20종 택1','AASSDDFF4',16900,25900,15210,'300200001','2011-06-26 00:00:00',NULL,'product/AASSDDFF4.jpg','product/AASSDDFF4_2.jpg',NULL,NULL,'product/AASSDDFF4_e.jpg',234),('AASSDDFF5-300200001','오홀리브','보타닉가든 액자테이블 10종택1','AASSDDFF5',16900,20900,15210,'300200001','2011-06-26 00:00:00',NULL,'product/AASSDDFF5.jpg','product/AASSDDFF5_2.jpg',NULL,NULL,'product/AASSDDFF5_e.jpg',2361),('ALLENHANGER-100400002','히트가구','엘렌 1200 행거','ALLENHANGER',65500,78500,55800,'100400002','2017-07-07 00:00:00',NULL,'product/1591774458_107531_13.jpg',NULL,NULL,NULL,'product/A_1 (6).jpg',250),('ALLLIVINGBLACKLIVBOX-200200001','올리빙','1+1 블랙 레터링 리빙박스&언더베드','ALLLIVINGBLACKLIVBOX',8010,19800,5000,'200200001','2020-03-01 00:00:00',NULL,'product/alllivingblacklivbox1.jpg','product/alllivingblacklivbox2.jpg','product/alllivingblacklivbox3.jpg','product/alllivingblacklivbox4.jpg','product/alllivingblacklivbox.jpg',289),('ALLLIVINGCROSSLIVBOX-200200001','올리빙','1+1 크로스 와이어 언더베드 & 리빙박스','ALLLIVINGCROSSLIVBOX',8910,42000,8000,'200200001','2020-03-01 00:00:00',NULL,'product/alllivingcrosslivbox1.jpg','product/alllivingcrosslivbox2.jpg','product/alllivingcrosslivbox3.jpg','product/alllivingcrosslivbox4.jpg','product/alllivingcrosslivbox.jpg',1887),('ALLLIVINGCURVLIVBOX-200200001','올리빙','커브 디자인 리빙박스 1P','ALLLIVINGCURVLIVBOX',4410,10000,2000,'200200001','2020-03-01 00:00:00',NULL,'product/alllivingcurvlivbox1.jpg','product/alllivingcurvlivbox2.jpg','product/alllivingcurvlivbox3.jpg','product/alllivingcurvlivbox4.jpg','product/alllivingcurvlivbox.jpg',286),('ALLLIVINGJELLIVBOX-200200001','올리빙','1+1 젤라또 리빙박스','ALLLIVINGJELLIVBOX',8010,25800,7000,'200200001','2020-03-01 00:00:00',NULL,'product/alllivingjellivbox1.jpg','product/alllivingjellivbox2.jpg','product/alllivingjellivbox3.jpg','product/alllivingjellivbox4.jpg','product/alllivingjellivbox.jpg',190),('ALLLIVINGWOODSHOE-200300001','올리빙','원목 다용도 선반 & 신발정리대','ALLLIVINGWOODSHOE',10350,32000,7000,'200300001','2020-03-01 00:00:00',NULL,'product/alllivingwoodshoe1.jpg','product/alllivingwoodshoe2.jpg','product/alllivingwoodshoe3.jpg','product/alllivingwoodshoe4.jpg','product/alllivingwoodshoe.jpg',288),('ALMANGSOFA-100100001','레이디가구','알망 EC패브릭 가죽소파 1인 암리스 3colors','ALMANGSOFA',100000,199000,65000,'100100001','2020-06-03 00:00:00',NULL,'product/ALMANG1.jpg','product/ALMANG12.jpg',NULL,NULL,'product/ALMANGe.jpg',1832),('ANDPLASTICCHEST-100200002','앤플라스틱','앤플라스틱 서랍장','ANDPLASTICCHEST',50000,100000,30000,'100200002','2016-10-10 00:00:00',NULL,'product/andplastic_chest_1.jpg','product/andplastic_chest_2.jpg','product/andplastic_chest_3.jpg','product/andplastic_chest_4.jpg','product/andplastic_chest_5.jpg',14),('ASSIBANGKYLE-100400001','아씨방가구','카일 전신거울 옷장','ASSIBANGKYLE',49900,65000,44910,'100400001','2019-10-15 00:00:00',NULL,'product/1534413001864_V.jpg',NULL,NULL,NULL,'product/top3_c.jpg',281),('ASSIBANGLAY-100400001','아씨방가구','레이 전신거울 옷장','ASSIBANGLAY',59900,80000,53910,'100400001','2019-10-15 00:00:00',NULL,'product/1534461501442_vYRZdgz.jpg',NULL,NULL,NULL,'product/basic_dt.jpg',100),('ASSIBANGSLIDING-100400001','아씨방가구','모던 빅 슬라이딩 옷장','ASSIBANGSLIDING',199000,237600,189000,'100400001','2019-10-15 00:00:00',NULL,'product/158381910447661330.jpg',NULL,NULL,NULL,'product/01_top.jpg',855),('BANESDECOLIVBOX-200200001','바네스데코','접이식 폴딩 수납 리빙박스 정리함 50L 대형','BANESDECOLIVBOX',17010,43000,15000,'200200001','2020-02-01 00:00:00',NULL,'product/banesdecolivbox1.jpg','product/banesdecolivbox2.jpg','product/banesdecolivbox3.jpg',NULL,'product/banesdecolivbox.jpg',706),('BANESDECOLOYDNTROL-200100002','바네스데코','LOYDN 원목 모던 트롤리 웨건 2color','BANESDECOLOYDNTROL',133000,239000,110000,'200100002','2020-02-01 00:00:00',NULL,'product/banesdecoloydntrol1.jpg','product/banesdecoloydntrol2.jpg',NULL,NULL,'product/banesdecoloydntrol.jpg',705),('BANESDECOTROL4-200100002','바네스데코','다용도 4단 트롤리 정리함 2color','BANESDECOTROL4',26100,37000,20000,'200100002','2020-02-01 00:00:00',NULL,'product/banesdecotrol1.jpg','product/banesdecotrol2.jpg',NULL,NULL,'product/banesdecotrol.jpg',705),('BANIELSOFA-100100001','플로바움','바니엘 패브릭 풀커버 3인용쇼파(한팔)','BANIELSOFA',389000,499000,319000,'100100001','2020-06-30 00:00:00',NULL,'product/BANIEL1.jpg','product/BANIEL2.jpg',NULL,NULL,'product/BANIELe.jpg',705),('BARDRAW-100100002','상일리베가구','바르 플랩도어 수납장 (완제품배송)','BARDRAW',149000,299000,108000,'100100002','2015-06-03 00:00:00',NULL,'product/BARDRAW1.jpg','product/BARDRAW2.jpg',NULL,NULL,'product/BARDRAWe.jpg',706),('BBLINOSOFA-100100001','플로바움','바브린노 인조가죽 3인용 카우치 쇼파 2colors','BBLINOSOFA',339000,499000,280000,'100100001','2020-06-30 00:00:00',NULL,'product/BBLINO1.jpg','product/BBLINO2.jpg',NULL,NULL,'product/BBLINOe.jpg',705),('BONOESSENTIAL-200100001','보노하우스','모던 에센셜 플라스틱서랍장 2단','BONOESSENTIAL',23900,35100,21510,'200100001','2016-09-01 00:00:00',NULL,'product/1590125384_100564_1.jpg',NULL,NULL,NULL,'product/1590125384_100564_1.jpg',705),('BONOKIDSA-200100001','보노하우스','키즈플러스 플라스틱서랍장 베이비장 장난감정리함','BONOKIDSA',42900,69900,38610,'200100001','2016-09-01 00:00:00',NULL,'product/156559644298373040.jpg',NULL,NULL,NULL,'product/156559644922112857.jpg',705),('BONOKIDSHAPPY-200100001','보노하우스','해피플러스 플라스틱서랍장 베이비장 장난감정리함','BONOKIDSHAPPY',42900,69900,38610,'200100001','2016-09-01 00:00:00',NULL,'product/156559935245603189.jpg',NULL,NULL,NULL,'product/156559935722896718.jpg',231),('BONOKIDSHAPPYOAK-200100001','보노하우스','해피플러스 내추럴오크 우드상판 플라스틱서랍장','BONOKIDSHAPPYOAK',55900,79900,50310,'200100001','2016-09-01 00:00:00',NULL,'product/157363820795635345.JPG',NULL,NULL,NULL,'product/157363821253293024.jpg',55),('BONOKIDSPLA-200100001','보노하우스','키즈플러스 화이트오크 우드상판 플라스틱서랍장','BONOKIDSPLA',55900,79900,50310,'200100001','2016-09-01 00:00:00',NULL,'product/157363751158023896.jpg',NULL,NULL,NULL,'product/157363751912519276.jpg',232),('BONOKIDSWOOD-200100001','보노하우스','키즈플러스 내추럴오크 우드상판 플라스틱서랍장','BONOKIDSWOOD',55900,79900,50310,'200100001','2016-09-01 00:00:00',NULL,'product/157363776900042662.jpg',NULL,NULL,NULL,'product/157363777226430559.jpg',231),('BONONATURAL4-200100001','보노하우스','모던플러스 내추럴오크 우드상판 4단','BONONATURAL4',59900,99900,53910,'200100001','2019-09-10 00:00:00',NULL,'product/1589869904_100573_1.jpg',NULL,NULL,NULL,'product/1page.jpg',2),('BONONATURAL5-200100001','보노하우스','모던플러스 내추럴오크 우드상판 5단','BONONATURAL5',69900,129900,62910,'200100001','2019-09-10 00:00:00',NULL,'product/1589869900_100574_1.jpg',NULL,NULL,NULL,'product/1page (1).jpg',55),('BONOWHITE4-200100001','보노하우스','모던플러스 화이트오크 우드상판 4단','BONOWHITE4',59900,99900,53910,'200100001','2019-09-10 00:00:00',NULL,'product/1589870004_100570_1.jpg',NULL,NULL,NULL,'product/1page (3).jpg',64),('BONOWHITE5-200100001','보노하우스','모던플러스 화이트오크 우드상판 5단','BONOWHITE5',69900,129900,62910,'200100001','2019-09-10 00:00:00',NULL,'product/1589869999_100571_1.jpg',NULL,NULL,NULL,'product/1page (2).jpg',123),('CAFEFABRICAWB-100100001','아이와비','카페 패브릭 접이식 소파베드 3colors','CAFEFABRICAWB',71100,159000,60000,'100100001','2020-06-03 00:00:00',NULL,'product/cafefabricsofa.jpg','product/cafefabricsofa2.jpg','product/cafefabricsofa3.jpg','product/cafefabricsofa4.jpg','product/cafefabricsofa4.jpg',44),('CFARM-100100003','체어팩토리','릴렉스 암체어 안락의자 4colors','CFARM',155000,186000,110000,'100100003','2015-06-03 00:00:00',NULL,'product/CFARM1.jpg','product/CFARM12.jpg',NULL,NULL,'product/CFARM12e.jpg',817),('CFDALIA-100100003','체어팩토리','달리아 2인의자','CFDALIA',99000,165000,55000,'100100003','2020-06-03 00:00:00',NULL,'product/CFDALIA1.jpg','product/CFDALIA12.jpg',NULL,NULL,'product/CFDALIA1e2.jpg',324),('CFHEY-100100003','체어팩토리','헤이라탄의자 2colors','CFHEY',125000,200000,80000,'100100003','2020-06-03 00:00:00',NULL,'product/CFHEY1.jpg','product/CFHEY12.jpg',NULL,NULL,'product/CFHEY12e.jpg',230),('CFLATAN-100100003','체어팩토리','곡목라탄의자 2type 3colors','CFLATAN',85000,137000,55000,'100100003','2020-06-03 00:00:00',NULL,'product/CFCHAIR1.jpg','product/CFCHAIR2.jpg',NULL,NULL,'product/CFCHAIR2e.jpg',995),('CFSERENA-100100003','체어팩토리','세레나체어 라탄의자','CFSERENA',105000,176000,76000,'100100003','2020-06-03 00:00:00',NULL,'product/CFSERENA1.jpg','product/CFSERENA12.jpg',NULL,NULL,'product/CFSERENA12e.jpg',231),('CFSEVEN-100100003','체어팩토리','세븐체어 7colors','CFSEVEN',25000,44900,15000,'100100003','2015-06-03 00:00:00',NULL,'product/CFSEVEN1.jpg','product/CFSEVEN12.jpg',NULL,NULL,'product/CFSEVEN1e2.jpg',666),('CFWOOD-100100003','체어팩토리','원목 와이체어 2colors','CFWOOD',89000,159000,57000,'100100003','2015-06-03 00:00:00',NULL,'product/CFWOOD1.jpg','product/CFWOOD12.jpg',NULL,NULL,'product/CFWOOD12e.jpg',111),('CHANGBLANG-200200002','창신리빙','블랑 서랍정리함','CHANGBLANG',4320,6000,2000,'200200002','2019-06-04 00:00:00',NULL,'product/changblang1.jpg','product/changblang2.jpg','product/changblang3.jpg','product/changblang4.jpg','product/changblang.jpg',22),('CHANGLIVBOX-200200001','창신리빙','내츄럴 서랍형 리빙박스 투명수납함','CHANGLIVBOX',8910,13500,5000,'200200001','2019-05-24 00:00:00',NULL,'product/changlivbox1.jpg','product/changlivbox2.jpg','product/changlivbox3.jpg','product/changlivbox4.jpg','product/changlivbox.jpg',655),('CHANGSHOE-200300001','창신리빙','신발장과 우산꽂이 9단 와이드형 2color','CHANGSHOE',34110,55000,30000,'200300001','2019-06-04 00:00:00',NULL,'product/changshoe1.jpg','product/changshoe2.jpg',NULL,NULL,'product/changshoe.jpg',790),('CHANGSLIM4-200100002','창신리빙','NEW 슬림선반 13cm 4단','CHANGSLIM4',12510,30000,10000,'200100002','2019-05-24 00:00:00',NULL,'product/changslim41.jpg','product/changslim42.jpg','product/changslim43.jpg',NULL,'product/changslim4.jpg',654),('CHANGUMB-200300002','창신리빙','스탠드 우산꽂이','CHANGUMB',7110,12000,5000,'200300002','2019-07-04 00:00:00',NULL,'product/changumb1.jpg','product/changumb2.jpg','product/changumb3.jpg','product/changumb4.jpg','product/changumb.jpg',791),('CINDYSOFA-100100001','플로바움','신디 인조가죽 3인용 좌식쇼파 2colors','CINDYSOFA',259000,359000,199000,'100100001','2020-06-30 00:00:00',NULL,'product/CINDY1.jpg','product/CINDY2.jpg',NULL,NULL,'product/CINDYe.jpg',333),('CUSFABSOFA-100100001','플로바움','커스 패브릭풀커버 1/2/3인용소파 -2color','CUSFABSOFA',99000,199000,68000,'100100001','2020-06-30 00:00:00',NULL,'product/CUSFAB1.jpg','product/CUSFAB12.jpg',NULL,NULL,'product/CUSFABe.jpg',46),('DAYATDRAW-100100002','마레앤코','데이엣 거실수납장 9type','DAYATDRAW',79500,149000,45000,'100100002','2020-07-03 00:00:00',NULL,'product/DAYAT1.jpg','product/DAYAT2.jpg',NULL,NULL,'product/DAYAT2e.jpg',56),('DDFFGGHH1-300100001','투플레이스','라탄 쉐이드 장스탠드','DDFFGGHH1',49900,59900,44910,'300100001','2018-06-26 00:00:00',NULL,'product/DDFFGGHH1.jpg','product/DDFFGGHH1_2.jpg',NULL,NULL,'product/DDFFGGHH1_e.jpg',999),('DDFFGGHH2-300100001','투플레이스','신주 장스탠드','DDFFGGHH2',89000,111300,80100,'300100001','2018-06-26 00:00:00',NULL,'product/DDFFGGHH2.jpg','product/DDFFGGHH2_2.jpg',NULL,NULL,'product/DDFFGGHH2_e.jpg',25),('DDFFGGHH3-300100001','투플레이스','스완 아크 장스탠드','DDFFGGHH3',139000,189000,129000,'300100001','2018-06-26 00:00:00',NULL,'product/DDFFGGHH3.jpg','product/DDFFGGHH3_2.jpg',NULL,NULL,'product/DDFFGGHH3_e.jpg',286),('DDFFGGHH4-300100001','투플레이스','노르웨이의숲 장스탠드','DDFFGGHH4',148000,224000,138000,'300100001','2018-06-26 00:00:00',NULL,'product/DDFFGGHH4.jpg','product/DDFFGGHH4_2.jpg',NULL,NULL,'product/DDFFGGHH4_e.jpg',12),('DDFFGGHH5-300100001','투플레이스','코이 단스탠드','DDFFGGHH5',29700,45000,26730,'300100001','2018-06-26 00:00:00',NULL,'product/DDFFGGHH5.jpg','product/DDFFGGHH5_2.jpg',NULL,NULL,'product/DDFFGGHH5_e.jpg',478),('DESTRASOFA-100100001','레이디가구','데스트라 천연면피 소가죽 소파 3인/4인용','DESTRASOFA',489000,990000,389000,'100100001','2020-06-03 00:00:00',NULL,'product/DESTRA1.jpg','product/DESTRA2.jpg',NULL,NULL,'product/DESTRAe.jpg',3),('DINEASH-100100001','레이디가구','다인 애쉬원목 오리털 패브릭 소파','DINEASH',379000,450000,279000,'100100001','2020-06-04 00:00:00',NULL,'product/ladyd1.jpg','product/ladyd2.jpg',NULL,NULL,'product/ladyd3.jpg',3),('DINEASHSOFA-100100001','레이디가구','다인 애쉬원목 오리털 패브릭쇼파 3인용 3colors','DINEASHSOFA',389000,699000,313000,'100100001','2020-06-30 00:00:00',NULL,'product/DINEASHS1.jpg','product/DINEASHS2.jpg',NULL,NULL,'product/DINEASHSe.jpg',236),('DINESOFA-100100001','레이디가구','다인 애쉬원목 오리털 패브릭쇼파 1인용 3colors','DINESOFA',219000,399000,175000,'100100001','2020-06-30 00:00:00',NULL,'product/DINE1.jpg','product/DINE2.jpg',NULL,NULL,'product/DINEe.jpg',24),('DK010-100100001','듀커소파','3.5인/3인용 풀커버 그레이 패브릭 발수 소파','DK010',697000,997000,590000,'100100001','2015-06-10 00:00:00',NULL,'product/dk0101.jpg','product/dk01012.jpg',NULL,NULL,'product/dk01012e.jpg',789),('DK013-100100001','듀커소파','4인용 풀커버 베이지 패브릭 발수 소파(거위털)','DK013',979000,1280000,890000,'100100001','2015-06-15 00:00:00',NULL,'product/DK0131.jpg','product/DK01312.jpg',NULL,NULL,'product/DK013121.jpg',2858),('DK028-100100001','듀커소파','4인용 카우치 풀커버 민트 패브릭 발수 소파(거위털)','DK028',797000,997000,650000,'100100001','2015-06-10 00:00:00',NULL,'product/dk0281.jpg','product/dk0282.jpg',NULL,NULL,'product/dk0282e.jpg',256),('DK032-100100001','듀커소파','카우치 풀커버 민트 패브릭 발수 소파(거위털)','DK032',1859000,2910000,1600000,'100100001','2015-06-10 00:00:00',NULL,'product/DK0321.jpg','product/DK03212.jpg',NULL,NULL,'product/DK032123.jpg',2),('DK037-100100001','듀커소파','3.5인/4인/코너형 5인 모듈형 풀커버 패브릭 발수 소파','DK037',677000,1097000,590000,'100100001','2015-06-10 00:00:00',NULL,'product/dk0371.jpg','product/dk0372.jpg',NULL,NULL,'product/dk0372e.jpg',223),('DK051-100100001','듀커소파','3.5인/3인용 풀커버 그레이 패브릭 발수 소파(쿠션 포함)','DK051',598000,844000,510000,'100100001','2015-06-10 00:00:00',NULL,'product/dk0511.jpg','product/dk0512.jpg',NULL,NULL,'product/dk051e.jpg',1566),('DK052-100100001','듀커소파','3인용 풀커버 그레이 발수 패브릭 소파','DK052',267000,335000,210000,'100100001','2015-06-10 00:00:00',NULL,'product/dkfab1.jpg','product/dkfab2.jpg',NULL,NULL,'product/dkfabe.jpg',288),('DK055-100100001','듀커소파','DK055 3.5인/3인용 풀커버 오트밀 거위털 패브릭 발수 소파','DK055',797000,945000,710000,'100100001','2015-06-10 00:00:00',NULL,'product/DK0551.jpg','product/DK0552.jpg',NULL,NULL,'product/DK0552e.jpg',777),('DK056-100100001','듀커소파','3인용 풀커버 패브릭 발수 소파','DK056',547000,789000,450000,'100100001','2015-06-15 00:00:00',NULL,'product/DK0561.jpg','product/DK0562.jpg',NULL,NULL,'product/DK0562e.jpg',112),('DK063-100100001','듀커소파','3인/4인/5인코너형/모듈형 풀커버 패브릭 발수 소파','DK063',920000,1640000,780000,'100100001','2015-06-10 00:00:00',NULL,'product/DK0631.jpg','product/DK0632.jpg',NULL,NULL,'product/DK0632ee.jpg',589),('DK080-100100001','듀커소파','4인소파/모듈형 풀커버 패브릭 발수 소파','DK080',697000,997000,590000,'100100001','2015-06-10 00:00:00',NULL,'product/DK0801.jpg','product/DK08012.jpg',NULL,NULL,'product/DK080123.jpg',742),('DK085-100100001','듀커소파','카우치형 풀커버 패브릭 발수 소파','DK085',2680000,3025000,2200000,'100100001','2015-06-15 00:00:00',NULL,'product/DK0851.jpg','product/DK08512.jpg',NULL,NULL,'product/DK08512e.jpg',992),('DK086-100100001','듀커소파','네스트 시리즈 DK086 4인용 카우치형 풀커버 패브릭 발수 소파','DK086',597000,797000,510000,'100100001','2015-06-15 00:00:00',NULL,'product/dk0861.jpg','product/dk0862.jpg',NULL,NULL,'product/dk0862e.jpg',29),('DK203-100100001','듀커소파','베이직 시리즈 DK203 3인용 풀커버 패브릭 발수 소파','DK203',263000,304000,180200,'100100001','2015-06-15 00:00:00',NULL,'product/DK2031.jpg','product/DK2032.jpg',NULL,NULL,'product/DK2032q.jpg',255),('DK207-100100001','듀커소파','베이직 시리즈 DK207 4인용 풀커버 패브릭 발수 소파','DK207',527000,628000,410000,'100100001','2015-06-10 00:00:00',NULL,'product/DK2071.jpg','product/DK20712.jpg',NULL,NULL,'product/DK20712e.jpg',547),('ECOTROL32-200100002','에코상사','넛지 3단 이동식 트롤리 2colors','ECOTROL32',26910,42900,20000,'200100002','2020-02-01 00:00:00',NULL,'product/ecotrol321.jpg','product/ecotrol322.jpg','product/ecotrol323.jpg','product/ecotrol324.jpg','product/ecotrol32.jpg',489),('ECOWOODSHOE-200300001','에코상사','원목 다용도 벤치 신발장','ECOWOODSHOE',8910,32900,5000,'200300001','2020-02-01 00:00:00',NULL,'product/ecowoodshoe1.jpg',NULL,NULL,NULL,'product/ecowoodshoe.jpg',124),('EERRTTYY1-300100002','반짝조명','LED 바니바니 무드등','EERRTTYY1',64000,80000,57600,'300100002','2020-06-26 00:00:00',NULL,'product/EERRTTYY1.jpg','product/EERRTTYY1_2.jpg',NULL,NULL,'product/EERRTTYY1_e.jpg',78),('EERRTTYY2-300100002','반짝조명','스티크 무드등','EERRTTYY2',8900,19000,8010,'300100002','2020-06-26 00:00:00',NULL,'product/EERRTTYY2.jpg','product/EERRTTYY2_2.jpg',NULL,NULL,'product/EERRTTYY2_e.jpg',3971),('EERRTTYY3-300100002','반짝조명','LED 레트로 전구 무드등','EERRTTYY3',12800,16000,11520,'300100002','2020-06-26 00:00:00',NULL,'product/EERRTTYY3.jpg','product/EERRTTYY3_2.jpg',NULL,NULL,'product/EERRTTYY3_e.jpg',2498),('EERRTTYY4-300100002','반짝조명','LED 실버문 드림캐쳐 무드등','EERRTTYY4',13600,15200,12240,'300100002','2020-06-26 00:00:00',NULL,'product/EERRTTYY4.jpg','product/EERRTTYY4_2.jpg',NULL,NULL,'product/EERRTTYY4_e.jpg',217),('EERRTTYY5-300100002','반짝조명','DIY 레터링 라이트박스/무드등','EERRTTYY5',11900,14000,10710,'300100002','2020-06-26 00:00:00',NULL,'product/EERRTTYY5.jpg','product/EERRTTY5_2.jpg',NULL,NULL,'product/EERRTTYY5_e.jpg',30),('FFBIKING-100100003','가구느낌','바이킹 플라스틱 체어 인테리어 식탁 의자','FFBIKING',23900,23900,15000,'100100003','2020-07-03 00:00:00',NULL,'product/FFBIKING1.jpg','product/FFBIKING2.jpg',NULL,NULL,'product/FFBIKINGe2.jpg',163),('FFGOLD-100100003','가구느낌','골드벨벳퀼팅체어 3colors','FFGOLD',55900,68000,35000,'100100003','2020-07-03 00:00:00',NULL,'product/FFGOLD1.jpg','product/FFGOLD21.jpg',NULL,NULL,'product/FFGOLD2e1.jpg',987),('FFHAVY-100100003','가구느낌','하비 철재소파 2colors','FFHAVY',55900,80000,35000,'100100003','2020-07-03 00:00:00',NULL,'product/FFHAVY1.jpg','product/FFHAVY12.jpg',NULL,NULL,'product/FFHAVY12e.jpg',147),('FFPUGOLD-100100003','가구느낌','PU 골드 비올렛 인테리어 의자 3color','FFPUGOLD',57900,95000,37000,'100100003','2020-07-03 00:00:00',NULL,'product/FFPUGOLD1.jpg','product/FFPUGOLD12.jpg',NULL,NULL,'product/FFPUGOLD12e.jpg',480),('FFROMA-100100003','가구느낌','로마골드벨벳체어 2colors','FFROMA',40900,65000,28000,'100100003','2020-07-03 00:00:00',NULL,'product/FFROMA1.jpg','product/FFROMA2.jpg',NULL,NULL,'product/FFROMAe2.jpg',21),('FFSEVEN-100100003','가구느낌','세븐 골드 벨벳 체어 인테리어 식탁 의자','FFSEVEN',47900,47900,28000,'100100003','2020-07-03 00:00:00',NULL,'product/FFSEVEN1.jpg','product/FFSEVEN21.jpg',NULL,NULL,'product/FFSEVEN21e.jpg',72),('FFSMITH-100100003','가구느낌','스미스체어 2colors','FFSMITH',24900,45000,15000,'100100003','2020-07-03 00:00:00',NULL,'product/FFSMITH1.jpg','product/FFSMITH2.jpg',NULL,NULL,'product/FFSMITH2e.jpg',23),('FLINTDRAW-100100002','마레앤코','플린트 1200 화이트 티비다이','FLINTDRAW',129000,239000,80000,'100100002','2020-07-03 00:00:00',NULL,'product/FLINT1.jpg','product/FLINT2.jpg',NULL,NULL,'product/FLINT2e.jpg',288),('FLOSTOOL-100100001','플로바움','인조가죽 보조스툴 2color','FLOSTOOL',69000,70000,55000,'100100001','2020-06-30 00:00:00',NULL,'product/FLOS1.jpg','product/FLOS2.jpg',NULL,NULL,'product/FLOSe.jpg',444),('FPRINCESOFA-100100001','플로바움','프린스 인조가죽 3인용 쇼파 2colors','FPRINCESOFA',279000,369000,210000,'100100001','2020-06-30 00:00:00',NULL,'product/FPRINCE1.jpg','product/FPRINCE12.jpg',NULL,NULL,'product/FPRINCEe.jpg',969),('FREEMADEDINNINGCH-100300002','프리메이드','프리메이드 식탁의자','FREEMADEDINNINGCH',50000,100000,30000,'100300002','2016-10-10 00:00:00',NULL,'product/freemade_diningch_1.jpg','product/freemade_diningch_2.jpg','product/freemade_diningch_3.jpg','product/freemade_diningch_4.jpg','product/freemade_diningch_5.jpg',100),('FREEMADEDRESSINGTB-100200003','프리메이드','프리메이드 화장대','FREEMADEDRESSINGTB',50000,100000,30000,'100200003','2016-10-10 00:00:00',NULL,'product/freemade_dressingtb_1.jpg','product/freemade_dressingtb_2.jpg','product/freemade_dressingtb_3.jpg','product/freemade_dressingtb_4.jpg','product/freemade_dressingtb_5.jpg',46),('GAZZDYSON-200200002','가쯔','너도밤나무 다이슨청소기 스탠드 거치대 다이슨 거치대 원목 거치대','GAZZDYSON',22410,59900,15000,'200200002','2020-03-01 00:00:00',NULL,'product/gazzdyson1.jpg','product/gazzdyson2.jpg','product/gazzdyson3.jpg',NULL,'product/gazzdyson.jpg',3241),('GAZZMCRLIVBOX-200200001','가쯔','1+1 마카롱 리빙박스 수납정리함 72L 3colors','GAZZMCRLIVBOX',15660,29900,10000,'200200001','2020-03-01 00:00:00',NULL,'product/gazzmcrlivbox1.jpg','product/gazzmcrlivbox2.jpg','product/gazzmcrlivbox3.jpg','product/gazzmcrlivbox4.jpg','product/gazzmcrlivbox.jpg',490),('GAZZMULTITAB-200200002','가쯔','원목 멀티탭 케이플 정리함 전선 정리함 3colors','GAZZMULTITAB',9810,17900,5000,'200200002','2020-03-01 00:00:00',NULL,'product/gazzmultitab1.jpg','product/gazzmultitab2.jpg','product/gazzmultitab3.jpg','product/gazzmultitab4.jpg','product/gazzmultitab.jpg',574),('GAZZSHOEMODERN-200300001','가쯔','모던 4단 실내화 정리대 2colors','GAZZSHOEMODERN',8910,16900,5000,'200300001','2020-03-01 00:00:00',NULL,'product/gazzshoemodern1.jpg','product/gazzshoemodern2.jpg','product/gazzshoemodern3.jpg',NULL,'product/gazzshoemodern.jpg',1571),('GAZZSHOEWOOD-200300001','가쯔','원목 실내화걸이 신발정리대 & 슬리퍼 1+1 2colors','GAZZSHOEWOOD',17010,26900,12000,'200300001','2020-03-01 00:00:00',NULL,'product/gazzshoewood1.jpg','product/gazzshoewood2.jpg','product/gazzshoewood3.jpg','product/gazzshoewood4.jpg','product/gazzshoewood.jpg',1264),('GGBIANCO-100100004','가구느낌','비앙코대리석 골드미음테이블','GGBIANCO',134000,199000,90000,'100100004','2020-07-03 00:00:00','2020-07-01 17:53:48','product/GGBIANCO1.jpg','product/GGBIANCO2.jpg',NULL,NULL,'product/GGBIANCOe.jpg',2),('GGHHJJKK1-300200001','에덴미술','북유럽 거실인테리어그림 분할사진액자 대형캔버스 37종','GGHHJJKK1',79700,200000,71730,'300200001','2020-06-26 00:00:00',NULL,'product/GGHHJJKK1.jpg','product/GGHHJJKK1_2.jpg',NULL,NULL,'product/GGHHJJKK1_e.jpg',156),('GGHHJJKK2-300200001','에덴미술','감성 영화 대형 브로마이드/포스터 120종','GGHHJJKK2',3900,4900,3510,'300200001','2020-06-26 00:00:00',NULL,'product/GGHHJJKK2.jpg','product/GGHHJJKK2_2.jpg',NULL,NULL,'product/GGHHJJKK2_e.jpg',112),('GGHHJJKK3-300200001','에덴미술','인테리어 액자 황금 해바라기 골드 그림 15종','GGHHJJKK3',8900,20000,8010,'300200001','2016-06-26 00:00:00',NULL,'product/GGHHJJKK3.jpg','product/GGHHJJKK3_2.jpg',NULL,NULL,'product/GGHHJJKK3_e.jpg',5859),('GGHHJJKK4-300200001','에덴미술','인테리어 액자 명화 풍경화 그림 액자 캔버스 70종','GGHHJJKK4',64300,150000,57870,'300200001','2016-06-26 00:00:00',NULL,'product/GGHHJJKK4.jpg','product/GGHHJJKK4_2.jpg',NULL,NULL,'product/GGHHJJKK4_e.jpg',256),('GGHHJJKK5-300200001','에덴미술','인테리어 그림 명화 마크 로스코 20종','GGHHJJKK5',2700,7700,2430,'300200001','2016-06-26 00:00:00',NULL,'product/GGHHJJKK5.jpg','product/GGHHJJKK5_2.jpg',NULL,NULL,'product/GGHHJJKK5_e.jpg',459),('HITDRAWER3Y-100400003','히트가구','하버 3단 서랍장','HITDRAWER3Y',57200,79900,51480,'100400003','2017-09-05 00:00:00',NULL,'product/1512954513164_vIy576kY.jpg',NULL,NULL,NULL,'product/B_1.jpg',123),('HITLIL4Y-100400003','히트가구','릴리아 600 4단 광폭 서랍장','HITLIL4Y',44500,52900,40050,'100400003','2017-09-05 00:00:00',NULL,'product/1591149203_104810_13.jpg',NULL,NULL,NULL,'product/A_1.jpg',4790),('HITMANGO450-100400003','히트가구','망고 450 3단 서랍장','HITMANGO450',76410,84900,74100,'100400003','2017-09-05 00:00:00',NULL,'product/1591155331_103101_13.jpg',NULL,NULL,NULL,'product/A_1 (1).jpg',456),('HITSYNIA600-100400003','히트가구','시니아 600 1단 서랍장','HITSYNIA600',49900,62500,44910,'100400003','2017-09-05 00:00:00',NULL,'product/1591086481_102873_13.jpg',NULL,NULL,NULL,'product/D_1_02.jpg',123),('HOUSEBUDYBIGLIVBOX-200200001','하우스버디','슬라이딩 박스 3P 대형','HOUSEBUDYBIGLIVBOX',25110,31900,18000,'200200001','2020-03-01 00:00:00',NULL,'product/housebudybiglivbox1.jpg','product/housebudybiglivbox2.jpg','product/housebudybiglivbox3.jpg','product/housebudybiglivbox4.jpg','product/housebudybiglivbox.jpg',4568),('HOUSEBUDYNOMALSHOE-200300001','하우스버디','신발 정리대 5단 일반','HOUSEBUDYNOMALSHOE',6300,7000,3000,'200300001','2020-03-01 00:00:00',NULL,'product/housebudynomalshoe1.jpg','product/housebudynomalshoe2.jpg',NULL,NULL,'product/housebudynomalshoe.jpg',789),('HOUSEBUDYSLIDINGLIVBOX-200200001','하우스버디','4colors 슬라이딩 리빙박스 수납정리함 시리즈','HOUSEBUDYSLIDINGLIVBOX',10350,14500,8000,'200200001','2020-03-01 00:00:00',NULL,'product/housebudyslidinglivbox1.jpg','product/housebudyslidinglivbox2.jpg','product/housebudyslidinglivbox3.jpg','product/housebudyslidinglivbox4.jpg','product/housebudyslidinglivbox.jpg',656),('HOUSEBUDYWIDESHOE-200300001','하우스버디','신발 정리대 5단 와이드형','HOUSEBUDYWIDESHOE',10800,12000,5000,'200300001','2020-03-01 00:00:00',NULL,'product/housebudywideshoe1.jpg','product/housebudywideshoe2.jpg','product/housebudywideshoe3.jpg',NULL,'product/housebudywideshoe.jpg',322),('HOUSEREPFLIP-200200002','하우스레시피','플립 스마트 정리함','HOUSEREPFLIP',12420,13800,9000,'200200002','2019-04-01 00:00:00',NULL,'product/houserepflip1.jpg','product/houserepflip2.jpg','product/houserepflip3.jpg','product/houserepflip4.jpg','product/houserepflip.jpg',987),('HOUSEREPSHOE-200300001','하우스레시피','MORINOKI 뱀부 2단 사선 슈즈랙','HOUSEREPSHOE',38610,42900,30000,'200300001','2019-06-11 00:00:00',NULL,'product/houserepshoe1.jpg','product/houserepshoe2.jpg','product/houserepshoe3.jpg','product/houserepshoe4.jpg','product/houserepshoe.jpg',456),('HOUSEREPTROL4-200100002','하우스레시피','공간활용 이동식 트롤리 4단','HOUSEREPTROL4',21510,23900,15000,'200100002','2019-04-01 00:00:00',NULL,'product/housereptrol41.jpg','product/housereptrol42.jpg','product/housereptrol43.jpg','product/housereptrol44.jpg','product/housereptrol4.jpg',124),('HOUSEREPTROL6-200100002','하우스레시피','공간활용 이동식 트롤리 6단','HOUSEREPTROL6',26010,28900,20000,'200100002','2019-04-01 00:00:00',NULL,'product/housereptrol61.jpg','product/housereptrol62.jpg','product/housereptrol63.jpg','product/housereptrol64.jpg','product/housereptrol6.jpg',741),('IKEACARTLENNART-200100002','이케아','LENNART 렌나르트 서랍장','IKEACARTLENNART',18720,20800,13000,'200100002','2020-06-04 00:00:00',NULL,'product/lennartcart1.jpg','product/lennartcart2.jpg','product/lennartcart3.jpg','product/lennartcart4.jpg','product/lennartcart.jpg',853),('IKEACARTRASKOG-200100002','이케아','RASKOG 로스코그 키친 카드 트로릴 웨건','IKEACARTRASKOG',37900,40100,25000,'200100002','2020-06-30 00:00:00',NULL,'product/raskogcart1.jpg','product/raskogcart2.jpg','product/raskogcart3.jpg','product/raskogcart4.jpg','product/raskogcart.jpg',963),('IKEAOTHERKVISSLE-200200002','이케아','KVISSLE 전선정리함','IKEAOTHERKVISSLE',12780,14200,9000,'200200002','2020-05-01 00:00:00',NULL,'product/otherkvissle1.jpg','product/otherkvissle2.jpg','product/otherkvissle3.jpg','product/otherkvissle4.jpg','product/otherkvissle.jpg',775),('IKEASHOESBISSA-200300001','이케아','BISSA 비사 3칸신발장','IKEASHOESBISSA',53910,59900,45000,'200300001','2020-04-04 00:00:00',NULL,'product/bissashoes1.jpg','product/bissashoes2.jpg',NULL,NULL,'product/bissashoes.jpg',150),('IKEASHOESHEMNES-200300001','이케아','HEMNES 4칸 신발장','IKEASHOESHEMNES',236900,246900,180000,'200300001','2020-05-04 00:00:00',NULL,'product/hemnesshoes1.jpg','product/hemnesshoes2.jpg','product/hemnesshoes3.jpg',NULL,'product/hemnesshoes.jpg',787),('ILCMETALTROL3-200100002','아이엘컴퍼니','메탈 이동식 3단 트롤리 2color','ILCMETALTROL3',35910,69000,30000,'200100002','2020-03-01 00:00:00',NULL,'product/ilcmetaltrol31.jpg','product/ilcmetaltrol32.jpg','product/ilcmetaltrol33.jpg',NULL,'product/ilcmetaltrol3.jpg',2154),('ILCMILKTROL-200100002','아이엘컴퍼니','밀크 트롤리 이동식 3단 선반','ILCMILKTROL',26910,49000,24000,'200100002','2020-03-01 00:00:00',NULL,'product/ilcmilktrol1.jpg',NULL,NULL,NULL,'product/ilcmilktrol.jpg',56),('ILCSQUARETROL-200100002','아이엘컴퍼니','스퀘어 2단 트롤리 6color','ILCSQUARETROL',41310,85000,40000,'200100002','2020-03-01 00:00:00',NULL,'product/ilcsquaretrol1.jpg','product/ilcsquaretrol2.jpg','product/ilcsquaretrol3.jpg','product/ilcsquaretrol4.jpg','product/ilcsquaretrol.jpg',1575),('ILCSTEELUMB-200300002','아이엘컴퍼니','화이트 스틸 우산꽂이','ILCSTEELUMB',17910,29000,15000,'200300002','2020-03-01 00:00:00',NULL,'product/ilcsteelumb1.jpg','product/ilcsteelumb2.jpg',NULL,NULL,'product/ilcsteelumb.jpg',3),('IWBMILDAQUA-100100001','아이와비','마일드 아쿠아텍스 등받이 확장형 3인/4인 소파','IWBMILDAQUA',389000,499000,310000,'100100001','2020-06-03 00:00:00',NULL,'product/mildaquatexsofa.jpg','product/mildaquatexsofa2.jpg','product/mildaquatexsofa3.jpg','','product/mildaquatexsofa4.jpg',33),('IWBTONYSOFA-100100001','아이와비','토니 2인소파 3colors','IWBTONYSOFA',94000,159000,75000,'100100001','2020-06-03 00:00:00',NULL,'product/tonysofa.jpg','product/tonysofa2.jpg','product/tonysofa3.jpg','','product/tonysofa3.jpg',301),('JJKKLLZZ1-300100001','스피아노','샤이나 구스 장/단스탠드','JJKKLLZZ1',50900,59900,45810,'300100001','2014-06-26 00:00:00',NULL,'product/JJKKLLZZ1.jpg','product/JJKKLLZZ1_2.jpg',NULL,NULL,'product/JJKKLLZZ1_e.jpg',211),('JJKKLLZZ2-300100001','스피아노','브리아나 플로어 장스탠드','JJKKLLZZ2',84900,105900,76410,'300100001','2014-06-26 00:00:00',NULL,'product/JJKKLLZZ2.jpg','product/JJKKLLZZ2_2.jpg',NULL,NULL,'product/JJKKLLZZ2_e.jpg',44),('JJKKLLZZ3-300100001','스피아노','[한샘몰X스피아노] 피카 업라이트 장스탠드 조명','JJKKLLZZ3',34900,39900,31410,'300100001','2014-06-26 00:00:00',NULL,'product/JJKKLLZZ3.jpg','product/JJKKLLZZ3_2.jpg',NULL,NULL,'product/JJKKLLZZ3_e.jpg',25),('JJKKLLZZ4-300100001','스피아노','원통형 한지 장스탠드','JJKKLLZZ4',41900,57900,37710,'300100001','2014-06-26 00:00:00',NULL,'product/JJKKLLZZ4.jpg','product/JJKKLLZZ4_2.jpg',NULL,NULL,'product/JJKKLLZZ4_e.jpg',24),('JJKKLLZZ5-300100001','스피아노','다이아 장스탠드 SS-1210','JJKKLLZZ5',102400,159000,92400,'300100001','2014-06-26 00:00:00',NULL,'product/JJKKLLZZ5.jpg','product/JJKKLLZZ5_2.jpg',NULL,NULL,'product/JJKKLLZZ5_e.jpg',15),('KANUSOFA-100100001','레이디가구','카누 1인/2인/3인 원목소파','KANUSOFA',99000,209000,69000,'100100001','2020-06-04 00:00:00',NULL,'product/KANU1.jpg','product/KANU2.jpg',NULL,NULL,'product/KANUe.jpg',29),('LABELLESOFA-100100001','레이디가구','라벨르 All 레더 프리미엄 디자인 가죽소파 3인/4인 3colors','LABELLESOFA',689000,1199000,490000,'100100001','2020-06-03 00:00:00',NULL,'product/LABELLE1.jpg','product/LABELLE2.jpg',NULL,NULL,'product/LABELLEe.jpg',31),('LAUMANGELA-100300003','SR100','라움 엔젤 화이트식탁','LAUMANGELA',239000,449000,229000,'100300003','2017-05-06 00:00:00',NULL,'product/156386600206615530.jpg',NULL,NULL,NULL,'product/angel-round-04.jpg',566),('LAUMSQUAREA-100300003','SR100','라움 스퀘어 화이트식탁 벤치 의자','LAUMSQUAREA',259000,449000,249000,'100300003','2020-06-26 00:00:00',NULL,'product/156637770497343687.jpg',NULL,NULL,NULL,'product/1_1588051691103_Cr1bauN.jpg',459),('LAUMWHITEA-100300003','SR100','라움 화이트 식탁','LAUMWHITEA',139000,249000,129000,'100300003','2020-06-26 00:00:00',NULL,'product/1556610841609_lwef.jpg',NULL,NULL,NULL,'product/1556869285485_9o5.jpg',21),('LAUMWOODA-100300003','SR100','애쉬(물푸레나무) 서랍형 테이블','LAUMWOODA',229000,289000,219000,'100300003','2020-06-26 00:00:00',NULL,'product/1463022438865_YZRx2pOPS.jpg',NULL,NULL,NULL,'product/1462960418_brCype3Kk.jpg',640),('LDGLIN-100200001','레이디가구','글린 LED 3단 서랍침대 (서랍장+콘센트업그레이드) 4colors','LDGLIN',149000,359000,99000,'100200001','2020-07-03 00:00:00','2020-07-01 17:53:48','product/LDGLIN1.jpg','product/LDGLIN2.jpg',NULL,NULL,'product/LDGLINe.jpg',50),('LDLAGOM-100200001','레이디가구','라곰 호텔식 패밀리침대 12type 2colors','LDLAGOM',339000,539000,199000,'100200001','2015-06-03 00:00:00','2020-07-01 17:53:48','product/LDLAGOM1.jpg','product/LDLAGOM2.jpg',NULL,NULL,'product/LDLAGOMe.jpg',28),('LDMOODY-100100004','레이디가구','무디 양면 큐브테이블 2size','LDMOODY',69900,109000,40000,'100100004','2015-06-03 00:00:00','2020-07-01 17:53:48','product/LDMOODY1.jpg','product/LDMOODY2.jpg',NULL,NULL,'product/LDMOODYe.jpg',55),('LDNEST-100200001','레이디가구','네스트 저상형 패밀리침대','LDNEST',329000,539000,199000,'100200001','2015-06-03 00:00:00','2020-07-01 17:53:48','product/LDNEST1.jpg','product/LDNEST2.jpg',NULL,NULL,'product/LDNESTe.jpg',86),('LDRONN-100200001','레이디가구','론 패드커버형 일체형침대 S/SS','LDRONN',99900,249000,50000,'100200001','2015-06-03 00:00:00','2020-07-01 17:53:48','product/LDRONN1.jpg','product/LDRONN2.jpg',NULL,NULL,'product/LDRONNe.jpg',329),('LDSCANDI-100200001','레이디가구','스칸딕 로맨틱 신혼 퀸/슈퍼싱글 원목침대 3colors','LDSCANDI',189000,399000,120000,'100200001','2015-06-03 00:00:00','2020-07-01 17:53:48','product/LDSCANDI1.jpg','product/LDSCANDI2.jpg',NULL,NULL,'product/LDSCANDIe.jpg',660),('LDTWIN-100100004','레이디가구','트윈 확장형 좌식 소파테이블','LDTWIN',69900,109000,40000,'100100004','2015-06-03 00:00:00','2020-07-01 17:53:48','product/LDTWIN1.jpg','product/LDTWIN2.jpg',NULL,NULL,'product/LDTWINe.jpg',55),('LDWISON-100200001','레이디가구','위슨 호텔형 가죽침대 SS/Q 3colors','LDWISON',268000,539000,199000,'100200001','2015-06-03 00:00:00','2020-07-01 17:53:48','product/LDWISON1.jpg','product/LDWISON2.jpg',NULL,NULL,'product/LDWISONe.jpg',59),('LDWOOD-100200001','레이디가구','데일리 원목 평상형 통깔판 침대 SS/Q','LDWOOD',116000,249000,78000,'100200001','2015-06-03 00:00:00','2020-07-01 17:53:48','product/LDWOOD1.jpg','product/LDWOOD2.jpg',NULL,NULL,'product/LDWOODe.jpg',88),('LISENTCHEST-100200002','리센트','리센트 서랍장','LISENTCHEST',50000,100000,30000,'100200002','2016-10-10 00:00:00',NULL,'product/lisent_chest_1.jpg','product/lisent_chest_2.jpg','product/lisent_chest_3.jpg','product/lisent_chest_4.jpg','product/lisent_chest_5.jpg',888),('LISENTKITCABINET-100300001','리센트','리센트 주방수납장','LISENTKITCABINET',50000,100000,30000,'100300001','2016-10-10 00:00:00',NULL,'product/lisent_kitcabinet_1.jpg','product/lisent_kitcabinet_2.jpg','product/lisent_kitcabinet_3.jpg','product/lisent_kitcabinet_4.jpg','product/lisent_kitcabinet_5.jpg',127),('LISSEMCHEST-100200002','리셈','리셈 서랍장','LISSEMCHEST',50000,100000,30000,'100200002','2016-10-10 00:00:00',NULL,'product/lissem_chest_1.jpg','product/lissem_chest_2.jpg','product/lissem_chest_3.jpg','product/lissem_chest_4.jpg','product/lissem_chest_5.jpg',9700),('LISSEMDINNINGCH-100300002','리셈','리셈 식탁의자','LISSEMDINNINGCH',50000,100000,30000,'100300002','2016-10-10 00:00:00',NULL,'product/lissem_diningch_1.jpg','product/lissem_diningch_2.jpg','product/lissem_diningch_3.jpg','product/lissem_diningch_4.jpg','product/lissem_diningch_5.jpg',24),('LISSEMDRESSINGTB-100200003','리셈','리셈 화장대','LISSEMDRESSINGTB',50000,100000,30000,'100200003','2016-10-10 00:00:00',NULL,'product/lissem_dressingtb_1.jpg','product/lissem_dressingtb_2.jpg','product/lissem_dressingtb_3.jpg','product/lissem_dressingtb_4.jpg','product/lissem_dressingtb_5.jpg',654),('LISSEMMAT-100200004','리셈','리셈 매트리스','LISSEMMAT',50000,100000,30000,'100200004','2016-10-10 00:00:00',NULL,'product/lissem_mat_1.jpg','product/lissem_mat_2.jpg','product/lissem_mat_3.jpg','product/lissem_mat_4.jpg','product/lissem_mat_5.jpg',0),('LIVARTCHEST-100200002','리바트','리바트 서랍장','LIVARTCHEST',50000,100000,30000,'100200002','2016-10-10 00:00:00',NULL,'product/livart_chest_1.jpg','product/livart_chest_2.jpg','product/livart_chest_3.jpg','product/livart_chest_4.jpg','product/livart_chest_5.jpg',0),('LIVARTDINNINGCH-100300002','리바트','리바트 식탁의자','LIVARTDINNINGCH',50000,100000,30000,'100300002','2016-10-10 00:00:00',NULL,'product/livart_diningch_1.jpg','product/livart_diningch_2.jpg','product/livart_diningch_3.jpg','product/livart_diningch_4.jpg','product/livart_diningch_5.jpg',3),('LIVARTDRESSINGTB-100200003','리바트','리바트 화장대','LIVARTDRESSINGTB',50000,100000,30000,'100200003','2016-10-10 00:00:00',NULL,'product/livart_dressingtb_1.jpg','product/livart_dressingtb_2.jpg','product/livart_dressingtb_3.jpg','product/livart_dressingtb_4.jpg','product/livart_dressingtb_5.jpg',0),('LIVARTKITCABINET-100300001','리바트','리바트 주방수납장','LIVARTKITCABINET',50000,100000,30000,'100300001','2016-10-10 00:00:00',NULL,'product/livart_kitcabinet_1.jpg','product/livart_kitcabinet_1.jpg','product/livart_kitcabinet_1.jpg','product/livart_kitcabinet_1.jpg','product/livart_kitcabinet_1.jpg',4),('LIVARTMAT-100200004','리바트','리바트 매트리스','LIVARTMAT',50000,100000,30000,'100200004','2016-10-10 00:00:00',NULL,'product/livart_mat_1.jpg','product/livart_mat_2.jpg','product/livart_mat_3.jpg','product/livart_mat_4.jpg','product/livart_mat_5.jpg',0),('LUCOSOFA-100100001','플로바움','루코 패브릭풀커버 3인용쇼파 2colors','LUCOSOFA',172000,259000,140000,'100100001','2020-06-30 00:00:00',NULL,'product/LUCO1.jpg','product/LUCO2.jpg',NULL,NULL,'product/LUCOe.jpg',0),('MARESOFA-100100001','레이디가구','마레 에쉬원목 3인용 소파','MARESOFA',299000,499000,185000,'100100001','2020-06-03 00:00:00',NULL,'product/MARE1.jpg','product/MARE2.jpg',NULL,NULL,'product/MAREe.jpg',3),('MARKETBBEKJETROL-200100002','마켓비','BEKJE 원목트롤리 자작나무','MARKETBBEKJETROL',92000,102000,80000,'200100002','2019-10-04 00:00:00',NULL,'product/marketbbekjetrol1.jpg','product/MARKETBBEKJETROL2.jpg','product/MARKETBBEKJETROL3.jpg','product/MARKETBBEKJETROL4.jpg','product/MARKETBBEKJETROL.jpg',0),('MARKETBBRELAUMB-200300002','마켓비','BRELA 선반우산걸이 2colors','MARKETBBRELAUMB',26370,35900,20000,'200300002','2020-01-20 00:00:00',NULL,'product/marketbbrelaumb1.jpg','product/marketbbrelaumb2.jpg','product/marketbbrelaumb3.jpg','product/marketbbrelaumb4.jpg','product/marketbbrelaumb.jpg',1),('MARKETBCHEST-100200002','마켓비','마켓비 서랍장','MARKETBCHEST',50000,100000,30000,'100200002','2016-10-10 00:00:00',NULL,'product/marketb_chest_1.jpg','product/marketb_chest_2.jpg','product/marketb_chest_3.jpg','product/marketb_chest_4.jpg','product/marketb_chest_5.jpg',0),('MARKETBDINNINGCH-100300002','마켓비','마켓비 식탁의자','MARKETBDINNINGCH',50000,100000,30000,'100300002','2020-07-01 00:00:00',NULL,'product/marketb_diningch_1.jpg','product/marketb_diningch_2.jpg','product/marketb_diningch_3.jpg','product/marketb_diningch_4.jpg','product/marketb_diningch_5.jpg',3),('MARKETBDRESSINGTB-100200003','마켓비','마켓비 화장대','MARKETBDRESSINGTB',50000,100000,30000,'100200003','2016-10-10 00:00:00',NULL,'product/marketb_dressingtb_1.jpg','product/marketb_dressingtb_2.jpg','product/marketb_dressingtb_3.jpg','product/marketb_dressingtb_4.jpg','product/marketb_dressingtb_5.jpg',0),('MARKETBGRUETTROL-200100002','마켓비','GRUET 트롤리 원형 2단','MARKETBGRUETTROL',42300,66000,35000,'200100002','2019-10-04 00:00:00',NULL,'product/marketbgruettrol1.jpg','product/marketbgruettrol2.jpg','product/marketbgruettrol3.jpg','product/marketbgruettrol4.jpg','product/marketbgruettrol.jpg',0),('MARKETBKITCABINET-100300001','마켓비','마켓비 주방수납장','MARKETBKITCABINET',50000,100000,30000,'100300001','2016-10-10 00:00:00',NULL,'product/marketb_kitcabinet_1.jpg','product/marketb_kitcabinet_2.jpg','product/marketb_kitcabinet_3.jpg','product/marketb_kitcabinet_4.jpg','product/marketb_kitcabinet_5.jpg',37),('MARKETBKONTINOLIVBOX-200200001','마켓비','KONTINO 폴딩박스 68L 2colors','MARKETBKONTINOLIVBOX',29070,32300,20000,'200200001','2020-01-04 00:00:00',NULL,'product/marketbkontinolivbox1.jpg','product/marketbkontinolivbox2.jpg','product/marketbkontinolivbox3.jpg','product/marketbkontinolivbox4.jpg','product/marketbkontinolivbox.jpg',33),('MARKETBMALGOSHOE-200300001','마켓비','MALGO 신발장/선반 600 2단','MARKETBMALGOSHOE',15480,29900,10000,'200300001','2020-01-20 00:00:00',NULL,'product/marketbmalgoshoe1.jpg','product/marketbmalgoshoe2.jpg','product/marketbmalgoshoe3.jpg','product/marketbmalgoshoe4.jpg','product/marketbmalgoshoe.jpg',1),('MARKETBMAT-100200004','마켓비','마켓비 매트리스','MARKETBMAT',50000,100000,30000,'100200004','2016-10-10 00:00:00',NULL,'product/marketb_mat_1.jpg','product/marketb_mat_2.jpg','product/marketb_mat_3.jpg','product/marketb_mat_4.jpg','product/marketb_mat_5.jpg',0),('MARKETBPASARLATAN-200200002','마켓비','PASAR 잡지꽂이 라탄 CR0028','MARKETBPASARLATAN',53910,69900,45000,'200200002','2020-01-04 00:00:00',NULL,'product/marketbparsarlatan1.jpg','product/marketbparsarlatan2.jpg','product/marketbparsarlatan3.jpg','product/marketbparsarlatan4.jpg','product/marketbparsarlatan.jpg',22),('MARKETBPECREVINTAGE-200200002','마켓비','PECRE 빈티지매거진랙 PC0108RK','MARKETBPECREVINTAGE',40410,49900,30000,'200200002','2020-01-04 00:00:00',NULL,'product/marketbpecrevintage1.jpg','product/marketbpecrevintage2.jpg','product/marketbpecrevintage3.jpg','product/marketbpecrevintage4.jpg','product/marketbpecrevintage.jpg',0),('MARKETBPIGOSHOE-200300001','마켓비','PIGO 신발장 900 2colors','MARKETBPIGOSHOE',19800,29900,15000,'200300001','2020-01-04 00:00:00',NULL,'product/marketbpigoshoe1.jpg','product/marketbpigoshoe2.jpg','product/marketbpigoshoe3.jpg','product/marketbpigoshoe4.jpg','product/marketbpigoshoe.jpg',1),('MARKETBTANGTROL-200100002','마켓비','TANG 원목 트롤리 아카시아 2colors','MARKETBTANGTROL',90000,100000,80000,'200100002','2019-05-04 00:00:00',NULL,'product/marketbtangtrol1.jpg','product/marketbtangtrol2.jpg','product/marketbtangtrol3.jpg','product/marketbtangtrol4.jpg','product/marketbtangtrol.jpg',0),('MCODRAW-100100002','마레앤코','코펜하겐 1800 거실장 4colors','MCODRAW',175000,329000,110000,'100100002','2015-06-03 00:00:00',NULL,'product/MCO1.jpg','product/MCO12.jpg',NULL,NULL,'product/MCO12e.jpg',0),('MCOPOLDRAW-100100002','마레앤코','마레앤코 코펜하겐 / 폴리9 거실장 2종','MCOPOLDRAW',175000,329000,110000,'100100002','2015-06-03 00:00:00',NULL,'product/MCOPOLDRAW1.jpg','product/MCOPOLDRAW12.jpg',NULL,NULL,'product/MCOPOLDRAW12e.jpg',0),('MDFABSOFA-100100001','플로바움','모듈 패브릭레더 1인용쇼파 2color','MDFABSOFA',119000,199000,78000,'100100001','2020-06-30 00:00:00',NULL,'product/MDFAB1.jpg','product/MDFAB2.jpg',NULL,NULL,'product/MDFABe.jpg',1),('MDSTOOL-100100001','플로바움','모듈 패브릭레더 보조스툴 2color','MDSTOOL',55000,55000,39000,'100100001','2020-06-30 00:00:00',NULL,'product/MDS1.jpg','product/MDS2.jpg',NULL,NULL,'product/MDSe.jpg',0),('MFMAGICHANGER-100400002','엠에프매직','무볼트 드레스룸 조립식행거','MFMAGICHANGER',19700,34000,17730,'100400002','2019-04-06 00:00:00',NULL,'product/159055739273084102.jpg',NULL,NULL,NULL,'product/merge_BoltlessHanger_01.jpg',1),('MILANOHANGER-100400002','히트가구','밀라노 스틸행거','MILANOHANGER',112000,125000,102000,'100400002','2017-07-07 00:00:00',NULL,'product/1545207819656_jJ.jpg',NULL,NULL,NULL,'product/A_1 (3).jpg',0),('MINIFABSOFA-100100001','레이디가구','미니멀 2인용 패브릭 소파 4종택1','MINIFABSOFA',109000,159000,80000,'100100001','2020-06-03 00:00:00',NULL,'product/MINIFAB1.jpg','product/MINIFAB2.jpg',NULL,NULL,'product/MINIFABe.jpg',1),('MRAFDRAW-100100002','마레앤코','AF 확장형거실장 2colors','MRAFDRAW',179000,269000,135000,'100100002','2015-06-03 00:00:00',NULL,'product/MRAFDRAW1.jpg','product/MRAFDRAW12.jpg',NULL,NULL,'product/MRAFDRAW12e.jpg',0),('MREDRAW-100100002','마레앤코','거실장 컨셉B 1600 거실수납장','MREDRAW',169000,329000,110000,'100100002','2015-06-03 00:00:00',NULL,'product/MAREdd1.jpg','product/MAREdd2.jpg',NULL,NULL,'product/MAREdd2e.jpg',1),('MRPUREDRAW-100100002','마레앤코','퓨어 거실수납장','MRPUREDRAW',97000,239000,55000,'100100002','2015-06-03 00:00:00',NULL,'product/PUREM1.jpg','product/PUREM12.jpg',NULL,NULL,'product/pureme.jpg',3),('MRSTARDRAW-100100002','마레앤코','스타이너 거실장 2700 세트','MRSTARDRAW',229000,379000,160000,'100100002','2015-06-03 00:00:00',NULL,'product/MRSTAR1.jpg','product/MRSTAR2.jpg',NULL,NULL,'product/MRSTAR2e.jpg',1),('MRWIDEDRAW-100100002','마레앤코','와이드 거실장 플린트 2200 티비다이 3colors','MRWIDEDRAW',219000,398000,180000,'100100002','2015-06-03 00:00:00',NULL,'product/WIDEMAR1.jpg','product/WIDEMAR12.jpg',NULL,NULL,'product/WIDEMAR12e.jpg',0),('MULBAWDRAW-100100002','마레앤코','멀바우 화이트 LW-2700 거실장 풀세트','MULBAWDRAW',269000,398000,200000,'100100002','2015-06-03 00:00:00',NULL,'product/MULBAW1.jpg','product/MULBAW12.jpg',NULL,NULL,'product/MULBAW12e.jpg',0),('MULBAWSDRAW-100100002','마레앤코','멀바우 화이트 600 협탁','MULBAWSDRAW',69000,129000,35000,'100100002','2015-06-03 00:00:00',NULL,'product/MULWH1.jpg','product/MULWH12.jpg',NULL,NULL,'product/MULWHE.jpg',0),('MVSOFA-100100001','레이디가구','무브먼트 원목 소파베드/침대 3colors','MVSOFA',217000,299000,159000,'100100001','2020-06-03 00:00:00',NULL,'product/MVSOFA1.jpg','product/MVSOFA2.jpg',NULL,NULL,'product/MVSOFAe.jpg',34),('NATUREHANG6-200200002','네이쳐리빙','마리데코 행잉 6단 정리대','NATUREHANG6',6210,6900,4000,'200200002','2018-05-01 00:00:00',NULL,'product/naturehang61.jpg','product/naturehang62.jpg','product/naturehang63.jpg',NULL,'product/naturehang6.jpg',1),('NATURELIVSLIDING-200200001','네이쳐리빙','모던데일 슬라이딩 리빙박스 3종 모음','NATURELIVSLIDING',6210,6900,4000,'200200001','2019-05-01 00:00:00',NULL,'product/naturelivsl1.jpg','product/naturelivsl2.jpg','product/naturelivsl3.jpg','product/naturelivsl4.jpg','product/naturelivsl.jpg',5),('NATURESWINGTROL-200100002','네이쳐리빙','모던 트롤리 스윙 3단 빨래바구니','NATURESWINGTROL',26910,29900,15000,'200100002','2019-05-01 00:00:00',NULL,'product/naturetrol1.jpg','product/naturetrol2.jpg','product/naturetrol3.jpg','product/naturetrol4.jpg','product/naturetrol.jpg',1),('NATUREUMB-200300002','네이쳐리빙','모던 인테리어 우산꽂이','NATUREUMB',8910,9900,4000,'200300002','2020-05-01 00:00:00',NULL,'product/natureumb1.jpg','product/natureumb2.jpg',NULL,NULL,'product/natureumb.jpg',2),('NEWALMANGEC-100100001','레이디가구','뉴알망 EC패브릭 가죽 3인/4인 모듈형 소파','NEWALMANGEC',296000,499000,209000,'100100001','2020-06-30 00:00:00',NULL,'product/lady1.jpg','product/lady2.jpg',NULL,NULL,'product/ladye.jpg',3),('NEWZUTTSOFA-100100001','레이디가구','뉴주뜨 3단접이식 소파베드매트 3colors','NEWZUTTSOFA',89000,199000,60000,'100100001','2020-06-03 00:00:00',NULL,'product/NEWZUTT1.jpg','product/NEWZUTT2.jpg',NULL,NULL,'product/NEWZUTTe.jpg',1),('NNMMQQWW1-300100002','무아스','충전식 LED 큐브 타이머 무드등','NNMMQQWW1',19700,24800,17730,'300100002','2020-06-26 00:00:00',NULL,'product/NNMMQQWW1.jpg','product/NNMMQQWW1_2.jpg',NULL,NULL,'product/NNMMQQWW1_e.jpg',2),('NNMMQQWW2-300100002','무아스','문라이트 듀얼 LED벽시계 무드등','NNMMQQWW2',59700,64800,53730,'300100002','2020-06-26 00:00:00',NULL,'product/NNMMQQWW2.jpg','product/NNMMQQWW2_2.jpg',NULL,NULL,'product/NNMMQQWW2_e.jpg',0),('NNMMQQWW3-300100002','무아스','잠자는 고양이 무드등 수유등','NNMMQQWW3',15700,19800,14130,'300100002','2020-06-26 00:00:00',NULL,'product/NNMMQQWW3.jpg','product/NNMMQQWW3_2.jpg',NULL,NULL,'product/NNMMQQWW3_e.jpg',3),('NNMMQQWW4-300100002','무아스','모던심플 고속 무선충전 LED 무드등','NNMMQQWW4',24700,29800,22230,'300100002','2020-06-26 00:00:00',NULL,'product/NNMMQQWW4.jpg','product/NNMMQQWW4_2.jpg',NULL,NULL,'product/NNMMQQWW4_e.jpg',0),('NNMMQQWW5-300100002','무아스','LED 아크릴 무드등_부엉이','NNMMQQWW5',17800,29800,16020,'300100002','2020-06-26 00:00:00',NULL,'product/NNMMQQWW5.jpg','product/NNMMQQWW5_2.jpg',NULL,NULL,'product/NNMMQQWW5_e.jpg',3),('OOPPAASS1-300100001','마켓비','BAMBOU 단스탠드 E26','OOPPAASS1',46900,68000,42210,'300100001','2020-06-26 00:00:00',NULL,'product/OOPPAASS1.jpg','product/OOPPAASS1_2.jpg',NULL,NULL,'product/OOPPAASS1_e.jpg',1),('OOPPAASS2-300100001','마켓비','PAUSA 장스탠드 E26 KS2081F','OOPPAASS2',45200,69900,40680,'300100001','2017-06-26 00:00:00',NULL,'product/OOPPAASS2.jpg','product/OOPPAASS2_2.jpg',NULL,NULL,'product/OOPPAASS2_e.jpg',3),('OOPPAASS3-300100001','마켓비','KLIMT 장스탠드 E26 KS1925F','OOPPAASS3',62900,62900,56610,'300100001','2017-06-26 00:00:00',NULL,'product/OOPPAASS3.jpg','product/OOPPAASS3_2.jpg',NULL,NULL,'product/OOPPAASS3_e.jpg',0),('OOPPAASS4-300100001','마켓비','PP 단스탠드','OOPPAASS4',24900,29900,22410,'300100001','2017-06-26 00:00:00',NULL,'product/OOPPAASS4.jpg','product/OOPPAASS4_2.jpg',NULL,NULL,'product/OOPPAASS4_e.jpg',0),('OOPPAASS5-300100001','마켓비','GRACE 장스탠드 E26x3 KS2060F','OOPPAASS5',92000,99000,82800,'300100001','2017-06-26 00:00:00',NULL,'product/OOPPAASS5.jpg','product/OOPPAASS5_2.jpg',NULL,NULL,'product/OOPPAASS5_e.jpg',0),('PMBB701SOFA-100100001','폴리몰리','빈백 701C 그랜드 소파 4colors','PMBB701SOFA',149000,239000,115000,'100100001','2020-06-03 00:00:00',NULL,'product/pmbb701sofa.jpg','product/pmbb701sofa2.jpg','product/pmbb701sofa3.jpg',NULL,'product/pmbb701sofa4.jpg',1),('PMBB904SOFA-100100001','폴리몰리','빈백 904 소파 8colors','PMBB904SOFA',129000,209000,99000,'100100001','2020-06-03 00:00:00',NULL,'product/pmbb904sofa.jpg','product/pmbb904sofa2.jpg','product/pmbb904sofa3.jpg',NULL,'product/pmbb904sofa5.jpg',0),('PMBBGRANDSOFA-100100001','폴리몰리','빈백 607C 그랜드 소파 12colors','PMBBGRANDSOFA',169000,279000,139000,'100100001','2020-06-03 00:00:00',NULL,'product/pmgs.jpg','product/pmgs2.jpg','product/pmgs3.jpg',NULL,'product/pmgs4.jpg',0),('PPOOAASS1-300100002','필립스','단스탠드 무드등','PPOOAASS1',11400,11400,10260,'300100002','2020-06-26 00:00:00',NULL,'product/PPOOAASS1.jpg','product/PPOOAASS1_2.jpg',NULL,NULL,'product/PPOOAASS1_e.jpg',1),('PPOOAASS2-300100002','필립스','소프트팔 디즈니 미키마우스 무드등 취침등 USB','PPOOAASS2',19800,19800,17820,'300100002','2020-06-26 00:00:00',NULL,'product/PPOOAASS2.jpg','product/PPOOAASS2_2.jpg',NULL,NULL,'product/PPOOAASS2_e.jpg',1),('PPOOAASS3-300100002','필립스','소프트팔 디즈니 소피아 무드등 취침등','PPOOAASS3',17900,17900,16110,'300100002','2020-06-26 00:00:00',NULL,'product/PPOOAASS3.jpg','product/PPOOAASS3_2.jpg',NULL,NULL,'product/PPOOAASS3_e.jpg',0),('PPOOAASS4-300100002','필립스','소프트팔 디즈니 마이크 무드등 취침등 USB','PPOOAASS4',19800,19800,17820,'300100002','2020-06-26 00:00:00',NULL,'product/PPOOAASS4.jpg','product/PPOOAASS4_2.jpg',NULL,NULL,'product/PPOOAASS4_e.jpg',1),('PPOOAASS5-300100002','필립스','LED 무드등 펭귄 취침등','PPOOAASS5',49000,65000,44100,'300100002','2020-06-26 00:00:00',NULL,'product/PPOOAASS5.jpg','product/PPOOAASS5_2.jpg',NULL,NULL,'product/PPOOAASS5_e.jpg',2),('PPOOAASS6-300100002','필립스','다스베이더 무드등 취침등','PPOOAASS6',12500,12500,11250,'300100002','2020-06-26 00:00:00',NULL,'product/PPOOAASS6.jpg','product/PPOOAASS6_2.jpg',NULL,NULL,'product/PPOOAASS6_e.jpg',0),('PRAHABDRAW-100100002','마레앤코','프라하반 1200 높은 거실장 3colors','PRAHABDRAW',149000,298000,99000,'100100002','2015-06-03 00:00:00',NULL,'product/PRAHA1.jpg','product/PRAHA2.jpg',NULL,NULL,'product/PRAHA2e.jpg',1),('QQWWEERR1-300100001','올루미','오로라 단스탠드','QQWWEERR1',22000,55000,19800,'300100001','2014-06-03 00:00:00',NULL,'product/QQWWEERR1.jpg','product/QQWWEERR1_2.jpg',NULL,NULL,'product/QQWWEERR1_e.jpg',0),('QQWWEERR2-300100001','올루미','코니아일랜드 장스탠드','QQWWEERR2',38000,91000,34200,'300100001','2014-06-03 00:00:00',NULL,'product/QQWWEERR2.jpg','product/QQWWEERR2_2.jpg',NULL,NULL,'product/QQWWEERR2_e.jpg',1),('QQWWEERR3-300100001','올루미','버치 단스탠드','QQWWEERR3',25000,69000,22500,'300100001','2014-06-03 00:00:00',NULL,'product/QQWWEERR3.jpg','product/QQWWEERR3_2.jpg',NULL,NULL,'product/QQWWEERR3_e.jpg',0),('QQWWEERR4-300100001','올루미','멜팅 단스탠드','QQWWEERR4',39000,65000,35100,'300100001','2014-06-03 00:00:00',NULL,'product/QQWWEERR4.jpg','product/QQWWEERR4_2.jpg',NULL,NULL,'product/QQWWEERR4_e.jpg',0),('QQWWEERR5-300100001','올루미','캐슬 장스탠드','QQWWEERR5',128000,225000,118000,'300100001','2014-06-03 00:00:00',NULL,'product/QQWWEERR5.jpg','product/QQWWEERR5_2.jpg',NULL,NULL,'product/QQWWEERR5_e.jpg',0),('RABIASOFA-100100001','플로바움','라비아 인조가죽 3인용 쇼파 2colors','RABIASOFA',279000,369000,210000,'100100001','2020-06-30 00:00:00',NULL,'product/RABIA1.jpg','product/RABIA12.jpg',NULL,NULL,'product/RABIAe.jpg',1),('REVENSEBAG-200200002','리벤스','밴티지 가방걸이 정리함','REVENSEBAG',9810,21900,8000,'200200002','2020-06-30 00:00:00',NULL,'product/revensebag1.jpg',NULL,NULL,NULL,'product/revensebag.jpg',0),('REVENSEBASICLIVBOX-200200001','리벤스','1+1 베이직 리빙박스 56L 2colors','REVENSEBASICLIVBOX',11610,29900,8000,'200200001','2020-06-30 00:00:00',NULL,'product/revensebasiclivbox1.jpg','product/revensebasiclivbox2.jpg',NULL,NULL,'product/revensebasiclivbox.jpg',77),('REVENSECLASSICLIVBOX-200200001','리벤스','1+1 클래식 리빙박스 56L','REVENSECLASSICLIVBOX',9810,21900,8000,'200200001','2020-06-30 00:00:00',NULL,'product/revenseclassiclivbox1.jpg',NULL,NULL,NULL,'product/revenseclassiclivbox.jpg',1),('REVENSEVANTAGELIVBOX-200200001','리벤스','밴티지 옷정리함 63L','REVENSEVANTAGELIVBOX',9810,21900,8000,'200200001','2020-06-30 00:00:00',NULL,'product/revensevantagelivbox1.jpg',NULL,NULL,NULL,'product/revensevantagelivbox.jpg',43),('REVENSEVERS10-200200002','리벤스','밴티지 다용도 10단 정리함','REVENSEVERS10',9810,21900,8000,'200200002','2020-06-30 00:00:00',NULL,'product/revensevers101.jpg',NULL,NULL,NULL,'product/revensevers10.jpg',885),('ROOMNHOMELEAFSHOEHOLD-200200002','룸앤홈','리프 거실화홀더','ROOMNHOMELEAFSHOEHOLD',9810,29000,8000,'200200002','2020-06-30 00:00:00',NULL,'product/roomnhomeleafshoehold1.jpg',NULL,NULL,NULL,'product/roomnhomeleafshoehold.jpg',43),('ROOMNHOMELOFTSHOEL-200300001','룸앤홈','로프트 신발정리대 슈즈렉 간이신발장','ROOMNHOMELOFTSHOEL',26910,42900,20000,'200300001','2020-06-30 00:00:00',NULL,'product/roomnhomeloftshoel1.jpg','product/roomnhomeloftshoel2.jpg','product/roomnhomeloftshoel3.jpg',NULL,'product/roomnhomeloftshoel.jpg',1),('ROOMNHOMEQOOTROL-200100002','룸앤홈','쿠쿠 원목 트롤리','ROOMNHOMEQOOTROL',38160,59000,35000,'200100002','2020-06-30 00:00:00',NULL,'product/roomnhomeqootrol1.jpg',NULL,NULL,NULL,'product/roomnhomeqootrol.jpg',444),('ROOMNHOMETOWERBOOK-200200002','룸앤홈','타워잡지꽂이','ROOMNHOMETOWERBOOK',17910,39900,15000,'200200002','2020-06-30 00:00:00',NULL,'product/roomnhometowerbook1.jpg','product/roomnhometowerbook2.jpg','product/roomnhometowerbook3.jpg',NULL,'product/roomnhometowerbook.jpg',1),('ROOMNHOMETROL3-200100002','룸앤홈','패트릭3단 트롤리 3colors','ROOMNHOMETROL3',44910,79900,35000,'200100002','2020-06-30 00:00:00',NULL,'product/roomnhometrol31.jpg',NULL,NULL,NULL,'product/roomnhometrol3.jpg',0),('SCARLETHANGER600-100400002','히트가구','스칼렛 600 서랍행거','SCARLETHANGER600',66900,84000,60210,'100400002','2020-06-30 00:00:00',NULL,'product/1591164771_102876_13.jpg',NULL,NULL,NULL,'product/A_1 (2).jpg',25),('SCARLETHANGERBAQI-100400002','히트가구','스칼렛 600 수납행거 바퀴형','SCARLETHANGERBAQI',66900,84000,60210,'100400002','2020-06-30 00:00:00',NULL,'product/1591164776_102872_13.jpg',NULL,NULL,NULL,'product/A_1 (4).jpg',13),('SDHUGEH-100100004','상도가구','휘게홈 거실 소파테이블 좌탁','SDHUGEH',72900,150000,50000,'100100004','2020-06-30 00:00:00','2020-07-01 17:53:48','product/SDHUGEH1.jpg','product/SDHUGEH2.jpg',NULL,NULL,'product/SDHUGEHe.jpg',15),('SDKERENSIA-100100004','상도가구','케렌시아 커피테이블 다용도 거실좌탁 2colors','SDKERENSIA',27900,49000,15000,'100100004','2020-06-30 00:00:00','2020-07-01 17:53:48','product/SDKERENSIA1.jpg','product/QR_coffeetable_Q812_05.jpg',NULL,NULL,'product/SDKERENSIAe.jpg',555),('SDKERENSIA2-100100004','상도가구','케렌시아 소파테이블 2size','SDKERENSIA2',32900,52000,20000,'100100004','2020-06-30 00:00:00','2020-07-01 17:53:48','product/SDKERENSIA21.jpg','product/SDKERENSIA22.jpg',NULL,NULL,'product/SDKERENSIA22e.jpg',44),('SDLIZTABLE-100100004','상도가구','리즈 대리석 거실테이블 비앙코 마블 2type','SDLIZTABLE',185000,460000,130000,'100100004','2020-06-26 00:00:00','2020-07-01 17:53:48','product/SDLIZTABLE1.jpg','product/SDLIZTABLE2.jpg',NULL,NULL,'product/SDLIZTABLEe.jpg',78),('SELESTACHEST-100200002','셀레스타','셀레스타 서랍장','SELESTACHEST',50000,100000,30000,'100200002','2016-10-10 00:00:00',NULL,'product/selesta_chest_1.jpg','product/selesta_chest_2.jpg','product/selesta_chest_3.jpg','product/selesta_chest_4.jpg','product/selesta_chest_5.jpg',0),('SELESTADRESSINGTB-100200003','셀레스타','셀레스타 화장대','SELESTADRESSINGTB',50000,100000,30000,'100200003','2016-10-10 00:00:00',NULL,'product/selesta_dressingtb_1.jpg','product/selesta_dressingtb_2.jpg','product/selesta_dressingtb_3.jpg','product/selesta_dressingtb_4.jpg','product/selesta_dressingtb_5.jpg',1),('SELESTAKITCABINET-100300001','셀레스타','셀레스타 주방수납장','SELESTAKITCABINET',50000,100000,30000,'100300001','2020-07-01 00:00:00',NULL,'product/selesta_kitcabinet_1.jpg','product/selesta_kitcabinet_2.jpg','product/selesta_kitcabinet_3.jpg','product/selesta_kitcabinet_4.jpg','product/selesta_kitcabinet_5.jpg',4),('SELESTAMAT-100200004','셀레스타','셀레스타 매트리스','SELESTAMAT',50000,100000,30000,'100200004','2020-07-01 00:00:00',NULL,'product/selesta_mat_1.jpg','product/selesta_mat_2.jpg','product/selesta_mat_3.jpg','product/selesta_mat_4.jpg','product/selesta_mat_5.jpg',0),('SERIOSOFA-100100001','레이디가구','세리오 프리미엄 천연황소가죽 면피쇼파 3colors 3size','SERIOSOFA',429000,899000,319000,'100100001','2020-06-30 00:00:00',NULL,'product/SERIO1.jpg','product/SERIO2.jpg',NULL,NULL,'product/SERIOe.jpg',1),('SHABASDRAWER3L-200100001','샤바스','컬러스토리 서랍장 3단','SHABASDRAWER3L',39900,59900,35910,'200100001','2016-09-01 00:00:00',NULL,'product/156372370594460548.jpg','',NULL,NULL,'product/A_3.jpg',0),('SHABASDRAWER5L-200100001','샤바스','컬러스토리 서랍장 5단','SHABASDRAWER5L',59900,100000,53910,'200100001','2016-09-01 00:00:00',NULL,'product/158993810023931261.jpg',NULL,NULL,NULL,'product/400_1020.jpg',0),('SHABASWIDE5L-200100001','샤바스','컬러스토리 와이드 서랍장 5단','SHABASWIDE5L',79900,120000,71910,'200100001','2016-09-01 00:00:00',NULL,'product/158993783742346727.jpg',NULL,NULL,NULL,'product/intro.jpg',0),('SHINEHANGER-100400002','히트가구','샤인행거','SHINEHANGER',134900,154900,124900,'100400002','2017-07-07 00:00:00',NULL,'product/1591155420_103094_13.jpg',NULL,NULL,NULL,'product/A_1 (5).jpg',0),('SIDUSTIL-100200001','상일리베가구','더스틸 철제 침대 프레임 (SS/Q/DB)','SIDUSTIL',79900,199000,40000,'100200001','2015-06-03 00:00:00','2020-07-01 17:48:42','product/SIDUSTIL.jpg','product/SIDUSTIL1.jpg',NULL,NULL,'product/SIDUSTILe.jpg',50),('SIIRON-100200001','상일리베가구','아이언 벙커 이층침대 2type 4colors','SIIRON',299000,499000,210000,'100200001','2015-06-03 00:00:00','2020-07-01 17:53:48','product/SIIRON.jpg','product/SIIRON1.jpg',NULL,NULL,'product/SIIRONe.jpg',12),('SIMABLE-100100004','상일리베가구','마블대리석/진주석 소파테이블 11types','SIMABLE',177000,399000,110000,'100100004','2015-06-03 00:00:00','2020-07-01 17:53:48','product/SIMABLE1.jpg','product/SIMABLE2.jpg',NULL,NULL,'product/SIMABLEe.jpg',3),('SIPEANUT-100100004','상일리베가구','피넛 소파 테이블 2colors','SIPEANUT',29900,39000,18000,'100100004','2015-06-03 00:00:00','2020-07-01 17:53:48','product/SIPEANUT.jpg','product/SIPEANUT1.jpg',NULL,NULL,'product/SIPEANUTe.jpg',225),('SIROBE-100200001','상일리베가구','로브 원룸형 싱글침대 풀세트(원목프레임+통깔판+매트리스)','SIROBE',89000,108000,60000,'100200001','2015-06-03 00:00:00','2020-07-01 17:53:48','product/SIROBE.jpg','product/SIROBE1.jpg',NULL,NULL,'product/SIROBEe.jpg',53),('SISONAMU-100100004','상일리베가구','소나무 원목 접이식테이블','SISONAMU',76900,88600,55000,'100100004','2015-06-03 00:00:00','2020-07-01 17:53:48','product/SISONAMU.jpg','product/SISONAMU1.jpg',NULL,NULL,'product/SISONAMUe.jpg',66),('SNAILDRAWERA-200100001','달팽이리빙','드마망 시스템 서랍장(A세트)','SNAILDRAWERA',33500,57000,30150,'200100001','2015-06-01 00:00:00',NULL,'product/159002995130712018.jpg','product/159002995729538099.jpg',NULL,NULL,'product/1_1590038561345_rFamqMwpR.jpg',2),('SNAILDRAWERB-200100001','달팽이리빙','드마망 시스템 서랍장(B세트)','SNAILDRAWERB',33500,57000,30150,'200100001','2015-06-01 00:00:00',NULL,'product/159003626142575960.jpg','product/159003626391479006.jpg',NULL,NULL,'product/1_1590038561345_rFamqMwpR.jpg',0),('SNAILDRAWERC-200100001','달팽이리빙','드마망 시스템 서랍장(C세트)','SNAILDRAWERC',33500,57000,30150,'200100001','2015-06-01 00:00:00',NULL,'product/159003840691820404.jpg','product/159003841069661087.jpg',NULL,NULL,'product/1_1590038561345_rFamqMwpR.jpg',1),('SSDCLEANERCAB-200200002','스스디','스스디 다용도 청소기정리함 청소기보관함','SSDCLEANERCAB',149000,159000,100000,'200200002','2019-05-01 00:00:00',NULL,'product/ssdcleaner1.jpg','product/ssdcleaner2.jpg','product/ssdcleaner3.jpg','product/ssdcleaner4.jpg','product/ssdcleaner.jpg',0),('SSDSLIDINGCAB-200100002','스스디','슬라이딩 틈새수납장 11Size3Color','SSDSLIDINGCAB',70200,78000,60000,'200100002','2019-05-01 00:00:00',NULL,'product/ssdsliding1.jpg','product/ssdsliding2.jpg','product/ssdsliding3.jpg','product/ssdsliding4.jpg','product/ssdsliding.jpg',55),('TRINYDRAW-100100002','상일리베가구','트리니 거실장 협탁 5종택1','TRINYDRAW',62900,150000,50000,'100100002','2015-06-03 00:00:00',NULL,'product/TRINY1.jpg','product/TRINY2.jpg',NULL,NULL,'product/TRINYe.jpg',4),('TTYYUUII1-300100001','이케아','ARSTID 오르스티드 단스탠드','TTYYUUII1',29900,31400,26910,'300100001','2015-06-03 00:00:00',NULL,'product/TTYYUUII1.jpg','product/TTYYUUII1_2.jpg',NULL,NULL,'product/TTYYUUII1_e.jpg',5),('TTYYUUII2-300100001','이케아','LERSTA 레르스타 장스탠드','TTYYUUII2',18900,23900,17010,'300100001','2020-06-26 00:00:00',NULL,'product/TTYYUUII2.jpg','product/TTYYUUII2_2.jpg',NULL,NULL,'product/TTYYUUII2_e.jpg',44),('TTYYUUII3-300100001','이케아','NYMANE 뉘모네 장스탠드','TTYYUUII3',93900,93900,84510,'300100001','2014-02-03 00:00:00',NULL,'product/TTYYUUII3.jpg','product/TTYYUUII3_2.jpg',NULL,NULL,'product/TTYYUUII3_e.jpg',456),('TTYYUUII4-300100001','이케아','HOLMO 홀뫼 장스탠드','TTYYUUII4',16900,16900,15210,'300100001','2014-06-15 00:00:00',NULL,'product/TTYYUUII4.jpg','product/TTYYUUII4_2.jpg',NULL,NULL,'product/TTYYUUII4_e.jpg',55),('TTYYUUII5-300100001','이케아','SKOJIG 탁상스탠드','TTYYUUII5',43900,43900,39510,'300100001','2014-06-26 00:00:00',NULL,'product/TTYYUUII5.jpg','product/TTYYUUII5_2.jpg',NULL,NULL,'product/TTYYUUII5_e.jpg',563),('UNITDRAW-100100002','상일리베가구','유닛모듈 TV 거실장 협탁 2colors','UNITDRAW',48900,99000,35000,'100100002','2015-06-03 00:00:00',NULL,'product/UNIT1.jpg','product/UNIT2.jpg',NULL,NULL,'product/UNITe.jpg',22),('UUIIOOPP1-300100002','레이문','드림캐쳐 달 무드등','UUIIOOPP1',27900,37900,25110,'300100002','2018-06-26 00:00:00',NULL,'product/UUIIOOPP1.jpg','product/UUIIOOPP1_2.png','product/UUIIOOPP1_22.png',NULL,'product/UUIIOOPP1_e.jpg',1),('UUIIOOPP2-300100002','레이문','주문제작 드로잉커스텀 무드등','UUIIOOPP2',26000,36000,23400,'300100002','2018-06-26 00:00:00',NULL,'product/UUIIOOPP2.jpg','',NULL,NULL,'product/UUIIOOPP2_e.jpg',1),('UUIIOOPP3-300100002','레이문','레이문 롱 이니셜 아크릴 조명 무드등','UUIIOOPP3',34900,39900,31410,'300100002','2018-06-26 00:00:00',NULL,'product/UUIIOOPP3.jpg','product/1_1547045704284_g5F3v9.jpg',NULL,NULL,'product/UUIIOOPP3_e.jpg',1),('UUIIOOPP4-300100002','레이문','카네이션 어버이날 스승의날 무드등','UUIIOOPP4',17000,34000,15300,'300100002','2018-06-26 00:00:00',NULL,'product/UUIIOOPP4.jpg','product/UUIIOOPP4_2.jpg',NULL,NULL,'product/UUIIOOPP4_e.jpg',4),('WASHFABSOFA-100100001','레이디가구','워셔블 패브릭소파 3colors','WASHFABSOFA',329000,499000,229000,'100100001','2020-06-03 00:00:00',NULL,'product/WASFAB1.jpg','product/WASFAB12.jpg',NULL,NULL,'product/WASFABe.jpg',11),('WESTFROMCHEST-100200002','웨스트프롬','웨스트프롬 서랍장','WESTFROMCHEST',50000,100000,30000,'100200002','2016-10-10 00:00:00',NULL,'product/westfrom_chest_1.jpg','product/westfrom_chest_2.jpg','product/westfrom_chest_3.jpg','product/westfrom_chest_4.jpg','product/westfrom_chest_5.jpg',11),('WESTFROMDRESSINGTB-100200003','웨스트프롬','웨스트프롬 화장대','WESTFROMDRESSINGTB',50000,100000,30000,'100200003','2020-07-01 00:00:00',NULL,'product/westfrom_dressingtb_1.jpg','product/westfrom_dressingtb_2.jpg','product/westfrom_dressingtb_3.jpg','product/westfrom_dressingtb_4.jpg','product/westfrom_dressingtb_5.jpg',11),('WIZHOMELIVBOXOPEN-200200001','위즈홈','오픈도어 인테리어 리빙박스 수납함 1P','WIZHOMELIVBOXOPEN',17910,29900,13000,'200200001','2020-01-23 00:00:00',NULL,'product/wizhomelivboxopen1.jpg','product/wizhomelivboxopen2.jpg','product/wizhomelivboxopen3.jpg','product/wizhomelivboxopen4.jpg','product/wizhomelivboxopen.jpg',11),('WIZHOMETEDTROL3-200100002','위즈홈','테드 이동식 트롤리 수납선반 3단','WIZHOMETEDTROL3',11610,21900,7000,'200100002','2020-01-20 00:00:00',NULL,'product/wizhometedtrol1.jpg','product/wizhometedtrol2.jpg','product/wizhometedtrol3.jpg','product/wizhometedtrol4.jpg','product/wizhometedtrol.jpg',11),('WIZHOMEWOODMOV3-200100002','위즈홈','원목무늬 다용도 이동식 선반 3단','WIZHOMEWOODMOV3',24210,41900,18000,'200100002','2020-01-23 00:00:00',NULL,'product/wizhomewoodmov31.jpg','product/wizhomewoodmov32.jpg','product/wizhomewoodmov33.jpg',NULL,'product/wizhomewoodmov3.jpg',11),('XXCCVVBB1-300100002','오아','이지탭 LED 조명 수유등 무드등','XXCCVVBB1',31900,37200,28710,'300100002','2016-06-26 00:00:00',NULL,'product/XXCCVVBB1.jpg','product/XXCCVVBB1_2.jpg',NULL,NULL,'product/XXCCVVBB1_e.jpg',456),('XXCCVVBB2-300100002','오아','무드 가습기 1000ml 무드등 미니 초음파 가습기','XXCCVVBB2',38900,52000,35010,'300100002','2016-06-26 00:00:00',NULL,'product/XXCCVVBB2.jpg','product/XXCCVVBB2_2.jpg',NULL,NULL,'product/XXCCVVBB2_e.jpg',11),('XXCCVVBB3-300100002','오아','안개 가습기 500ml 무드등 리모컨 초음파 미니가습기','XXCCVVBB3',33900,39900,30510,'300100002','2016-06-26 00:00:00',NULL,'product/XXCCVVBB3.jpg','product/XXCCVVBB3_2.jpg',NULL,NULL,'product/XXCCVVBB3_e.jpg',11),('XXCCVVBB4-300100002','오아','튤립 뉴 부케 LED 무드등','XXCCVVBB4',28900,49900,26010,'300100002','2016-06-26 00:00:00',NULL,'product/XXCCVVBB4.jpg','product/XXCCVVBB4_2.jpg',NULL,NULL,'product/XXCCVVBB4_e.jpg',2),('XXCCVVBB5-300100002','오아','블링 LED 조명거울+무드등','XXCCVVBB5',34900,39900,31410,'300100002','2016-06-26 00:00:00',NULL,'product/XXCCVVBB5.jpg','product/XXCCVVBB5_2.jpg',NULL,NULL,'product/XXCCVVBB5_e.jpg',2),('ZUTTSOFA-100100001','레이디가구','주뜨 소파베드 2size 3colors','ZUTTSOFA',134000,229000,88000,'100100001','2020-06-03 00:00:00',NULL,'product/ZUTT1.jpg','product/ZUTT2.jpg',NULL,NULL,'product/ZUTTe.jpg',123);
/*!40000 ALTER TABLE `product` ENABLE KEYS */;
UNLOCK TABLES;

--
-- Table structure for table `productoption`
--

DROP TABLE IF EXISTS `productoption`;
/*!40101 SET @saved_cs_client     = @@character_set_client */;
/*!50503 SET character_set_client = utf8mb4 */;
CREATE TABLE `productoption` (
  `productOptionNo` varchar(100) CHARACTER SET utf8 COLLATE utf8_bin NOT NULL COMMENT '상품옵션번호',
  `productNo` varchar(100) CHARACTER SET utf8 COLLATE utf8_bin NOT NULL COMMENT '상품번호',
  `colorCode` varchar(20) CHARACTER SET utf8 COLLATE utf8_bin NOT NULL COMMENT '색상코드',
  `productQty` int NOT NULL COMMENT '총수량',
  `productSellingQty` int DEFAULT NULL COMMENT '총판매량',
  PRIMARY KEY (`productOptionNo`),
  KEY `FK_color_TO_productOption` (`colorCode`),
  KEY `FK_product_TO_productOption` (`productNo`),
  CONSTRAINT `FK_color_TO_productOption` FOREIGN KEY (`colorCode`) REFERENCES `color` (`colorCode`) ON DELETE CASCADE ON UPDATE CASCADE,
  CONSTRAINT `FK_product_TO_productOption` FOREIGN KEY (`productNo`) REFERENCES `product` (`productNo`) ON DELETE CASCADE ON UPDATE CASCADE
) ENGINE=InnoDB DEFAULT CHARSET=utf8 COLLATE=utf8_bin COMMENT='상품옵션';
/*!40101 SET character_set_client = @saved_cs_client */;

--
-- Dumping data for table `productoption`
--

LOCK TABLES `productoption` WRITE;
/*!40000 ALTER TABLE `productoption` DISABLE KEYS */;
INSERT INTO `productoption` VALUES ('AASSDDFF1-300200001-000000','AASSDDFF1-300200001','000000',25,6),('AASSDDFF2-300200001-000000','AASSDDFF2-300200001','000000',25,4),('AASSDDFF3-300200001-000000','AASSDDFF3-300200001','000000',25,3),('AASSDDFF4-300200001-000000','AASSDDFF4-300200001','000000',25,3),('AASSDDFF5-300200001-000000','AASSDDFF5-300200001','000000',25,6),('ALLENHANGER-100400002-ECE6CC','ALLENHANGER-100400002','ECE6CC',100,66),('ALLLIVINGBLACKLIVBOX-200200001-000000','ALLLIVINGBLACKLIVBOX-200200001','000000',100,3),('ALLLIVINGCROSSLIVBOX-200200001-000000','ALLLIVINGCROSSLIVBOX-200200001','000000',100,11),('ALLLIVINGCURVLIVBOX-200200001-736F6E','ALLLIVINGCURVLIVBOX-200200001','736F6E',100,22),('ALLLIVINGCURVLIVBOX-200200001-FFFFFF','ALLLIVINGCURVLIVBOX-200200001','FFFFFF',100,45),('ALLLIVINGJELLIVBOX-200200001-006633','ALLLIVINGJELLIVBOX-200200001','006633',100,21),('ALLLIVINGJELLIVBOX-200200001-736F6E','ALLLIVINGJELLIVBOX-200200001','736F6E',100,32),('ALLLIVINGJELLIVBOX-200200001-FF99CC','ALLLIVINGJELLIVBOX-200200001','FF99CC',100,45),('ALLLIVINGWOODSHOE-200300001-663300','ALLLIVINGWOODSHOE-200300001','663300',100,33),('ALMANGSOFA-100100001-FF99CC','ALMANGSOFA-100100001','FF99CC',100,50),('ANDPLASTICCHEST-100200002-663300','ANDPLASTICCHEST-100200002','663300',100,33),('ANDPLASTICCHEST-100200002-FF99CC','ANDPLASTICCHEST-100200002','FF99CC',100,44),('ANDPLASTICCHEST-100200002-FFFFFF','ANDPLASTICCHEST-100200002','FFFFFF',100,34),('ASSIBANGKYLE-100400001-736F6E','ASSIBANGKYLE-100400001','736F6E',100,22),('ASSIBANGLAY-100400001-ECE6CC','ASSIBANGLAY-100400001','ECE6CC',100,11),('ASSIBANGSLIDING-100400001-FFFF00','ASSIBANGSLIDING-100400001','FFFF00',100,23),('BANESDECOLIVBOX-200200001-663300','BANESDECOLIVBOX-200200001','663300',100,89),('BANESDECOLOYDNTROL-200100002-663300','BANESDECOLOYDNTROL-200100002','663300',100,77),('BANESDECOLOYDNTROL-200100002-FFFFFF','BANESDECOLOYDNTROL-200100002','FFFFFF',100,5),('BANESDECOTROL4-200100002-000000','BANESDECOTROL4-200100002','000000',100,42),('BANESDECOTROL4-200100002-FFFFFF','BANESDECOTROL4-200100002','FFFFFF',100,45),('BANIELSOFA-100100001-FFFF00','BANIELSOFA-100100001','FFFF00',150,80),('BARDRAW-100100002-000000','BARDRAW-100100002','000000',100,30),('BARDRAW-100100002-663300','BARDRAW-100100002','663300',100,20),('BBLINOSOFA-100100001-ECE6CC','BBLINOSOFA-100100001','ECE6CC',100,10),('BONOESSENTIAL-200100001-ECE6CC','BONOKIDSWOOD-200100001','ECE6CC',100,76),('BONOKIDSA-200100001-736F6E','BONOKIDSA-200100001','736F6E',100,44),('BONOKIDSHAPPY-200100001-ECE6CC','BONOKIDSHAPPY-200100001','ECE6CC',100,42),('BONOKIDSHAPPYOAK-200100001-736F6E','BONOKIDSHAPPYOAK-200100001','736F6E',100,11),('BONOKIDSPLA-200100001-000080','BONOKIDSPLA-200100001','000080',100,1),('BONOKIDSWOOD-200100001-ECE6CC','BONOKIDSWOOD-200100001','ECE6CC',100,2),('BONONATURAL4-200100001-ECE6CC','BONONATURAL4-200100001','ECE6CC',100,3),('BONONATURAL5-200100001-ECE6CC','BONONATURAL5-200100001','ECE6CC',100,4),('BONOWHITE4-200100001-0000FF','BONOWHITE4-200100001','0000FF',100,5),('BONOWHITE5-200100001-0000FF','BONOWHITE5-200100001','0000FF',100,6),('CAFEFABRICAWB-100100001-663300','CAFEFABRICAWB-100100001','663300',200,100),('CAFEFABRICAWB-100100001-736F6E','CAFEFABRICAWB-100100001','736F6E',200,50),('CAFEFABRICAWB-100100001-ECE6CC','CAFEFABRICAWB-100100001','ECE6CC',200,50),('CFARM-100100003-0000FF','CFARM-100100003','0000FF',100,2),('CFARM-100100003-FF99CC','CFARM-100100003','FF99CC',100,35),('CFDALIA-100100003-663300','CFDALIA-100100003','663300',100,2),('CFHEY-100100003-000000','CFHEY-100100003','000000',100,4),('CFHEY-100100003-663300','CFHEY-100100003','663300',100,88),('CFLATAN-100100003-000000','CFLATAN-100100003','000000',100,11),('CFLATAN-100100003-663300','CFLATAN-100100003','663300',100,2),('CFSERENA-100100003-663300','CFSERENA-100100003','663300',100,3),('CFSEVEN-100100003-000000','CFSEVEN-100100003','000000',50,8),('CFSEVEN-100100003-006633','CFSEVEN-100100003','006633',50,9),('CFSEVEN-100100003-FFFFFF','CFSEVEN-100100003','FFFFFF',50,15),('CFWOOD-100100003-000000','CFWOOD-100100003','000000',100,22),('CFWOOD-100100003-663300','CFWOOD-100100003','663300',100,41),('CHANGBLANG-200200002-663300','CHANGBLANG-200200002','663300',100,6),('CHANGLIVBOX-200200001-FFFFFF','CHANGLIVBOX-200200001','FFFFFF',100,53),('CHANGSHOE-200300001-663300','CHANGSHOE-200300001','663300',100,22),('CHANGSHOE-200300001-ECE6CC','CHANGSHOE-200300001','ECE6CC',100,11),('CHANGSLIM4-200100002-736F6E','CHANGSLIM4-200100002','736F6E',100,24),('CHANGUMB-200300002-736F6E','CHANGUMB-200300002','736F6E',100,6),('CINDYSOFA-100100001-663300','CINDYSOFA-100100001','663300',100,8),('CUSFABSOFA-100100001-0000FF','CUSFABSOFA-100100001','0000FF',100,6),('CUSFABSOFA-100100001-663300','CUSFABSOFA-100100001','663300',100,5),('DAYATDRAW-100100002-FFFFFF','DAYATDRAW-100100002','FFFFFF',100,7),('DDFFGGHH1-300100001-000000','DDFFGGHH1-300100001','000000',50,45),('DDFFGGHH1-300100001-0000FF','DDFFGGHH1-300100001','0000FF',50,45),('DDFFGGHH2-300100001-000000','DDFFGGHH2-300100001','000000',50,33),('DDFFGGHH2-300100001-0000FF','DDFFGGHH2-300100001','0000FF',50,33),('DDFFGGHH3-300100001-000000','DDFFGGHH3-300100001','000000',50,22),('DDFFGGHH3-300100001-0000FF','DDFFGGHH3-300100001','0000FF',50,1),('DDFFGGHH4-300100001-000000','DDFFGGHH4-300100001','000000',50,1),('DDFFGGHH4-300100001-0000FF','DDFFGGHH4-300100001','0000FF',50,32),('DDFFGGHH5-300100001-000000','DDFFGGHH5-300100001','000000',50,1),('DDFFGGHH5-300100001-0000FF','DDFFGGHH5-300100001','0000FF',50,2),('DESTRASOFA-100100001-000000','DESTRASOFA-100100001','000000',100,9),('DESTRASOFA-100100001-0000FF','DESTRASOFA-100100001','0000FF',100,9),('DINEASH-100100001-000080','DINEASH-100100001','000080',200,18),('DINEASH-100100001-736F6E','DINEASH-100100001','736F6E',200,18),('DINEASHSOFA-100100001-0000FF','DINEASHSOFA-100100001','0000FF',100,50),('DINEASHSOFA-100100001-FF99CC','DINEASHSOFA-100100001','FF99CC',100,50),('DINESOFA-100100001-FF99CC','DINESOFA-100100001','FF99CC',100,10),('DK010-100100001-736F6E','DK010-100100001','736F6E',100,10),('DK013-100100001-ECE6CC','DK013-100100001','ECE6CC',100,51),('DK028-100100001-0000FF','DK028-100100001','0000FF',100,60),('DK028-100100001-FF99CC','DK028-100100001','FF99CC',100,60),('DK032-100100001-0000FF','DK032-100100001','0000FF',100,80),('DK037-100100001-736F6E','DK037-100100001','736F6E',100,1),('DK051-100100001-736F6E','DK051-100100001','736F6E',100,2),('DK052-100100001-000000','DK052-100100001','000000',100,77),('DK052-100100001-736F6E','DK052-100100001','736F6E',100,23),('DK055-100100001-0000FF','DK055-100100001','0000FF',100,90),('DK056-100100001-FFFFFF','DK056-100100001','FFFFFF',100,44),('DK063-100100001-0000FF','DK063-100100001','0000FF',100,5),('DK080-100100001-ECE6CC','DK080-100100001','ECE6CC',100,64),('DK085-100100001-000000','DK085-100100001','000000',100,62),('DK086-100100001-FFFF00','DK086-100100001','FFFF00',100,73),('DK203-100100001-0000FF','DK203-100100001','0000FF',100,67),('DK207-100100001-0000FF','DK207-100100001','0000FF',100,55),('DK207-100100001-ECE6CC','DK207-100100001','ECE6CC',100,33),('ECOTROL32-200100002-000000','ECOTROL32-200100002','000000',100,44),('ECOTROL32-200100002-FFFFFF','ECOTROL32-200100002','FFFFFF',100,73),('ECOWOODSHOE-200300001-663300','ECOWOODSHOE-200300001','663300',100,54),('EERRTTYY1-300100002-000000','EERRTTYY1-300100002','000000',50,33),('EERRTTYY2-300100002-000000','EERRTTYY2-300100002','000000',50,22),('EERRTTYY3-300100002-000000','EERRTTYY3-300100002','000000',50,21),('EERRTTYY4-300100002-000000','EERRTTYY4-300100002','000000',50,21),('EERRTTYY5-300100002-000000','EERRTTYY5-300100002','000000',50,5),('FFBIKING-100100003-FFFF00','FFBIKING-100100003','FFFF00',50,24),('FFGOLD-100100003-000080','FFGOLD-100100003','000080',50,35),('FFGOLD-100100003-FF99CC','FFGOLD-100100003','FF99CC',50,22),('FFHAVY-100100003-000000','FFHAVY-100100003','000000',50,35),('FFHAVY-100100003-006633','FFHAVY-100100003','006633',50,23),('FFPUGOLD-100100003-000000','FFPUGOLD-100100003','000000',50,31),('FFROMA-100100003-736F6E','FFROMA-100100003','736F6E',50,5),('FFSEVEN-100100003-FF99CC','FFSEVEN-100100003','FF99CC',50,22),('FFSMITH-100100003-FFFFFF','FFSMITH-100100003','FFFFFF',50,14),('FLINTDRAW-100100002-FFFFFF','FLINTDRAW-100100002','FFFFFF',100,14),('FLOSTOOL-100100001-000000','FLOSTOOL-100100001','000000',50,36),('FPRINCESOFA-100100001-ECE6CC','FPRINCESOFA-100100001','ECE6CC',100,33),('FREEMADEDINNINGCH-100300002-000000','FREEMADEDINNINGCH-100300002','000000 ',100,67),('FREEMADEDINNINGCH-100300002-736F6E','FREEMADEDINNINGCH-100300002','736F6E ',100,88),('FREEMADEDINNINGCH-100300002-FFFF00','FREEMADEDINNINGCH-100300002','FFFF00 ',100,56),('FREEMADEDINNINGCH-100300002-FFFFFF','FREEMADEDINNINGCH-100300002','FFFFFF ',100,78),('FREEMADEDRESSINGTB-100200003-663300','FREEMADEDRESSINGTB-100200003','663300 ',100,64),('FREEMADEDRESSINGTB-100200003-ECE6CC','FREEMADEDRESSINGTB-100200003','ECE6CC ',100,67),('FREEMADEDRESSINGTB-100200003-FF99CC','FREEMADEDRESSINGTB-100200003','FF99CC ',100,43),('FREEMADEDRESSINGTB-100200003-FFFFFF','FREEMADEDRESSINGTB-100200003','FFFFFF ',100,66),('GAZZDYSON-200200002-663300','GAZZDYSON-200200002','663300',100,65),('GAZZMCRLIVBOX-200200001-736F6E','GAZZMCRLIVBOX-200200001','736F6E',100,33),('GAZZMCRLIVBOX-200200001-ECE6CC','GAZZMCRLIVBOX-200200001','ECE6CC',100,3),('GAZZMCRLIVBOX-200200001-FF99CC','GAZZMCRLIVBOX-200200001','FF99CC',100,7),('GAZZMULTITAB-200200002-000000','GAZZMULTITAB-200200002','000000',100,8),('GAZZMULTITAB-200200002-663300','GAZZMULTITAB-200200002','663300',100,74),('GAZZMULTITAB-200200002-ECE6CC','GAZZMULTITAB-200200002','ECE6CC',100,33),('GAZZSHOEMODERN-200300001-663300','GAZZSHOEMODERN-200300001','663300',100,65),('GAZZSHOEMODERN-200300001-ECE6CC','GAZZSHOEMODERN-200300001','ECE6CC',100,12),('GAZZSHOEWOOD-200300001-663300','GAZZSHOEWOOD-200300001','663300',100,3),('GAZZSHOEWOOD-200300001-FFFFFF','GAZZSHOEWOOD-200300001','FFFFFF',100,45),('GGHHJJKK1-300200001-000000','GGHHJJKK1-300200001','000000',25,5),('GGHHJJKK2-300200001-000000','GGHHJJKK2-300200001','000000',25,8),('GGHHJJKK3-300200001-000000','GGHHJJKK3-300200001','000000',25,7),('GGHHJJKK4-300200001-000000','GGHHJJKK4-300200001','000000',25,4),('GGHHJJKK5-300200001-000000','GGHHJJKK5-300200001','000000',25,23),('HITDRAWER3Y-100400003-000080','HITDRAWER3Y-100400003','000080',100,33),('HITLIL4Y-100400003-736F6E','HITLIL4Y-100400003','736F6E',100,88),('HITMANGO450-100400003-ECE6CC','HITMANGO450-100400003','ECE6CC',100,45),('HITSYNIA600-100400003-0000FF','HITSYNIA600-100400003','0000FF',100,56),('HOUSEBUDYBIGLIVBOX-200200001-736F6E','HOUSEBUDYBIGLIVBOX-200200001','736F6E',100,78),('HOUSEBUDYBIGLIVBOX-200200001-ECE6CC','HOUSEBUDYBIGLIVBOX-200200001','ECE6CC',100,55),('HOUSEBUDYBIGLIVBOX-200200001-FF99CC','HOUSEBUDYBIGLIVBOX-200200001','FF99CC',100,88),('HOUSEBUDYBIGLIVBOX-200200001-FFFFFF','HOUSEBUDYBIGLIVBOX-200200001','FFFFFF',100,34),('HOUSEBUDYNOMALSHOE-200300001-000000','HOUSEBUDYNOMALSHOE-200300001','000000',100,12),('HOUSEBUDYSLIDINGLIVBOX-200200001-736F6E','HOUSEBUDYSLIDINGLIVBOX-200200001','736F6E',100,44),('HOUSEBUDYSLIDINGLIVBOX-200200001-ECE6CC','HOUSEBUDYSLIDINGLIVBOX-200200001','ECE6CC',100,66),('HOUSEBUDYSLIDINGLIVBOX-200200001-FF99CC','HOUSEBUDYSLIDINGLIVBOX-200200001','FF99CC',100,77),('HOUSEBUDYSLIDINGLIVBOX-200200001-FFFFFF','HOUSEBUDYSLIDINGLIVBOX-200200001','FFFFFF',100,88),('HOUSEBUDYWIDESHOE-200300001-000000','HOUSEBUDYWIDESHOE-200300001','000000',100,99),('HOUSEREPFLIP-200200002-006633','HOUSEREPFLIP-200200002','006633',100,34),('HOUSEREPFLIP-200200002-736F6E','HOUSEREPFLIP-200200002','736F6E',100,23),('HOUSEREPFLIP-200200002-FF99CC','HOUSEREPFLIP-200200002','FF99CC',100,12),('HOUSEREPSHOE-200300001-663300','HOUSEREPSHOE-200300001','663300',100,33),('HOUSEREPTROL4-200100002-FFFFFF','HOUSEREPTROL4-200100002','FFFFFF',100,44),('HOUSEREPTROL6-200100002-FFFFFF','HOUSEREPTROL6-200100002','FFFFFF',100,22),('IKEACARTLENNART-200100002-FFFFFF','IKEACARTLENNART-200100002','FFFFFF',100,12),('IKEACARTRASKOG-200100002-000000','IKEACARTRASKOG-200100002','000000',100,45),('IKEACARTRASKOG-200100002-000080','IKEACARTRASKOG-200100002','000080',100,63),('IKEACARTRASKOG-200100002-FF99CC','IKEACARTRASKOG-200100002','FF99CC',100,16),('IKEACARTRASKOG-200100002-FFFFFF','IKEACARTRASKOG-200100002','FFFFFF',100,72),('IKEAOTHERKVISSLE-200200002-FFFFFF','IKEAOTHERKVISSLE-200200002','FFFFFF',100,45),('IKEASHOESBISSA-200300001-FFFFFF','IKEASHOESBISSA-200300001','FFFFFF',100,76),('IKEASHOESHEMNES-200300001-663300','IKEASHOESHEMNES-200300001','663300',100,35),('IKEASHOESHEMNES-200300001-FFFFFF','IKEASHOESHEMNES-200300001','FFFFFF',100,64),('ILCMETALTROL3-200100002-736F6E','ILCMETALTROL3-200100002','736F6E',100,73),('ILCMETALTROL3-200100002-FFFFFF','ILCMETALTROL3-200100002','FFFFFF',100,15),('ILCMILKTROL-200100002-FFFFFF','ILCMILKTROL-200100002','FFFFFF',100,84),('ILCSQUARETROL-200100002-000000','ILCSQUARETROL-200100002','000000',100,34),('ILCSQUARETROL-200100002-000080','ILCSQUARETROL-200100002','000080',100,32),('ILCSQUARETROL-200100002-006633','ILCSQUARETROL-200100002','006633',100,33),('ILCSQUARETROL-200100002-736F6E','ILCSQUARETROL-200100002','736F6E',100,11),('ILCSQUARETROL-200100002-FF99CC','ILCSQUARETROL-200100002','FF99CC',100,2),('ILCSQUARETROL-200100002-FFFFFF','ILCSQUARETROL-200100002','FFFFFF',100,3),('ILCSTEELUMB-200300002-FFFFFF','ILCSTEELUMB-200300002','FFFFFF',100,4),('IWBMILDAQUA-100100001-736F6E','IWBMILDAQUA-100100001','736F6E',200,187),('IWBMILDAQUA-100100001-ECE6CC','IWBMILDAQUA-100100001','ECE6CC',200,198),('IWBTONYSOFA-100100001-663300','IWBTONYSOFA-100100001','663300',200,155),('IWBTONYSOFA-100100001-ECE6CC','IWBTONYSOFA-100100001','ECE6CC',200,133),('JJKKLLZZ1-300100001-000000','JJKKLLZZ1-300100001','000000',50,44),('JJKKLLZZ1-300100001-0000FF','JJKKLLZZ1-300100001','0000FF',50,33),('JJKKLLZZ2-300100001-000000','JJKKLLZZ2-300100001','000000',50,2),('JJKKLLZZ2-300100001-0000FF','JJKKLLZZ2-300100001','0000FF',50,44),('JJKKLLZZ3-300100001-000000','JJKKLLZZ3-300100001','000000',50,2),('JJKKLLZZ3-300100001-0000FF','JJKKLLZZ3-300100001','0000FF',50,12),('JJKKLLZZ4-300100001-000000','JJKKLLZZ4-300100001','000000',50,41),('JJKKLLZZ4-300100001-0000FF','JJKKLLZZ4-300100001','0000FF',50,32),('JJKKLLZZ5-300100001-000000','JJKKLLZZ5-300100001','000000',50,31),('JJKKLLZZ5-300100001-0000FF','JJKKLLZZ5-300100001','0000FF',50,8),('KANUSOFA-100100001-736F6E','KANUSOFA-100100001','736F6E',100,80),('KANUSOFA-100100001-ECE6CC','KANUSOFA-100100001','ECE6CC',100,70),('LABELLESOFA-100100001-663300','LABELLESOFA-100100001','663300',100,60),('LABELLESOFA-100100001-736F6E','LABELLESOFA-100100001','736F6E',100,50),('LAUMANGELA-100300003-ECE6CC','LAUMANGELA-100300003','ECE6CC',100,50),('LAUMSQUAREA-100300003-736F6E','LAUMSQUAREA-100300003','736F6E',100,90),('LAUMWHITEA-100300003-000080','LAUMWHITEA-100300003','000080',100,40),('LAUMWOODA-100300003-FFFF00','LAUMWOODA-100300003','FFFF00',100,40),('LDGLIN-100200001-FFFFFF','LDGLIN-100200001','FFFFFF',100,NULL),('LDLAGOM-100200001-FFFFFF','LDLAGOM-100200001','FFFFFF',100,NULL),('LDMOODY-100100004-FFFFFF','LDMOODY-100100004','FFFFFF',100,NULL),('LDNEST-100200001-736F6E','LDNEST-100200001','736F6E',100,NULL),('LDRONN-100200001-006633','LDRONN-100200001','006633',100,NULL),('LDRONN-100200001-736F6E','LDRONN-100200001','736F6E',100,NULL),('LDRONN-100200001-FFFF00','LDRONN-100200001','FFFF00',100,NULL),('LDSCANDI-100200001-663300','LDSCANDI-100200001','663300',100,NULL),('LDWISON-100200001-000080','LDWISON-100200001','000080',100,NULL),('LDWISON-100200001-FF99CC','LDWISON-100200001','FF99CC',100,NULL),('LDWOOD-100200001-663300','LDWOOD-100200001','663300',100,NULL),('LISENTCHEST-100200002-FFFFFF','LISENTCHEST-100200002','FFFFFF ',100,30),('LISENTKITCABINET-100300001-000080','LISENTKITCABINET-100300001','000080 ',100,38),('LISENTKITCABINET-100300001-FFFFFF','LISENTKITCABINET-100300001','FFFFFF ',100,45),('LISSEMCHEST-100200002-663300','LISSEMCHEST-100200002','663300',100,23),('LISSEMCHEST-100200002-FFFFFF','LISSEMCHEST-100200002','FFFFFF ',100,89),('LISSEMDINNINGCH-100300002-000000','LISSEMDINNINGCH-100300002','000000 ',100,24),('LISSEMDINNINGCH-100300002-0000FF','LISSEMDINNINGCH-100300002','0000FF ',100,25),('LISSEMDINNINGCH-100300002-663300','LISSEMDINNINGCH-100300002','663300 ',100,26),('LISSEMDRESSINGTB-100200003-663300','LISSEMDRESSINGTB-100200003','663300 ',100,74),('LISSEMDRESSINGTB-100200003-FFFFFF','LISSEMDRESSINGTB-100200003','FFFFFF ',100,53),('LISSEMMAT-100200004-FFFFFF','LISSEMMAT-100200004','FFFFFF ',100,24),('LIVARTCHEST-100200002-FFFFFF','LIVARTCHEST-100200002','FFFFFF ',100,14),('LIVARTDINNINGCH-100300002-000000','LIVARTDINNINGCH-100300002','000000 ',100,53),('LIVARTDINNINGCH-100300002-663300','LIVARTDINNINGCH-100300002','663300 ',100,63),('LIVARTDINNINGCH-100300002-ECE6CC','LIVARTDINNINGCH-100300002','ECE6CC ',100,74),('LIVARTDRESSINGTB-100200003-663300','LIVARTDRESSINGTB-100200003','663300 ',100,75),('LIVARTDRESSINGTB-100200003-FFFFFF','LIVARTDRESSINGTB-100200003','FFFFFF ',100,24),('LIVARTKITCABINET-100300001-663300','LIVARTKITCABINET-100300001','663300 ',100,13),('LIVARTMAT-100200004-FFFFFF','LIVARTMAT-100200004','FFFFFF ',100,22),('LUCOSOFA-100100001-663300','LUCOSOFA-100100001','663300',200,52),('MARESOFA-100100001-000000','MARESOFA-100100001','000000',100,22),('MARESOFA-100100001-0000FF','MARESOFA-100100001','0000FF',100,22),('MARKETBBEKJETROL-200100002-663300','MARKETBBEKJETROL-200100002','663300',100,11),('MARKETBBRELAUMB-200300002-000000','MARKETBBRELAUMB-200300002','000000',100,52),('MARKETBBRELAUMB-200300002-FFFFFF','MARKETBBRELAUMB-200300002','FFFFFF',100,23),('MARKETBCHEST-100200002-000080','MARKETBCHEST-100200002','000080',100,52),('MARKETBCHEST-100200002-736F6E','MARKETBCHEST-100200002','736F6E',100,23),('MARKETBCHEST-100200002-FF99CC','MARKETBCHEST-100200002','FF99CC',100,52),('MARKETBCHEST-100200002-FFFFFF','MARKETBCHEST-100200002','FFFFFF ',100,33),('MARKETBDINNINGCH-100300002-000000','MARKETBDINNINGCH-100300002','000000 ',100,74),('MARKETBDINNINGCH-100300002-736F6E','MARKETBDINNINGCH-100300002','736F6E ',100,32),('MARKETBDINNINGCH-100300002-FF0000','MARKETBDINNINGCH-100300002','FF0000 ',100,31),('MARKETBDINNINGCH-100300002-FFFF00','MARKETBDINNINGCH-100300002','FFFF00 ',100,25),('MARKETBDINNINGCH-100300002-FFFFFF','MARKETBDINNINGCH-100300002','FFFFFF ',100,63),('MARKETBDRESSINGTB-100200003-663300','MARKETBDRESSINGTB-100200003','663300 ',100,34),('MARKETBGRUETTROL-200100002-736F6E','MARKETBGRUETTROL-200100002','736F6E',100,14),('MARKETBGRUETTROL-200100002-FFFFFF','MARKETBGRUETTROL-200100002','FFFFFF',100,33),('MARKETBKITCABINET-100300001-663300','MARKETBKITCABINET-100300001','663300 ',100,57),('MARKETBKONTINOLIVBOX-200200001-736F6E','MARKETBKONTINOLIVBOX-200200001','736F6E',100,12),('MARKETBKONTINOLIVBOX-200200001-FFFFFF','MARKETBKONTINOLIVBOX-200200001','FFFFFF',100,23),('MARKETBMALGOSHOE-200300001-000000','MARKETBMALGOSHOE-200300001','000000',100,14),('MARKETBMAT-100200004-FFFFFF','MARKETBMAT-100200004','FFFFFF ',100,52),('MARKETBPASARLATAN-200200002-663300','MARKETBPASARLATAN-200200002','663300',100,36),('MARKETBPECREVINTAGE-200200002-000000','MARKETBPECREVINTAGE-200200002','000000',100,23),('MARKETBPIGOSHOE-200300001-000000','MARKETBPIGOSHOE-200300001','000000',100,75),('MARKETBPIGOSHOE-200300001-FFFFFF','MARKETBPIGOSHOE-200300001','FFFFFF',100,22),('MARKETBTANGTROL-200100002-663300','MARKETBTANGTROL-200100002','663300',100,33),('MARKETBTANGTROL-200100002-ECE6CC','MARKETBTANGTROL-200100002','ECE6CC',100,44),('MCODRAW-100100002-006633','MCODRAW-100100002','006633',100,55),('MCODRAW-100100002-FFFFFF','MCODRAW-100100002','FFFFFF',100,66),('MCOPOLDRAW-100100002-ECE6CC','MCOPOLDRAW-100100002','ECE6CC',100,77),('MDFABSOFA-100100001-006633','MDFABSOFA-100100001','006633',200,88),('MDFABSOFA-100100001-ECE6CC','MDFABSOFA-100100001','ECE6CC',200,188),('MDSTOOL-100100001-006633','MDSTOOL-100100001','006633',50,2),('MILANOHANGER-100400002-FFFF00','MILANOHANGER-100400002','FFFF00',100,88),('MINIFABSOFA-100100001-0000FF','MINIFABSOFA-100100001','0000FF',100,55),('MINIFABSOFA-100100001-FF0000','MINIFABSOFA-100100001','FF0000',100,44),('MRAFDRAW-100100002-000000','MRAFDRAW-100100002','000000',100,33),('MREDRAW-100100002-FFFFFF','MREDRAW-100100002','FFFFFF',100,55),('MRPUREDRAW-100100002-FFFFFF','MRPUREDRAW-100100002','FFFFFF',100,75),('MRSTARDRAW-100100002-000000','MRSTARDRAW-100100002','000000',100,75),('MRWIDEDRAW-100100002-FFFFFF','MRWIDEDRAW-100100002','FFFFFF',100,88),('MULBAWDRAW-100100002-663300','MULBAWDRAW-100100002','663300',100,99),('MULBAWSDRAW-100100002-FFFFFF','MULBAWSDRAW-100100002','FFFFFF',100,34),('MVSOFA-100100001-736F6E','MVSOFA-100100001','736F6E',100,24),('MVSOFA-100100001-FF99CC','MVSOFA-100100001','FF99CC',100,15),('NATUREHANG6-200200001-736F6E','NATUREHANG6-200200002','736F6E',100,74),('NATURELIVSLIDING-200200001-000000','NATURELIVSLIDING-200200001','000000',100,53),('NATURELIVSLIDING-200200001-000080','NATURELIVSLIDING-200200001','000080',100,63),('NATURELIVSLIDING-200200001-FFFFFF','NATURELIVSLIDING-200200001','736F6E',100,77),('NATURESWINGTROL-200100002-FFFFFF','NATURESWINGTROL-200100002','FFFFFF',100,66),('NATUREUMB-200300002-000000','NATUREUMB-200300002','000000',100,64),('NATUREUMB-200300002-FFFFFF','NATUREUMB-200300002','FFFFFF',100,35),('NEWALMANGEC-100100001-736F6E','NEWALMANGEC-100100001','736F6E',200,167),('NEWALMANGEC-100100001-FF99CC','NEWALMANGEC-100100001','FF99CC',200,145),('NEWZUTTSOFA-100100001-0000FF','NEWZUTTSOFA-100100001','0000FF',100,188),('NEWZUTTSOFA-100100001-736F6E','NEWZUTTSOFA-100100001','736F6E',100,66),('NNMMQQWW1-300100002-000000','NNMMQQWW1-300100002','000000',50,45),('NNMMQQWW1-300100002-0000FF','NNMMQQWW1-300100002','0000FF',50,33),('NNMMQQWW2-300100002-000000','NNMMQQWW2-300100002','000000',50,44),('NNMMQQWW2-300100002-0000FF','NNMMQQWW2-300100002','0000FF',50,22),('NNMMQQWW3-300100002-000000','NNMMQQWW3-300100002','000000',50,12),('NNMMQQWW3-300100002-0000FF','NNMMQQWW3-300100002','0000FF',50,42),('NNMMQQWW4-300100002-000000','NNMMQQWW4-300100002','000000',50,12),('NNMMQQWW4-300100002-0000FF','NNMMQQWW4-300100002','0000FF',50,44),('NNMMQQWW5-300100002-000000','NNMMQQWW5-300100002','000000',50,33),('NNMMQQWW5-300100002-0000FF','NNMMQQWW5-300100002','0000FF',50,23),('OOPPAASS1-300100001-000000','OOPPAASS1-300100001','000000',50,33),('OOPPAASS1-300100001-0000FF','OOPPAASS1-300100001','0000FF',50,31),('OOPPAASS2-300100001-000000','OOPPAASS2-300100001','000000',50,38),('OOPPAASS2-300100001-0000FF','OOPPAASS2-300100001','0000FF',50,32),('OOPPAASS3-300100001-000000','OOPPAASS3-300100001','000000',50,32),('OOPPAASS3-300100001-0000FF','OOPPAASS3-300100001','0000FF',50,21),('OOPPAASS4-300100001-000000','OOPPAASS4-300100001','000000',50,32),('OOPPAASS4-300100001-0000FF','OOPPAASS4-300100001','0000FF',50,31),('OOPPAASS5-300100001-000000','OOPPAASS5-300100001','000000',50,1),('OOPPAASS5-300100001-0000FF','OOPPAASS5-300100001','0000FF',50,3),('PMBB701SOFA-100100001-736F6E','PMBB701SOFA-100100001','736F6E',100,7),('PMBB701SOFA-100100001-ECE6CC','PMBB701SOFA-100100001','ECE6CC',100,78),('PMBB904SOFA-100100001-000080','PMBB904SOFA-100100001','000080',100,64),('PMBB904SOFA-100100001-0000FF','PMBB904SOFA-100100001','0000FF',100,77),('PMBBGRANDSOFA-100100001-0000FF','PMBBGRANDSOFA-100100001','0000FF',100,74),('PMBBGRANDSOFA-100100001-FFFF00','PMBBGRANDSOFA-100100001','FFFF00',100,9),('PPOOAASS1-300100002-000000','PPOOAASS1-300100002','000000',50,9),('PPOOAASS2-300100002-000000','PPOOAASS2-300100002','000000',50,3),('PPOOAASS3-300100002-000000','PPOOAASS3-300100002','000000',50,2),('PPOOAASS4-300100002-000000','PPOOAASS4-300100002','000000',50,6),('PPOOAASS5-300100002-000000','PPOOAASS5-300100002','000000',50,5),('PPOOAASS6-300100002-000000','PPOOAASS6-300100002','000000',50,22),('PRAHABDRAW-100100002-0000FF','PRAHABDRAW-100100002','0000FF',100,33),('QQWWEERR1-300100001-000000','QQWWEERR1-300100001','000000',50,5),('QQWWEERR1-300100001-0000FF','QQWWEERR1-300100001','0000FF',50,4),('QQWWEERR2-300100001-000000','QQWWEERR2-300100001','000000',50,3),('QQWWEERR2-300100001-0000FF','QQWWEERR2-300100001','0000FF',50,1),('QQWWEERR3-300100001-000000','QQWWEERR3-300100001','000000',50,8),('QQWWEERR3-300100001-0000FF','QQWWEERR3-300100001','0000FF',50,4),('QQWWEERR4-300100001-000000','QQWWEERR4-300100001','000000',50,7),('QQWWEERR4-300100001-0000FF','QQWWEERR4-300100001','0000FF',50,5),('QQWWEERR5-300100001-000000','QQWWEERR5-300100001','000000',50,4),('QQWWEERR5-300100001-0000FF','QQWWEERR5-300100001','0000FF',50,2),('RABIASOFA-100100001-663300','RABIASOFA-100100001','663300',100,1),('REAL1MOK-100300003-ECE6CC','REAL1MOK-100300003','ECE6CC',100,14),('REVENSEBAG-200200002-000080','REVENSEBAG-200200002','000080',100,35),('REVENSEBASICLIVBOX-200200001-736F6E','REVENSEBASICLIVBOX-200200001','736F6E',100,3),('REVENSEBASICLIVBOX-200200001-ECE6CC','REVENSEBASICLIVBOX-200200001','ECE6CC',100,43),('REVENSECLASSICLIVBOX-200200001-0000FF','REVENSECLASSICLIVBOX-200200001','0000FF',100,24),('REVENSEVANTAGELIVBOX-200200001-006633','REVENSEVANTAGELIVBOX-200200001','006633',100,26),('REVENSEVERS10-200200002-000080','REVENSEVERS10-200200002','000080',100,23),('ROOMNHOMELEAFSHOEHOLD-200200002-000000','ROOMNHOMELEAFSHOEHOLD-200200002','000000',100,53),('ROOMNHOMELOFTSHOEL-200300001-FFFFFF','ROOMNHOMELOFTSHOEL-200300001','FFFFFF',100,56),('ROOMNHOMEQOOTROL-200100002-663300','ROOMNHOMEQOOTROL-200100002','663300',100,77),('ROOMNHOMETOWERBOOK-200200002-000000','ROOMNHOMETOWERBOOK-200200002','000000',100,88),('ROOMNHOMETOWERBOOK-200200002-FFFFFF','ROOMNHOMETOWERBOOK-200200002','FFFFFF',100,85),('ROOMNHOMETROL3-200100002-006633','ROOMNHOMETROL3-200100002','006633',100,95),('ROOMNHOMETROL3-200100002-663300','ROOMNHOMETROL3-200100002','663300',100,75),('ROOMNHOMETROL3-200100002-ECE6CC','ROOMNHOMETROL3-200100002','ECE6CC',100,77),('SCARLETHANGER600-100400002-000080','SCARLETHANGER600-100400002','000080',100,85),('SCARLETHANGERBAQI-100400002-000080','SCARLETHANGERBAQI-100400002','000080',100,73),('SELESTACHEST-100200002-ECE6CC','SELESTACHEST-100200002','ECE6CC',100,76),('SELESTACHEST-100200002-FFFFFF','SELESTACHEST-100200002','FFFFFF ',100,3),('SELESTADRESSINGTB-100200003-FFFFFF','SELESTADRESSINGTB-100200003','FFFFFF ',100,55),('SELESTAKITCABINET-100300001-FFFFFF','SELESTAKITCABINET-100300001','FFFFFF ',100,25),('SELESTAMAT-100200004-FFFFFF','SELESTAMAT-100200004','FFFFFF ',100,54),('SERIOSOFA-100100001-663300','SERIOSOFA-100100001','663300',100,3),('SERIOSOFA-100100001-FFFFFF','SERIOSOFA-100100001','FFFFFF',100,5),('SHABASDRAWER3L-200100001-736F6E','SHABASDRAWER3L-200100001','736F6E',100,6),('SHABASDRAWER3L-200100001-ECE6CC','SHABASDRAWER3L-200100001','ECE6CC',100,3),('SHABASDRAWER5L-200100001-000080','SHABASDRAWER5L-200100001','000080',100,4),('SHABASDRAWER5L-200100001-0000FF','SHABASDRAWER5L-200100001','0000FF',100,5),('SHABASWIDE5L-200100001-000080','SHABASWIDE5L-200100001','000080',100,6),('SHABASWIDE5L-200100001-736F6E','SHABASWIDE5L-200100001','736F6E',100,7),('SHINEHANGER-100400002-000080','SHINEHANGER-100400002','000080',100,88),('SIDUSTIL-100200001-FFFFFF','SIDUSTIL-100200001','FFFFFF',100,NULL),('SIIRON-100200001-0000FF','SIIRON-100200001','0000FF',100,NULL),('SIIRON-100200001-FFFFFF','SIIRON-100200001','FFFFFF',100,NULL),('SIMABLE-100100004-000000','SIMABLE-100100004','000000',100,NULL),('SIMABLE-100100004-FFFFFF','SIMABLE-100100004','FFFFFF',100,NULL),('SIPEANUT-100100004-000000','SIPEANUT-100100004','000000',100,NULL),('SIPEANUT-100100004-663300','SIPEANUT-100100004','663300',100,NULL),('SIROBE-100200001-FFFFFF','SIROBE-100200001','FFFFFF',100,NULL),('SISONAMU-100100004-663300','SISONAMU-100100004','663300',100,NULL),('SNAILDRAWERA-200100001-ECE6CC','SNAILDRAWERA-200100001','ECE6CC',100,8),('SNAILDRAWERB-200100001-ECE6CC','SNAILDRAWERB-200100001','ECE6CC',100,9),('SNAILDRAWERC-200100001-736F6E','SNAILDRAWERC-200100001','736F6E',100,55),('SNAILDRAWERC-200100001-ECE6CC','SNAILDRAWERC-200100001','ECE6CC',100,3),('SSDCLEANERCAB-200200002-000080','SSDCLEANERCAB-200200002','000080',100,2),('SSDCLEANERCAB-200200002-736F6E','SSDCLEANERCAB-200200002','736F6E',100,22),('SSDCLEANERCAB-200200002-FFFFFF','SSDCLEANERCAB-200200002','FFFFFF',100,17),('SSDSLIDINGCAB-200100002-736F6E','SSDSLIDINGCAB-200100002','736F6E',100,9),('SSDSLIDINGCAB-200100002-ECE6CC','SSDSLIDINGCAB-200100002','ECE6CC',100,8),('SSDSLIDINGCAB-200100002-FFFFFF','SSDSLIDINGCAB-200100002','FFFFFF',100,76),('STEAL2-100300003-0000FF','STEAL2-100300003','0000FF',100,55),('STEAL3-100300003-736F6E','STEAL3-100300003','736F6E',100,47),('TABLETOAD-100300003-ECE6CC','TABLETOAD-100300003','ECE6CC',100,36),('TRINYDRAW-100100002-663300','TRINYDRAW-100100002','663300',100,44),('TTYYUUII1-300100001-000000','TTYYUUII1-300100001','000000',50,5),('TTYYUUII1-300100001-0000FF','TTYYUUII1-300100001','0000FF',50,33),('TTYYUUII2-300100001-000000','TTYYUUII2-300100001','000000',50,46),('TTYYUUII2-300100001-0000FF','TTYYUUII2-300100001','0000FF',50,33),('TTYYUUII3-300100001-000000','TTYYUUII3-300100001','000000',50,23),('TTYYUUII3-300100001-0000FF','TTYYUUII3-300100001','0000FF',50,22),('TTYYUUII4-300100001-000000','TTYYUUII4-300100001','000000',50,14),('TTYYUUII4-300100001-0000FF','TTYYUUII4-300100001','0000FF',50,36),('TTYYUUII5-300100001-000000','TTYYUUII5-300100001','000000',50,13),('TTYYUUII5-300100001-0000FF','TTYYUUII5-300100001','0000FF',50,22),('UNITDRAW-100100002-736F6E','UNITDRAW-100100002','736F6E',100,25),('UNITDRAW-100100002-FFFFFF','UNITDRAW-100100002','FFFFFF',100,16),('UUIIOOPP1-300100002-000000','UUIIOOPP1-300100002','000000',25,22),('UUIIOOPP2-300100002-000000','UUIIOOPP2-300100002','000000',25,21),('UUIIOOPP3-300100002-000000','UUIIOOPP3-300100002','000000',25,14),('UUIIOOPP4-300100002-000000','UUIIOOPP4-300100002','000000',25,13),('WASHFABSOFA-100100001-0000FF','WASHFABSOFA-100100001','0000FF',100,15),('WASHFABSOFA-100100001-ECE6CC','WASHFABSOFA-100100001','ECE6CC',100,27),('WATERNAMU-100300003-0000FF','WATERNAMU-100300003','0000FF',100,85),('WESTFROMCHEST-100200002-000000','WESTFROMCHEST-100200002','000000 ',100,75),('WESTFROMCHEST-100200002-FFFFFF','WESTFROMCHEST-100200002','FFFFFF ',100,66),('WESTFROMDRESSINGTB-100200003-000000','WESTFROMDRESSINGTB-100200003','000000 ',100,85),('WESTFROMDRESSINGTB-100200003-FF0000','WESTFROMDRESSINGTB-100200003','FF0000 ',100,99),('WESTFROMDRESSINGTB-100200003-FFFFFF','WESTFROMDRESSINGTB-100200003','FFFFFF ',100,47),('WIZHOMELIVBOXOPEN-200200001-736F6E','WIZHOMELIVBOXOPEN-200200001','736F6E',100,57),('WIZHOMELIVBOXOPEN-200200001-FFFFFF','WIZHOMELIVBOXOPEN-200200001','FFFFFF',100,35),('WIZHOMETEDTROL3-200100002-FFFFFF','WIZHOMETEDTROL3-200100002','FFFFFF',100,62),('WIZHOMEWOODMOV3-200100002-663300','WIZHOMEWOODMOV3-200100002','663300',100,34),('XXCCVVBB1-300100002-000000','XXCCVVBB1-300100002','000000',50,15),('XXCCVVBB1-300100002-0000FF','XXCCVVBB1-300100002','0000FF',50,31),('XXCCVVBB2-300100002-000000','XXCCVVBB2-300100002','000000',50,44),('XXCCVVBB2-300100002-0000FF','XXCCVVBB2-300100002','0000FF',50,23),('XXCCVVBB3-300100002-000000','XXCCVVBB3-300100002','000000',50,33),('XXCCVVBB3-300100002-0000FF','XXCCVVBB3-300100002','0000FF',50,23),('XXCCVVBB4-300100002-000000','XXCCVVBB4-300100002','000000',50,35),('XXCCVVBB4-300100002-0000FF','XXCCVVBB4-300100002','0000FF',50,34),('XXCCVVBB5-300100002-000000','XXCCVVBB5-300100002','000000',50,34),('XXCCVVBB5-300100002-0000FF','XXCCVVBB5-300100002','0000FF',50,12),('ZUTTSOFA-100100001-0000FF','ZUTTSOFA-100100001','0000FF',100,77),('ZUTTSOFA-100100001-FF99CC','ZUTTSOFA-100100001','FF99CC',100,56);
/*!40000 ALTER TABLE `productoption` ENABLE KEYS */;
UNLOCK TABLES;

--
-- Temporary view structure for view `producttotalqty`
--

DROP TABLE IF EXISTS `producttotalqty`;
/*!50001 DROP VIEW IF EXISTS `producttotalqty`*/;
SET @saved_cs_client     = @@character_set_client;
/*!50503 SET character_set_client = utf8mb4 */;
/*!50001 CREATE VIEW `producttotalqty` AS SELECT 
 1 AS `productNo`,
 1 AS `productName`,
 1 AS `sellerName`,
 1 AS `customerPrice`,
 1 AS `productMainImg`,
 1 AS `productCreateDate`,
 1 AS `totalQty`*/;
SET character_set_client = @saved_cs_client;

--
-- Table structure for table `review`
--

DROP TABLE IF EXISTS `review`;
/*!40101 SET @saved_cs_client     = @@character_set_client */;
/*!50503 SET character_set_client = utf8mb4 */;
CREATE TABLE `review` (
  `orderNo` varchar(100) CHARACTER SET utf8 COLLATE utf8_bin NOT NULL COMMENT '주문번호',
  `memberId` varchar(50) CHARACTER SET utf8 COLLATE utf8_bin NOT NULL COMMENT '회원아이디',
  `reviewContent` text CHARACTER SET utf8 COLLATE utf8_bin NOT NULL COMMENT '리뷰내용',
  `productRank` decimal(10,0) NOT NULL COMMENT '별점',
  `reviewImg1` varchar(100) CHARACTER SET utf8 COLLATE utf8_bin DEFAULT NULL COMMENT '이미지1',
  `reviewImg2` varchar(100) CHARACTER SET utf8 COLLATE utf8_bin DEFAULT NULL COMMENT '이미지2',
  `reviewImg3` varchar(100) CHARACTER SET utf8 COLLATE utf8_bin DEFAULT NULL COMMENT '이미지3',
  PRIMARY KEY (`orderNo`),
  KEY `FK_member_TO_review` (`memberId`),
  CONSTRAINT `FK_member_TO_review` FOREIGN KEY (`memberId`) REFERENCES `member` (`memberId`) ON DELETE CASCADE ON UPDATE CASCADE,
  CONSTRAINT `FK_orderList_TO_review` FOREIGN KEY (`orderNo`) REFERENCES `orderlist` (`orderNo`) ON DELETE CASCADE ON UPDATE CASCADE
) ENGINE=InnoDB DEFAULT CHARSET=utf8 COLLATE=utf8_bin COMMENT='리뷰';
/*!40101 SET character_set_client = @saved_cs_client */;

--
-- Dumping data for table `review`
--

LOCK TABLES `review` WRITE;
/*!40000 ALTER TABLE `review` DISABLE KEYS */;
INSERT INTO `review` VALUES ('20150119-0099','ha123','좋아요',5,'b7008f4c-c4d6-444a-80f4-41178293bcdb.none (1).jpg',NULL,NULL),('20160609-0099','ha123','선물해줬는데 좋아하네요',5,'787e5864-ac53-4551-aca2-dec859e70061.none (2).jpg',NULL,NULL),('20181010-0001','kim2','이쁘네요',5,'bd8e963c-b671-4897-8009-4a2962763090.none.jpg',NULL,NULL),('20181111-0001','kim2','심플하니 좋아요',4,'cbf9700c-9cc0-47fb-8ef3-37ccda7d06fe.1587086806_102201_10.webp',NULL,NULL),('20190102-0005','jung123','심플하면서도 튼튼해서 너무 잘 산 것 같아요 자리를 많이 차지안해서 가장 마음에 드네요!',5,'41a26bc5-e822-4e03-a2ee-b054d5833c9e.none (3).jpg',NULL,NULL),('20190401-0001','jung123','심플하면서도 튼튼해서 너무 잘 산 것 같아요 자리를 많이 차지안해서 가장 마음에 드네요!',5,'16a6c927-0e9c-41b4-9db9-81f7d4fd6ea9.none (3).jpg',NULL,NULL);
/*!40000 ALTER TABLE `review` ENABLE KEYS */;
UNLOCK TABLES;

--
-- Table structure for table `scrap`
--

DROP TABLE IF EXISTS `scrap`;
/*!40101 SET @saved_cs_client     = @@character_set_client */;
/*!50503 SET character_set_client = utf8mb4 */;
CREATE TABLE `scrap` (
  `scrapNo` int NOT NULL AUTO_INCREMENT COMMENT '스크랩번호',
  `memberId` varchar(50) CHARACTER SET utf8 COLLATE utf8_bin NOT NULL COMMENT '회원아이디',
  `photoBoardNo` int NOT NULL COMMENT '사진글번호',
  PRIMARY KEY (`scrapNo`),
  KEY `FK_member_TO_scrap` (`memberId`),
  KEY `FK_photoBoard_TO_scrap` (`photoBoardNo`),
  CONSTRAINT `FK_member_TO_scrap` FOREIGN KEY (`memberId`) REFERENCES `member` (`memberId`) ON DELETE CASCADE ON UPDATE CASCADE,
  CONSTRAINT `FK_photoBoard_TO_scrap` FOREIGN KEY (`photoBoardNo`) REFERENCES `photoboard` (`photoBoardNo`) ON DELETE CASCADE ON UPDATE CASCADE
) ENGINE=InnoDB AUTO_INCREMENT=28 DEFAULT CHARSET=utf8 COLLATE=utf8_bin COMMENT='스크랩';
/*!40101 SET character_set_client = @saved_cs_client */;

--
-- Dumping data for table `scrap`
--

LOCK TABLES `scrap` WRITE;
/*!40000 ALTER TABLE `scrap` DISABLE KEYS */;
INSERT INTO `scrap` VALUES (1,'ha123',15),(6,'kim2',7),(7,'kim2',2),(8,'kim2',4),(9,'kim2',8),(10,'kim2',12),(11,'kim2',6),(12,'kim2',36),(13,'kim2',35),(14,'kim2',34),(15,'kim2',33),(16,'kim2',32),(17,'kim2',31),(18,'kim2',29),(19,'kim2',27),(20,'kim2',26),(21,'ha123',6),(22,'ha123',25),(23,'kim1',25),(24,'kim2',9),(25,'kim2',10),(27,'kim2',25);
/*!40000 ALTER TABLE `scrap` ENABLE KEYS */;
UNLOCK TABLES;

--
-- Table structure for table `searchwordcount`
--

DROP TABLE IF EXISTS `searchwordcount`;
/*!40101 SET @saved_cs_client     = @@character_set_client */;
/*!50503 SET character_set_client = utf8mb4 */;
CREATE TABLE `searchwordcount` (
  `searchNo` int NOT NULL AUTO_INCREMENT COMMENT '검색어조회번호',
  `memberId` varchar(50) CHARACTER SET utf8 COLLATE utf8_bin NOT NULL COMMENT '회원아이디',
  `searchWord` varchar(100) CHARACTER SET utf8 COLLATE utf8_bin NOT NULL COMMENT '검색어',
  `searchDate` date NOT NULL COMMENT '조회날짜',
  `searchCount` int NOT NULL COMMENT '조회수',
  PRIMARY KEY (`searchNo`),
  KEY `FK_member_TO_searchWordCount` (`memberId`),
  CONSTRAINT `FK_member_TO_searchWordCount` FOREIGN KEY (`memberId`) REFERENCES `member` (`memberId`) ON DELETE CASCADE ON UPDATE CASCADE
) ENGINE=InnoDB DEFAULT CHARSET=utf8 COLLATE=utf8_bin COMMENT='검색어조회';
/*!40101 SET character_set_client = @saved_cs_client */;

--
-- Dumping data for table `searchwordcount`
--

LOCK TABLES `searchwordcount` WRITE;
/*!40000 ALTER TABLE `searchwordcount` DISABLE KEYS */;
/*!40000 ALTER TABLE `searchwordcount` ENABLE KEYS */;
UNLOCK TABLES;

--
-- Table structure for table `seller`
--

DROP TABLE IF EXISTS `seller`;
/*!40101 SET @saved_cs_client     = @@character_set_client */;
/*!50503 SET character_set_client = utf8mb4 */;
CREATE TABLE `seller` (
  `sellerId` varchar(50) CHARACTER SET utf8 COLLATE utf8_bin NOT NULL COMMENT '업체아이디',
  `sellerName` varchar(20) CHARACTER SET utf8 COLLATE utf8_bin NOT NULL COMMENT '업체이름',
  `sellerRes` varchar(20) CHARACTER SET utf8 COLLATE utf8_bin NOT NULL COMMENT '사업자등록번호',
  `sellerUrl` varchar(50) CHARACTER SET utf8 COLLATE utf8_bin DEFAULT NULL COMMENT '업체URL',
  `sellerManager` varchar(20) CHARACTER SET utf8 COLLATE utf8_bin DEFAULT NULL COMMENT '업체관리자이름',
  `managerTel` varchar(20) CHARACTER SET utf8 COLLATE utf8_bin DEFAULT NULL COMMENT '업체관리자전화',
  `managerEmail` varchar(50) CHARACTER SET utf8 COLLATE utf8_bin DEFAULT NULL COMMENT '업체관리자이메일',
  `sellerAddr` varchar(100) CHARACTER SET utf8 COLLATE utf8_bin DEFAULT NULL COMMENT '업체주소',
  `permit` tinyint DEFAULT NULL COMMENT '승인상태',
  `applyDate` datetime DEFAULT CURRENT_TIMESTAMP COMMENT '신청날짜',
  `permitDate` datetime DEFAULT CURRENT_TIMESTAMP COMMENT '승인날짜',
  `sellerImg` varchar(45) CHARACTER SET utf8 COLLATE utf8_bin DEFAULT NULL,
  PRIMARY KEY (`sellerId`),
  UNIQUE KEY `UIX_seller` (`sellerName`),
  CONSTRAINT `FK_allMember_TO_seller` FOREIGN KEY (`sellerId`) REFERENCES `allmember` (`userid`) ON DELETE CASCADE ON UPDATE CASCADE
) ENGINE=InnoDB DEFAULT CHARSET=utf8 COLLATE=utf8_bin COMMENT='업체';
/*!40101 SET character_set_client = @saved_cs_client */;

--
-- Dumping data for table `seller`
--

LOCK TABLES `seller` WRITE;
/*!40000 ALTER TABLE `seller` DISABLE KEYS */;
INSERT INTO `seller` VALUES ('alives','얼라이브즈','123456789',NULL,'얼라','010-1995-0995','alives@nes.com','서울 강남구 남부순환로365길 22',1,'2016-01-01 00:00:00','2016-01-01 00:00:00',NULL),('allliv','올리빙','123456789',NULL,'올리빙','031-287-8551','allliv@allliving.com','(17031) 경기 용인시 처인구 모현읍 매산리 182-1 (매산리) 마트마케팅 올리빙 물류 창고',1,'2019-08-01 00:00:00','2019-08-02 00:00:00',NULL),('alllumi','올루미','123456789',NULL,'올루미','070-4263-6490','alllumi@alllumi.com','경기 광주시 초월읍 경충대로963번길 11-75 (산이리) 폴리몰리',1,'2013-05-01 00:00:00','2013-05-03 00:00:00',NULL),('andplastic','앤플라스틱','123456789',NULL,'앤플라스틱매니저','0233333333','andplastic@gmail.com','서울시 송파구 앤플라스틱',1,'2020-06-16 02:04:20','2020-06-16 02:04:20',NULL),('assibang','아씨방가구','123456789',NULL,'아씨방','010-7794-1515','assibang@ban.com','서울 용산구 장문로15나길 6',1,'2018-09-08 00:00:00','2018-09-08 00:00:00',NULL),('banesdeco1','바네스데코','123456789',NULL,'바네스데코','1599-4960','banesdeco@banesdeco.com','(33014) 충남 논산시 연무읍 마전리 804-19 (마전리) 바네스데코',1,'2019-07-22 00:00:00','2019-07-23 00:00:00',NULL),('banzzak','반짝조명','123456789',NULL,'반짝조명','1644-6030','banzzak@banzzak.com','서울시 종로구 대학로 57 홍익대학교 대학로캠퍼스 교육동 14층',NULL,'2016-05-01 00:00:00','2016-05-04 00:00:00',NULL),('bonoHouse','보노하우스','123456789',NULL,'보노','010-1625-6284','Bono@bono.kr','서울 서초구 서초중앙로 96 서울교대초등학교',1,'2019-09-12 00:00:00','2019-09-12 00:00:00',NULL),('cfactory12','체어팩토리','123456789',NULL,'체어팩토리','070-8747-7119','cf@cfactory.com','부산 기장군 장안읍 반룡산단1로 10-8 (반룡리) 체어팩토리',1,'2015-05-01 00:00:00','2015-05-01 00:00:00',NULL),('changsin1','창신리빙','123456789',NULL,'창신리빙','02-972-3127','changsin@changsinliving.com','경기도 양주시 남면 삼일로 586 (우)482-870',1,'2019-05-20 00:00:00','2019-05-21 00:00:00',NULL),('dks1','듀커소파','123456789',NULL,'듀커소파','031-761-6003','dks1@dksofa.com','경기 광주시 오포읍 포은대로 285-4 (추자리) 듀커소파',1,'2020-05-01 00:00:00','2020-05-03 00:00:00',NULL),('ecohome12','에코상사','123456789',NULL,'에코상사','070-7708-6876','eco12@ecohome.com','(16885) 경기 용인시 처인구 모현읍 오산로 190 (오산리) 에코상사',1,'2019-07-20 00:00:00','2019-07-21 00:00:00',NULL),('edenmisul','에덴미술','123456789',NULL,'에덴미술','+8216885379','edenmisul@edenmisul.com','서울특별시 강남구 논현동 255-10',1,'2019-05-01 00:00:00','2019-05-03 00:00:00',NULL),('ffeeling1','가구느낌','123456789',NULL,'가구느낌','031-542-0735','ffeeling1@ffeeling.com','경기 포천시 가산면 우금길 283 (우금리) 가구느낌',1,'2015-05-01 00:00:00','2020-05-03 00:00:00',NULL),('freemade','프리메이드','123456789',NULL,'프리메이드매니저','0233333333','freemade@gmail.com','서울시 서초구 방배동 프리메이드 ',1,'2020-06-16 02:00:12','2020-06-16 02:00:12',NULL),('gazz','가쯔','123456789',NULL,'가쯔','070-8656-0335','gazz@gazz.com','경기도 김포시 양촌읍 황금3로8번길 85-50 가쯔',1,'2019-08-01 00:00:00','2019-08-02 00:00:00',NULL),('hitmans','히트가구','123456789',NULL,'히트맨','010-4495-9512','hitman@soso.com','서울 강남구 역삼로 309',1,'2016-09-01 00:00:00','2016-09-03 00:00:00',NULL),('housebudy','하우스버디','123456789',NULL,'하우스버디','070-8845-5833','housebudy@housebudy.com','(10029) 경기 김포시 통진읍 김포대로2435번길 107-23 (옹정리) 이즈리빙',1,'2019-09-01 00:00:00','2019-09-02 00:00:00',NULL),('houserec12','하우스레시피','123456789',NULL,'하우스레시피','070-4258-3888','houserecipe@houserecipe.com','(12729) 경기 광주시 초월읍 신월리 324-1 (신월리) 하우스레시피',1,'2019-07-20 00:00:00','2019-07-21 00:00:00',NULL),('ikea','이케아','123456789',NULL,'이케아','070-4263-6490','ikea@ikea.com','경기 광주시 초월읍 경충대로963번길 11-75 (산이리) 폴리몰리',1,'2015-05-01 00:00:00','2015-05-02 00:00:00',NULL),('ilcom123','아이엘컴퍼니','123456789',NULL,'아이엘컴퍼니','070-4133-1981','ilcom@ilcompany.com','(18630) 경기 화성시 양감면 정문리 546 (정문리) 아이엘컴퍼니',1,'2019-08-01 00:00:00','2019-08-02 00:00:00',NULL),('irisKorea','아이리스코리아','123456789',NULL,'아이','010-7951-4886','iris@kor.com','서울 서초구 남부순환로 2572',1,'2017-12-11 00:00:00','2017-12-11 00:00:00',NULL),('iwb01','아이와비','123456789',NULL,'라텍스트리','0319899150','iwb@iwb.com','경기 김포시 대곶면 석정리 255-2 (석정리) 라텍스트리',1,'2020-05-01 00:00:00','2020-05-03 00:00:00',NULL),('ladyf1','레이디가구','123456789',NULL,'레이디가구','02-6953-5040','ladyf1@ladyf.com','서울 서초구 고무래로 6-6 (반포동) 선경빌딩 301호',1,'2020-06-01 00:00:00','2020-06-03 00:00:00',NULL),('lisent','리센트','123456789',NULL,'리센트매니저','0233333333','lisent@gmail.com','서울시 강남구 도봉로 리센트 ',1,'2020-06-16 02:01:04','2020-06-16 02:01:04',NULL),('lissem','리셈','123456789',NULL,'리셈매니저','0233333333','lissem@gmail.com','서울시 강남구 리셈',1,'2020-06-16 02:05:15','2020-06-16 02:05:15',NULL),('livart','리바트','123456789',NULL,'리바트매니저','0233333333','livart@gmail.com','서울시 강남구 리바트',1,'2020-06-16 02:06:01','2020-06-16 02:06:01',NULL),('marenco1','마레앤코','123456789',NULL,'마레앤코','02-564-9242','marenco1@marenco.com','서울 강남구 테헤란로70길 28 (대치동) K2타워 3층',1,'2015-05-01 00:00:00','2015-05-01 00:00:00',NULL),('marketb','마켓비','123456789',NULL,'마켓비','070-4263-6491','marketb@marketb.com','경기 광주시 초월읍 경충대로963번길 11-75 (산이리) 폴리몰리',1,'2020-04-01 00:00:00','2020-04-03 00:00:00',NULL),('mdtop1','모던탑21','123456789',NULL,'모던탑21','031-541-0935','mdtop1@modern.com','경기 포천시 가산면 감암3길 47 (감암리) 모던탑21',1,'2015-05-01 00:00:00','2015-05-02 00:00:00',NULL),('mfmagic','엠에프매직','123456789',NULL,'엠에프','010-7712-9951','mfmagic@ma.gic','서울 용산구 장문로 53',1,'2018-04-05 00:00:00','2018-04-06 00:00:00',NULL),('mooas','무아스','123456789',NULL,'무아스','031-757-3309','mooas@mooas.com','서울특별시 송파구 송파대로 201 A동',1,'2013-05-01 00:00:00','2013-05-04 00:00:00',NULL),('naturelib12','네이쳐리빙','123456789',NULL,'네이쳐리빙','031-381-8982','nature1@natureliving.com','(18525) 경기 화성시 팔탄면 주석로778번길 18 (기천리) 네이쳐리빙',1,'2019-06-20 00:00:00','2019-06-21 00:00:00',NULL),('oa','오아','123456789',NULL,'오아','1661-4555','oa@oa.com','서울특별시 서초구 서리풀길 3 (서초동) HS빌딩',1,'2018-05-09 00:00:00','2018-05-13 00:00:00',NULL),('oholive','오홀리브','123456789',NULL,'오홀리브','1644-0560','oholive@oholive.com','서울특별시 강남구 선릉로93길 35 나라키움 역삼B빌딩 4층 29CM',1,'2017-03-01 00:00:00','2017-03-04 00:00:00',NULL),('philips','필립스','123456789',NULL,'필립스','080-600-6600','philips@philips.com','서울시 중구 소월로2길 30(남대문로 5가)',1,'2012-05-01 00:00:00','2012-05-04 00:00:00',NULL),('plobaum11','플로바움','123456789',NULL,'플로바움','031-339-7540','plobaum11@plobaum.com','경기 용인시 처인구 백옥대로 1292 (유방동) 대성물류 2층 202호',1,'2020-06-01 00:00:00','2020-06-03 00:00:00',NULL),('polimoly01','폴리몰리','123456789',NULL,'폴리몰리','1688-5589','polimoly@polimoly.com','경기 광주시 초월읍 경충대로963번길 11-75 (산이리) 폴리몰리',1,'2020-05-01 00:00:00','2020-05-03 00:00:00',NULL),('raymoon','레이문','123456789',NULL,'레이문','1668-3651','raymoon@raymoon.com','서울특별시 마포구 동교로 19길 12',1,'2013-05-01 00:00:00','2020-06-16 01:28:40',NULL),('revense','리벤스','123456789',NULL,'리벤스','031-440-8764','revense@revense.com','경기도 안양시 동안구 비산동 시민대로 161(안양무역센터 915~919호)',1,'2019-08-01 00:00:00','2019-08-02 00:00:00',NULL),('roomandhome1','룸앤홈','123456789',NULL,'룸앤홈','1588-5806','roomandhome1@roomandhome.com','(17338) 경기 이천시 대월면 사동리 303-1 (사동리) 데이지',1,'2019-07-20 00:00:00','2019-07-21 00:00:00',NULL),('sangdof1','상도가구','123456789',NULL,'상도가구','070-7011-6071','sangdof1@sangdo.com','경기 김포시 통진읍 가현리 726-2 (가현리) (주)상도가구',1,'2015-05-01 00:00:00','2015-05-02 00:00:00',NULL),('sangil111','상일리베가구','123456789',NULL,'상일리베가구','070-4077-5050','sangil111@sangil.com','서울 서초구 고무래로 6-6 (반포동) 선경빌딩 301호',1,'2015-05-01 00:00:00','2015-05-02 00:00:00',NULL),('selesta','셀레스타','123456789',NULL,'셀레스타매니저','0233333333','selesta@gmail.com','서울시 강남구 셀레스타',1,'2020-06-16 02:04:41','2020-06-16 02:04:41',NULL),('shabas','샤바스','123456789',NULL,'샤바','010-1625-4551','sha@hou.se','서울 서초구 남부순환로 2543',1,'2018-07-15 00:00:00','2018-07-15 00:00:00',NULL),('snailLiving','달팽이리빙','123456789',NULL,'달팽이','010-1123-6212','snail@Lr.com','강원도 춘천시 퇴계로 89 강원전문건설회관',1,'2015-06-03 00:00:00','2015-06-03 00:00:00',NULL),('spiano','스피아노','123456789',NULL,'스피아노','070-4263-6491','spiano@spiano.com','경기 광주시 초월읍 경충대로963번길 11-75 (산이리) 폴리몰리',1,'2019-05-01 00:00:00','2019-05-04 00:00:00',NULL),('sr100','SR100','123456789',NULL,'에스알','010-2234-0650','sr100@naver.com','서울 강남구 봉은사로 130',1,'2017-05-06 00:00:00','2017-05-09 00:00:00',NULL),('ssd','스스디','123456789',NULL,'스스디','1670-2524','ssdmng@ssd.com','(17022)경기 용인시 처인구 포곡읍 양지촌로 4-38 (신원리) 에어론 (주)스스디',1,'2018-06-20 00:00:00','2018-06-21 00:00:00',NULL),('thehaki','더하기','123456789',NULL,'더하기','1544-3195','thehaki@thehaki.com','경기도 광주시 이배재로 402 (목현동)',1,'2019-05-01 00:00:00','2019-05-04 00:00:00',NULL),('twoplace','투플레이스','123456789',NULL,'투플레이스','1688-5589','twoplace@twoplace.com','경기 광주시 초월읍 경충대로963번길 11-75 (산이리) 폴리몰리',1,'2018-05-01 00:00:00','2018-05-03 00:00:00',NULL),('westfrom','웨스트프롬','123456789',NULL,'웨스트프롬매니저','0233333333','westfrom@gmail.com','(10881) 경기 파주시 산남동 394 (산남동) 2층 웨스트프롬',1,'2020-06-16 02:02:16','2020-06-16 02:02:16',NULL),('wizhome12','위즈홈','123456789',NULL,'위즈홈','1644-8183','wizhome@wizhome.com','(11167) 경기 포천시 가산면 정금로473번길 67-58 (금현리) (주)가우아이앤씨',1,'2019-06-20 00:00:00','2019-06-21 00:00:00',NULL);
/*!40000 ALTER TABLE `seller` ENABLE KEYS */;
UNLOCK TABLES;

--
-- Table structure for table `style`
--

DROP TABLE IF EXISTS `style`;
/*!40101 SET @saved_cs_client     = @@character_set_client */;
/*!50503 SET character_set_client = utf8mb4 */;
CREATE TABLE `style` (
  `styleCode` varchar(10) CHARACTER SET utf8 COLLATE utf8_bin NOT NULL COMMENT '스타일코드',
  `styleType` varchar(20) CHARACTER SET utf8 COLLATE utf8_bin NOT NULL COMMENT '스타일',
  PRIMARY KEY (`styleCode`)
) ENGINE=InnoDB DEFAULT CHARSET=utf8 COLLATE=utf8_bin COMMENT='스타일코드';
/*!40101 SET character_set_client = @saved_cs_client */;

--
-- Dumping data for table `style`
--

LOCK TABLES `style` WRITE;
/*!40000 ALTER TABLE `style` DISABLE KEYS */;
INSERT INTO `style` VALUES ('s1','모던'),('s2','북유럽'),('s3','빈티지'),('s4','내추럴'),('s5','프로방스&로맨틱'),('s6','클래식&앤틱'),('s7','한국&아시아'),('s8','유니크');
/*!40000 ALTER TABLE `style` ENABLE KEYS */;
UNLOCK TABLES;

--
-- Final view structure for view `dailysalestats`
--

/*!50001 DROP VIEW IF EXISTS `dailysalestats`*/;
/*!50001 SET @saved_cs_client          = @@character_set_client */;
/*!50001 SET @saved_cs_results         = @@character_set_results */;
/*!50001 SET @saved_col_connection     = @@collation_connection */;
/*!50001 SET character_set_client      = utf8mb4 */;
/*!50001 SET character_set_results     = utf8mb4 */;
/*!50001 SET collation_connection      = utf8mb4_0900_ai_ci */;
/*!50001 CREATE ALGORITHM=UNDEFINED */
/*!50013 DEFINER=`root`@`localhost` SQL SECURITY DEFINER */
/*!50001 VIEW `dailysalestats` AS select `p`.`sellerName` AS `sellerName`,`p`.`productName` AS `productName`,`o`.`memberId` AS `memberId`,`o`.`colorName` AS `colorName`,`o`.`orderQty` AS `orderQty`,`o`.`totalPrice` AS `totalPrice`,`o`.`orderDate` AS `orderDate`,extract(year from `o`.`orderDate`) AS `year`,extract(month from `o`.`orderDate`) AS `month`,extract(day from `o`.`orderDate`) AS `day` from (`product` `p` join `orderlist` `o`) where (`o`.`productNo` = `p`.`productNo`) */;
/*!50001 SET character_set_client      = @saved_cs_client */;
/*!50001 SET character_set_results     = @saved_cs_results */;
/*!50001 SET collation_connection      = @saved_col_connection */;

--
-- Final view structure for view `orderlistpro`
--

/*!50001 DROP VIEW IF EXISTS `orderlistpro`*/;
/*!50001 SET @saved_cs_client          = @@character_set_client */;
/*!50001 SET @saved_cs_results         = @@character_set_results */;
/*!50001 SET @saved_col_connection     = @@collation_connection */;
/*!50001 SET character_set_client      = utf8mb4 */;
/*!50001 SET character_set_results     = utf8mb4 */;
/*!50001 SET collation_connection      = utf8mb4_0900_ai_ci */;
/*!50001 CREATE ALGORITHM=UNDEFINED */
/*!50013 DEFINER=`root`@`localhost` SQL SECURITY DEFINER */
/*!50001 VIEW `orderlistpro` AS select `ord`.`orderNo` AS `orderNo`,`pro`.`productNo` AS `productNo`,`pro`.`productName` AS `productName`,`sel`.`sellerId` AS `sellerId`,`sel`.`sellerName` AS `sellerName`,`ord`.`memberId` AS `memberId`,`ord`.`colorName` AS `colorName`,`ord`.`orderQty` AS `orderQty`,`ord`.`totalPrice` AS `totalPrice`,`ord`.`usedPoint` AS `usedPoint`,`ord`.`recipient` AS `recipient`,`ord`.`orderAddr` AS `orderAddr`,`ord`.`orderDate` AS `orderDate`,`pay`.`payCode` AS `payCode`,`pay`.`payType` AS `payType`,`orstat`.`orderCode` AS `orderCode`,`orstat`.`orderType` AS `orderType` from ((((`orderlist` `ord` left join `product` `pro` on((`pro`.`productNo` = `ord`.`productNo`))) left join `seller` `sel` on((`pro`.`sellerName` = `sel`.`sellerName`))) left join `orderstatus` `orstat` on((`ord`.`orderCode` = `orstat`.`orderCode`))) left join `payment` `pay` on((`ord`.`payCode` = `pay`.`payCode`))) */;
/*!50001 SET character_set_client      = @saved_cs_client */;
/*!50001 SET character_set_results     = @saved_cs_results */;
/*!50001 SET collation_connection      = @saved_col_connection */;

--
-- Final view structure for view `photodetail`
--

/*!50001 DROP VIEW IF EXISTS `photodetail`*/;
/*!50001 SET @saved_cs_client          = @@character_set_client */;
/*!50001 SET @saved_cs_results         = @@character_set_results */;
/*!50001 SET @saved_col_connection     = @@collation_connection */;
/*!50001 SET character_set_client      = utf8mb4 */;
/*!50001 SET character_set_results     = utf8mb4 */;
/*!50001 SET collation_connection      = utf8mb4_0900_ai_ci */;
/*!50001 CREATE ALGORITHM=UNDEFINED */
/*!50013 DEFINER=`root`@`localhost` SQL SECURITY DEFINER */
/*!50001 VIEW `photodetail` AS select `p`.`photoBoardNo` AS `photoBoardNo`,`p`.`memberId` AS `memberId`,`p`.`photoContent` AS `photoContent`,`p`.`likeCount` AS `likeCount`,`p`.`scrapCount` AS `scrapCount`,`p`.`photoimg1` AS `photoImg1`,`p`.`photoImg2` AS `photoImg2`,`p`.`photoImg3` AS `photoImg3`,`p`.`photoImg4` AS `photoImg4`,`p`.`photoImg5` AS `photoImg5`,`a`.`areaType` AS `areaType`,`h`.`houseType` AS `houseType`,`s`.`styleType` AS `styleType`,`l`.`placeType` AS `placeType`,`m`.`memberImg` AS `memberImg` from (((((`photoboard` `p` join `area` `a` on((`p`.`areaCode` = `a`.`areaCode`))) join `house` `h` on((`p`.`houseCode` = `h`.`houseCode`))) join `style` `s` on((`p`.`styleCode` = `s`.`styleCode`))) join `place` `l` on((`p`.`placeCode` = `l`.`placeCode`))) join `member` `m` on((`p`.`memberId` = `m`.`memberId`))) */;
/*!50001 SET character_set_client      = @saved_cs_client */;
/*!50001 SET character_set_results     = @saved_cs_results */;
/*!50001 SET collation_connection      = @saved_col_connection */;

--
-- Final view structure for view `producttotalqty`
--

/*!50001 DROP VIEW IF EXISTS `producttotalqty`*/;
/*!50001 SET @saved_cs_client          = @@character_set_client */;
/*!50001 SET @saved_cs_results         = @@character_set_results */;
/*!50001 SET @saved_col_connection     = @@collation_connection */;
/*!50001 SET character_set_client      = utf8mb4 */;
/*!50001 SET character_set_results     = utf8mb4 */;
/*!50001 SET collation_connection      = utf8mb4_0900_ai_ci */;
/*!50001 CREATE ALGORITHM=UNDEFINED */
/*!50013 DEFINER=`root`@`localhost` SQL SECURITY DEFINER */
/*!50001 VIEW `producttotalqty` AS select `p`.`productNo` AS `productNo`,`p`.`productName` AS `productName`,`p`.`sellerName` AS `sellerName`,`p`.`customerPrice` AS `customerPrice`,`p`.`productMainImg` AS `productMainImg`,`p`.`productCreateDate` AS `productCreateDate`,sum(`o`.`productSellingQty`) AS `totalQty` from (`product` `p` join `productoption` `o` on((`p`.`productNo` = `o`.`productNo`))) group by `p`.`productNo` order by `totalQty` desc */;
/*!50001 SET character_set_client      = @saved_cs_client */;
/*!50001 SET character_set_results     = @saved_cs_results */;
/*!50001 SET collation_connection      = @saved_col_connection */;
/*!40103 SET TIME_ZONE=@OLD_TIME_ZONE */;

/*!40101 SET SQL_MODE=@OLD_SQL_MODE */;
/*!40014 SET FOREIGN_KEY_CHECKS=@OLD_FOREIGN_KEY_CHECKS */;
/*!40014 SET UNIQUE_CHECKS=@OLD_UNIQUE_CHECKS */;
/*!40101 SET CHARACTER_SET_CLIENT=@OLD_CHARACTER_SET_CLIENT */;
/*!40101 SET CHARACTER_SET_RESULTS=@OLD_CHARACTER_SET_RESULTS */;
/*!40101 SET COLLATION_CONNECTION=@OLD_COLLATION_CONNECTION */;
/*!40111 SET SQL_NOTES=@OLD_SQL_NOTES */;

-- Dump completed on 2020-07-06 15:02:03
