<?xml version="1.0" encoding="UTF-8" ?>
<!DOCTYPE mapper PUBLIC "-//mybatis.org//DTDEMapper3.0//EN"
   "http://mybatis.org/dtd/mybatis-3-mapper.dtd">

<mapper namespace="com.bit.model.dao.NoticeDAO">


	<sql id="noticeCriteria">
		<trim prefix="(" suffix=") AND " prefixOverrides="OR">
			<foreach item='type' collection="typeArr">
				<trim prefix="OR">
					<choose>
						<when test="type == 'NOTICETITLE'.toString()">
							NOTICETITLE like '%'||#{keyword}||'%'
						</when>
						<when test="type == 'NOTICECONTENT'.toString()">
							NOTICECONTENT like '%'||#{keyword}||'%'
						</when>
						<when test="type == 'ADMINID'.toString()">
							ADMINID like '%'||#{keyword}||'%'
						</when>
					</choose>
				</trim>
			</foreach>
		</trim>
	</sql>


	<select id="getAllNoticeInfo"
		resultType="com.bit.model.vo.NoticeVO">     
	<![CDATA[select * from notice where noticeNo>0]]>
	</select>

	<insert id="insert">
		insert into
		notice(NOTICEDATE,NOTICECONTENT,NOTICENO,NOTICETITLE,ADMINCODE)
		values
		(#{NOTICEDATE},#{NOTICECONTENT},seq_notice.nextval,#{NOTICETITLE},#{ADMINCODE})
	</insert>

	<select id="read" resultType="com.bit.model.vo.NoticeVO">
		select * from
		(select
		notice.NOTICENO,notice.NOTICETITLE,notice.NOTICEDATE,admin_info.adminId
		from notice
		inner join admin_info
		on
		admin_info.admincode=notice.admincode)
		where
		noticeNo=#{noticeNo}
	</select>

	<delete id="delete">
		delete from notice where noticeNo=#{noticeNo}
	</delete>

	<update id="update">
		update notice
		set
		NOTICETITLE=#{NOTICETITLE},
		NOTICECONTENT=#{NOTICECONTENT},
		NOTICEDATE = SYSDATE
		where
		noticeNo=#{noticeNo}
	</update>


	<resultMap id="getListwithPaging"
		type="com.bit.model.vo.NoticeVO">
		<id property="noticeNo" column="noticeno" />
		<result property="noticeTitle" column="noticetitle" />
		<result property="noticeDate" column="noticedate" />
		<result property="noticeContent" column="noticecontent" />
		<result property="adminCode" column="admincode" />
		<association property="adminInfoVO"
			javaType="com.bit.model.vo.AdminInfoVO">
			<result property="adminCode" column="admincode" />
			<result property="adminId" column="adminid" />
		</association>
	</resultMap>

	<select id="getListwithPaging"
		parameterType="com.bit.model.dto.NoticeCriteriaDTO"
		resultMap="getListwithPaging">
		select *
		FROM
		(select
		rn
		,noticeDate
		,noticeContent
		,noticeNo
		,noticeTitle
		,adminId
		FROM
		(select
		rownum rn
		,notice.noticeNo
		,notice.noticeTitle
		,notice.noticeContent
		,notice.noticeDate
		,admin_info.adminId
		from notice
		inner join admin_info
		on admin_info.adminCode=notice.admincode
		<trim prefix="AND">
			<foreach item='type' collection="typeArr">
				<trim prefix="OR">
					<choose>
						<when test="type == 'NOTICETITLE'.toString()">
							noticeTitle like '%'||#{keyword}||'%'
						</when>
						<when test="type == 'NOTICECONTENT'.toString()">
							noticeContent like '%'||#{keyword}||'%'
						</when>
						<when test="type == 'ADMINID'.toString()">
							adminId like '%'||#{keyword}||'%'
						</when>
					</choose>
				</trim>
			</foreach>
		</trim>
		order by notice.noticeNo)
		  <![CDATA[    
     where rownum <= #{pageNo} * #{noticeAmount})
     where rn > (#{pageNo} -1) * #{noticeAmount}
  ]]>
   </select>

   <!-- <select id="getListwithPaging" resultMap="getListwithPaging"> <![CDATA[ 
      select noticeDate ,noticeContent ,noticeNo ,noticeTitle ,adminId FROM (select 
      /*+INDEX_ASC(notice noticeNo) */ rownum rn ,noticeDate ,noticeContent ,noticeNo 
      ,noticeTitle ,adminId FROM (select notice.noticeNo ,notice.noticeTitle ,notice.noticeContent 
      ,notice.noticeDate ,admin_info.adminId from notice inner join admin_info 
      on admin_info.adminCode=notice.admincode) )WHERE ]]> <trim prefix="(" suffix=") 
      AND " prefixOverrides="OR"> <foreach item='type' collection="typeArr"> <trim 
      prefix="OR"> <choose> <when test="type == 'NOTICETITLE'.toString()"> noticeTitle 
      like '%'||#{keyword}||'%' </when> <when test="type == 'NOTICECONTENT'.toString()"> 
      noticeContent like '%'||#{keyword}||'%' </when> <when test="type == 'ADMINID'.toString()"> 
      adminId like '%'||#{keyword}||'%' </when> </choose> </trim> </foreach> </trim> 
      <![CDATA[ rownum <= #{pageNo} * #{noticeAmount}) where rn > (#{pageNo} -1) 
      * #{noticeAmount} ]]> </select> -->

   <select id="getTotalNoticeCount" parameterType="com.bit.model.dto.NoticePagingDTO" resultType="int">
      <![CDATA[
      select
       count(noticeNo)
      from notice
      ]]>
   </select>
   <!-- <select id="getTotalNoticeCount" resultType="int"> select count(*) 
      from (select notice.noticeNo,notice.noticeTitle,notice.noticeContent,notice.noticeDate,admin_info.adminId 
      from notice inner join admin_info on admin_info.adminCode=notice.admincode) 
      ) where <include refid="noticeCriteria"></include> noticeNo > 0 </select> -->
</mapper>





