<?xml version="1.0" encoding="UTF-8"?>
<!DOCTYPE mapper PUBLIC "-//mybatis.org//DTDEMapper3.0//EN"
	"http://mybatis.org/dtd/mybatis-3-mapper.dtd">

<mapper namespace="com.bit.model.dao.OrgDAO">
	 <!-- 조직생성 insert에 사용 : 대시보드 + 그룹인포 + 멤버DTO  -->
	 <resultMap id="dashBoardResultMap" type="com.bit.model.vo.DashBoardVO" >
	 	<result property="dashBoardCode" column="dashBoardCode" />
		<result property="dashBoardImage" column="dashBoardImage"/>
		<result property="dashBoardName" column="dashBoardName"/>
	 	<result property="dashBoardType" column="dashBoardType"/>
	 	<result property="dashBoardUrl" column="dashBoardUrl"/>
	 	<result property="status" column="status"/>
	 	<association property="groupInfo" javaType="com.bit.model.vo.GroupVO">
	 		<id property="groupCode" column="groupCode"/>
	 		<result property="groupName" column="groupName"/>
	 		<result property="groupOrder" column="groupOrder"/>
	 	</association>
	 	<association property="team" javaType="com.bit.model.vo.TeamVO">
	 		<id property="teamCode" column="teamCode"/>
	 		<result property="teamName" column="teamName"/>
	 		<association property="memPermit" javaType="com.bit.model.vo.MemPermitVO">
	 			<id property="userNo" column="userNo"/>
	 			<result property="permissionNo" column="permissionNo"/>
	 			<association property="userInfo" javaType="com.bit.model.vo.UserInfoVO">
	 				<id property="userNo" column="userNo"/>
	 			</association>
	 		</association>
	 	</association>
	 </resultMap>
	
	<!-- 개인 조직 주소 찾기 -->
	<select id="getPersonalOrgUrl" resultType="String" parameterType="int">
		SELECT D.DASHBOARDURL
		FROM DASHBOARD D 
        	JOIN TEAM T ON (D.DASHBOARDCODE = T.DASHBOARDCODE)
			JOIN MEMPERMIT M ON (T.TEAMCODE = M.TEAMCODE)
        	JOIN USER_INFO U ON (M.USERNO = U.USERNO)
    	WHERE U.USERNO = #{userNo}
    		AND D.STATUS = 1
    		AND D.DASHBOARDTYPE = 'personal'
	</select>
	
	 
	<!-- 가입 조직 리스트 불러오기 -->
	<select id="getAllOrgList" resultMap="dashBoardResultMap" parameterType="int">
		SELECT DISTINCT D.DASHBOARDCODE, 
			   D.DASHBOARDIMAGE, 
			   D.DASHBOARDNAME, 
			   D.DASHBOARDTYPE, 
			   D.DASHBOARDURL
		FROM DASHBOARD D 
        	JOIN TEAM T ON (D.DASHBOARDCODE = T.DASHBOARDCODE)
			JOIN MEMPERMIT M ON (T.TEAMCODE = M.TEAMCODE)
        	JOIN USER_INFO U ON (M.USERNO = U.USERNO)
    	WHERE U.USERNO = #{userNo}
    		AND D.STATUS = 1
    		<!-- AND D.DASHBOARDTYPE != 'personal' -->
    	ORDER BY DASHBOARDCODE
	</select>
	
	<!-- 조직정보 -->
	<select id="getOrgInfo"  resultType="com.bit.model.vo.DashBoardVO">
		SELECT DASHBOARDCODE, 
			   DASHBOARDIMAGE, 
			   DASHBOARDNAME, 
			   DASHBOARDTYPE, 
			   DASHBOARDURL
			FROM DASHBOARD
		WHERE DASHBOARDURL = #{DASHBOARDURL, jdbcType=VARCHAR}
	</select>
	
	<!-- 조직 삭제 -->
	<update id="deleteOrg" >
		UPDATE DASHBOARD
 			SET STATUS = 0
 		WHERE DASHBOARDURL = #{DASHBOARDURL, jdbcType=VARCHAR}
	</update>
	
	<!-- 조직 생성 -->
	<select id="orgUrlCheck" parameterType="String" resultType="int">
		SELECT COUNT(*)
		FROM DASHBOARD
		WHERE DASHBOARDNAME = #{DASHBOARDNAME}
	</select>
	
	<insert id="createOrg" >
		INSERT ALL
			INTO DASHBOARD 
			VALUES('da'||LPAD(DASHBOARD_SEQ.NEXTVAL, 2, 0),'orgdefault.png', #{dashBoardName}, 'private', #{dashBoardUrl}, 1)
			INTO GROUPINFO 
			VALUES('gr'||LPAD(GROUPINFO_SEQ.NEXTVAL, 2, 0), 'da'||LPAD(DASHBOARD_SEQ.CURRVAL, 2, 0), 'default', 1)
			INTO TEAM 
			VALUES('te'||LPAD(TEAM_SEQ.NEXTVAL, 2, 0), 'da'||LPAD(DASHBOARD_SEQ.CURRVAL, 2, 0), 'All Members')
			INTO MEMPERMIT 
			VALUES('te'||LPAD(TEAM_SEQ.CURRVAL, 2, 0), #{userNo}, 1)
		SELECT * 
		FROM DUAL
	</insert>
	
	<insert id="createPersonalOrg">
		INSERT ALL
			INTO DASHBOARD 
			VALUES('da'||LPAD(DASHBOARD_SEQ.NEXTVAL, 2, 0),'orgdefault.png', #{dashBoardName}, 'personal', #{dashBoardUrl}, 1)
			INTO GROUPINFO 
			VALUES('gr'||LPAD(GROUPINFO_SEQ.NEXTVAL, 2, 0), 'da'||LPAD(DASHBOARD_SEQ.CURRVAL, 2, 0), 'default', 1)
			INTO TEAM 
			VALUES('te'||LPAD(TEAM_SEQ.NEXTVAL, 2, 0), 'da'||LPAD(DASHBOARD_SEQ.CURRVAL, 2, 0), 'All Members')
			INTO MEMPERMIT 
			VALUES('te'||LPAD(TEAM_SEQ.CURRVAL, 2, 0), #{userNo}, 1)
		SELECT * 
		FROM DUAL
	</insert>
	
	<update id="orgNameModify">
		UPDATE
			FROM
		WHERE
	</update>
	<!-- 
	<update id="orgLogoModify">
		UPDATE
			FROM
		WHERE
	</update>
	 -->
</mapper>