<?xml version="1.0" encoding="UTF-8"?>
<!DOCTYPE mapper PUBLIC "-//mybatis.org//DTDEMapper3.0//EN"
	"http://mybatis.org/dtd/mybatis-3-mapper.dtd">

<mapper namespace="com.bit.model.dao.PageDAO">

<!-- <resultMap type="com.bit.model.vo.PageVO" id="pageMap">
	<result property="pageNo" column="pageNo" />
	<result property="pageGroupCode" column="pageGroupCode" />
	<result property="pageTypeCode" column="pageTypeCode" />
	<result property="pageTitle" column="pageTitle" />
	<result property="pageDescription" column="pageDescription" />
	<result property="pageSavetime" column="pageSavetime" />
	<result property="pageContent" column="pageContent" />
	<result property="pageOrder" column="pageOrder" />
	<result property="pageGroupNo" column="pageGroupNo" />
</resultMap> -->

	<select id="getPageList" resultType="com.bit.model.vo.PageVO">
		SELECT
		    PAGENO,
		    PAGETITLE,
		    PAGECONTENT,
		    PAGESAVETIME
		FROM PAGE
		ORDER BY PAGENO DESC
	</select>
	
		<!-- view에서 저장시킬 데이터를 DB에 최초로 저장 시켜주는 것 -->
	<update id="pageSave" parameterType="com.bit.model.vo.PageVO">
	INSERT INTO 
		page(PAGENO, PAGEGROUPCODE, PAGETYPECODE,
			PAGETITLE, PAGESAVETIME,PAGECONTENT)
		values
		(PAGE_SEQ.NEXTVAL, 'pg01', 'page',#{pageTitle},
		sysdate, #{pageContent}) 
	</update>
	
	<select id="getPageDetail" resultType="com.bit.model.vo.PageVO">
		SELECT *
		FROM (
			SELECT
			    PAGENO,
			    LAG(PAGENO) OVER (ORDER BY PAGENO DESC) PREV,
	    		LEAD(PAGENO) OVER (ORDER BY PAGENO DESC) NEXT,
			    PAGETITLE,
			    PAGECONTENT,
			    PAGESAVETIME
			FROM PAGE
		)
		WHERE 1=1
		AND PAGENO = #{pageNo}
	</select>
	
	<!-- <selete id="date" resultType="com.bit.model.vo.PageVo">
	SELETE *
		(SYSDATE, 'YYYYMMDD HH24:MI:SS')  
	FROM 
		PAGE
	</selete>  -->

	<!-- <selete id="date" resultType="com.bit.model.vo.PageVo">
	SELETE TO_CHAR
		(SYSDATE, 'YYYYMMDD HH24:MI:SS'), 
		   TO_CHAR
		(SYSDATE -1/24/60, 'YYYYMMDD HH24:MI:SS') 
	FROM 
		PAGE
	</selete> -->

	<delete id="deletePage" parameterType="int">
		DELETE FROM PAGE WHERE PAGENO=#{pageNo}
	</delete> 
</mapper>