<?xml version="1.0" encoding="UTF-8"?>
<!DOCTYPE mapper PUBLIC "-//mybatis.org//DTDEMapper3.0//EN"
	"http://mybatis.org/dtd/mybatis-3-mapper.dtd">

<mapper namespace="com.bit.model.dao.SpaceDAO">

	<!-- <resultMap type="com.bit.model.vo.PageGroupVO"
		id="pageGroup_resultmap">
		<id property="pageGroupCode" column="pageGroupCode" />
		<collection property="com.bit.model.vo.EditsGroupVO"
			ofType="editsGroup" column="draftCode" javaType="List"
			select="getPageGroupList">
		</collection>
		<collection property="com.bit.model.vo.PageVO"
			ofType="page" column="pageNo" javaType="List" select="getPageList">
		</collection>
	</resultMap>
	<resultMap type="com.bit.model.vo.PageVO" id="page_resultmap">
		<id property="pageNo" column="pageNo" />
		<collection property="com.bit.model.vo.EditsVO"
			ofType="edits" column="editsNo" javaType="List" select="getEditsList">
		</collection>
	</resultMap>
	<resultMap type="com.bit.model.vo.EditsVO"
		id="edits_resultmap">
		<id property="editsNo" column="editsNo" />
		<collection property="com.bit.model.vo.EidtsComment"
			ofType="editsComment" column="commentNo" javaType="List"
			select="getEditsCommentList"></collection>
	</resultMap> -->

	<!-- sidenavDrawer의 사용자 이름, 스페이스 이름 출력 -->
	<select id="getSpaceUserInfo" resultType="spaceUserInfo">
		select name, spaceName,
		spaceCode, userNo from
		spaceUserInfo where
		userNo=1 and spaceCode='sp11'
	</select>


	<!-- <resultMap type="draftList" id="draftList_resultmap">
		<id property="draftCode" column="draftCode" />
		<result property="draftSavetime" column="draftSavetime" />
		<result property="draftStatus" column="draftStatus" />
		<result property="msgNo" column="msgNo" />
		<result property="msgContent" column="msgContent" />
		<result property="editsCount" column="editsCount" />
		<result property="userNo" column="userNo" />
		<result property="name" column="name" />
		<result property="userImage" column="userImage" />
	</resultMap> -->

	<!-- draftList불러오기(only saved) -->
	<select id="getDraftList" resultType="draftList">
		select DRAFTCODE,
		DRAFTSAVETIME, DRAFTSTATUS, MSGCONTENT, EDITSCOUNT,
		NAME, USERIMAGE
		from draftlist
		where spaceCode='sp11' and userNo=1 and
		draftStatus='saved' and
		msgno=(select max(msgno) from draftlist)
	</select>


	<!-- 병합리스트 불러오기(merged) -->
	<!-- <select id="getMergedList" resultType="draftList"> select DRAFTCODE, 
		DRAFTSAVETIME, DRAFTSTATUS, MSGNO, MSGCONTENT, EDITSCOUNT, USERNO, NAME, 
		USERIMAGE from draftlist where spaceCode='sp11' and userNo=1 and draftStatus='merged' 
		and msgno=(select max(msgno) from draftlist) </select> -->

	<!-- 아카이빙리스트 불러오기(archived) -->
	<!-- <select id="getArchivedList" resultType="draftList"> select DRAFTCODE, 
		DRAFTSAVETIME, DRAFTSTATUS, MSGNO, MSGCONTENT, EDITSCOUNT, USERNO, NAME, 
		USERIMAGE from draftlist where spaceCode='sp11' and userNo=1 and draftStatus='archived' 
		and msgno=(select max(msgno) from draftlist) </select> -->

	<!-- 드래프트 카드 생성 -->
	<!-- <insert id="insertDraft"> INSERT INTO draft VALUES(draft_seq.nextval, 
		#{lectureCode},#{content}, (SELECT NVL( MAX(board_group_order)+1 , 1 ) FROM 
		draft WHERE lecture_code = #{lectureCode} ) ) </insert> -->

</mapper>